,year_month,FarmName,buffers_ph,byproducts,compound_feed_calf_replacements,electrolytes,energy_source,fat_oils,feed_additives_probiotics,forage_bulk,medications,metabolic_support,minerals_vitamins,preventive_supplements,protein_source,wet_ingredients_water,dist_to_center_euclid,dist_to_center_manhattan,pca1,pca2,pca_drift,cluster_kmeans,cluster_hdbscan,cluster_dbscan
0,2022-01,ЖК Добрино,0.008009858287122612,0.0,2.470060092534937,0.0,3.121012862139952,0.09960728879439221,0.8377175297929595,20.661439170598154,0.0,0.0,0.03445075735423124,0.1397669208407531,2.8393047695116387,3.132076989504451,19.68196378647044,48.79886919777789,1.8190200247606452,0.12011086817775547,,8,-1,-1
1,2022-01,ЖК Коршево,0.0,0.0,2.8571106645873323,0.0,3.508719700771595,0.12097519026925112,0.0,17.38880229898454,0.0,0.0,0.04175961045617632,0.13571553049718094,3.622690858925144,10.007422549784069,17.00051462143259,45.80068700924765,-0.4597232236527835,0.35175044907088626,,2,11,-1
2,2022-02,ЖК Бодеевка,0.029581061350972854,0.023642408570373107,2.649041905691166,0.0,3.6341508229761508,0.08724677722252284,1.1439466233390174,17.332554497354497,0.0,0.0,0.15996554349895298,0.15251572429525828,2.947766107649476,5.156975938669007,15.590921390557822,45.538053905355454,3.28046882702534,0.23550098941164546,,8,-1,-1
3,2022-02,ЖК Добрино,0.037672195670508855,0.0,2.5350236617794195,0.0,3.010236842626327,0.10711755432355029,0.8416400539151151,20.56593736909029,0.0,0.0,0.06641992882562278,0.153587152487712,3.0189555899312275,3.151257864178486,20.237687331543313,51.67979062440362,2.167044637146174,0.1865105971086394,0.35430220833095627,8,-1,-1
4,2022-02,ЖК Коршево,0.0,0.0,2.8199248573698275,0.0,3.29631990061413,0.14639732067786476,0.0,19.73415868268709,0.0,0.0,0.037294857462269425,0.12120765790944661,3.5158518180833394,7.839707280453259,17.022396621446813,45.65298980606473,-0.3897539872488706,0.22886969408375366,0.14140499987325186,2,11,-1
5,2022-03,ЖК Бобров,0.0,0.0,2.6219373702828648,0.0,3.902021055024519,0.11854485614646905,0.0,23.59568946815766,0.0,0.0,0.06591367604267702,0.17414736874825154,3.159801725537742,5.873373103522634,17.068238897323344,45.99579038309057,0.00460988078256021,0.2121647612720828,,1,11,-1
6,2022-03,ЖК Бобров 2,0.0,0.0,2.8407057516127283,0.0,4.84385231522903,0.10791611626409786,0.0,21.15794865365957,0.0,0.0,0.06016066884769175,0.132424816792945,2.5295326011880093,8.124951156031754,17.020591564507576,45.898759006232325,-0.36443037723627797,-0.0012671323657952455,,2,11,-1
7,2022-03,ЖК Бодеевка,0.02505739413819848,0.04110497237569061,2.409495328649987,0.0,3.8179389625310254,0.06523276804863153,1.0775288611012628,17.443984730564527,0.0,0.0,0.14399455829002844,0.13766475724429092,2.6568430913604697,2.584542022792023,15.314228873652647,44.868796113666505,2.8246258910706556,0.07783088078056458,0.48234079800025564,8,-1,-1
8,2022-03,ЖК Верхний Икорец,0.0,0.0,2.8872101591425787,0.0,4.8981885771116005,0.09319591138120698,0.0,23.750196042561136,0.0,0.0,0.038507591836734696,0.11510399999999998,3.6428320233842157,8.559021512231283,16.860773348404347,45.79976500094245,-0.2138348950618159,0.5890186435056645,,2,11,-1
9,2022-03,ЖК Высокое,0.07713631419247724,0.04355608591885442,2.5365335812674603,0.0,5.261515328150033,0.10895548434745318,0.0,24.288650262050005,0.0,0.0,0.13172254631707161,0.1082530042705333,4.565625442077698,7.01318754016455,13.920505280177277,37.040967317414285,0.7772562948334241,0.8373847822117589,,2,32,8
10,2022-03,ЖК Добрино,0.009364319890635681,0.06276338204967273,2.5582073706760813,0.0,3.421040231135723,0.09797873717926875,0.8233321567287863,21.62234259652331,0.0,0.0,0.06808366368457706,0.14477694617555192,2.977176428027092,2.407766262797659,14.746161518674132,42.20009879146311,2.0463278494499493,0.2535874679284495,0.1381008668715473,8,-1,-1
11,2022-03,ЖК Колыбелка,0.0,0.0,2.6133450639853746,0.0,4.053293110918545,0.0,0.0,16.337954072790293,0.0,0.0,0.0,0.09591217948717948,1.5457110051993068,3.077857142857143,13.973802364003143,43.34928730228444,-1.7433296987287172,-0.49979613651285804,,9,-1,-1
12,2022-03,ЖК Коршево,0.0,4.745120033448812,2.963708751691794,0.0,2.783405100980101,0.15466141118295929,0.0,20.200699911964332,0.0,0.0,0.09644259296890875,0.14606756346717914,3.168151355213087,7.564813876224658,12.782519322815068,33.608103276847906,-0.20435916746404925,0.16896769748272872,0.1948319491249718,2,24,0
13,2022-03,ЖК Песковатка,0.0,27.217973231357554,2.725614579759863,0.0,2.9040750146227334,0.1321008386970938,0.0,20.06587471853591,0.0,0.0,0.04125698902464278,0.15064359516992404,2.628192630142328,5.025940811107051,12.887272577317258,33.620147084344495,-0.9875480328977833,0.87518868484498,,3,24,0
14,2022-03,ЖК Петровское,0.0,59.75409836065574,2.4350117969243734,0.0,4.007259368255837,0.0,0.0,16.70394349617422,0.0,0.0,0.0,0.11495983086680761,2.534824602707475,2.921395544346364,12.023599720512815,37.010687108394244,-2.367510586209316,2.3545041961363387,,3,-1,24
15,2022-03,ЖК Петропавловка,0.0,0.0,2.8554152023659474,0.0,3.3454279290551043,0.08063901861206041,0.28883324520275905,25.60413390249382,0.0,0.0,0.04947226744817106,0.1361080029428595,3.4202908303110053,4.990802712540642,18.89584614580798,46.11947484344801,0.5321557145016991,0.3842922245011989,,1,-1,-1
16,2022-03,ЖК Старая Чигла,0.0,36.80664294187426,2.386960997369324,0.0,2.8251827755337566,0.1518905582672361,0.0,16.258865122275026,0.0,0.0,0.03568061538461539,0.14734493529674253,2.499166555518506,7.279200282822269,13.052449099278238,34.39572415968402,-1.2712844326178474,0.9963186841392155,,3,24,0
17,2022-03,МТФ Высокое,0.0,0.0,3.2136327990348157,0.0,4.671207256235827,0.0,0.0,17.571006534905962,0.0,0.0,0.19090909090909092,0.42419406319821257,2.667436324513867,2.8791685939333,15.499333540838983,45.30157684423985,0.7281526390367249,0.9732405501883261,,1,-1,-1
18,2022-04,ЖК Бобров,0.0,0.0,2.2805229872014414,0.00974025974025974,3.621337309932061,0.12297552525265731,0.0,22.152875427188018,0.0,0.0,0.054848772226926336,0.17370668446094928,2.84588004391521,5.249454203493266,16.162728049082464,38.0666260486509,-0.09846835506800494,-0.1082773386658741,0.33661292625018474,2,11,1
19,2022-04,ЖК Бобров 2,0.0,0.0,2.5184988354089533,0.004892137215607686,4.597218304964434,0.11468826161523683,0.0,19.764285226849438,0.0,0.0,0.054625616698292224,0.1368295746065781,2.420859365038888,6.210976013900072,16.040357751662366,37.85435529483742,-0.4075461418798531,-0.16020552636373006,0.164682671363574,2,11,1
20,2022-04,ЖК Бодеевка,0.02305417976303353,0.03190163662042037,2.323858608534255,0.007659076533839342,3.055576030283912,0.048856219042377545,1.0473618806526246,15.89222870937185,0.0,0.0,0.2044127005804029,0.15512967390182655,2.421691237460999,3.5979981133295325,12.770373170815239,40.14433320892921,2.8610231513501367,-0.27257609880289385,0.35229222514363634,8,31,-1
21,2022-04,ЖК Верхний Икорец,0.0,2.21314804350897,2.8913546238672345,0.0,4.396826679015236,0.09411384217335059,0.0,22.442011265575847,0.0,0.0,0.039215422671542266,0.11819746181974618,3.2216945354296325,8.082919388156105,12.063187566204958,31.528492342176712,-0.4487735144186286,0.3928753638080804,0.30605284026751,2,24,0
22,2022-04,ЖК Волчанское,0.0,0.0,3.481457927392396,0.010494097070397902,5.346425483718735,0.0,0.0,22.988886017546253,0.0,0.0,0.0,0.10625331671267028,2.1019821142048136,6.295446074593036,14.49416937160892,43.39990769222382,-1.087425151539084,0.23609688626648578,,1,9,2
23,2022-04,ЖК Высокое,0.0,0.034155429382540806,2.6344956162725857,0.2020460358056266,5.041644979115691,0.11952213614221775,0.0,25.16238873196193,0.0,0.0,0.11732299185992935,0.12005102368957014,4.379709611231101,4.867240540046185,11.599173773431138,32.020536077212356,2.145732487028314,0.5987484661258066,1.3891272007844708,6,26,-1
24,2022-04,ЖК Добрино,0.01898357533920495,0.03653993969136168,2.5313094266172853,0.005779678649867067,3.565280681549728,0.07133103945235093,0.7851576794626439,20.033313847196418,0.0,0.0,0.06022172436316133,0.15015609162934374,2.8188413577486218,5.088844312222918,12.222167071309848,37.48104184879432,1.8175038443897822,0.1548318425441941,0.24922499641250026,8,31,5
25,2022-04,ЖК Залужное,0.0,34.46546546546546,3.3606164572033337,0.018969422423556058,4.691372950957622,0.0,0.0,22.2098915592357,0.0,0.0,0.0,0.09075401703871455,2.372423564127593,4.021019081272085,11.198155392796128,32.12011610160949,-1.6801578258478653,1.5884202534728733,,3,29,3
26,2022-04,ЖК Колыбелка,0.0,42.78820224719101,3.150587705555362,0.0028263103802672147,4.6802777625763,0.0,0.0,19.92873058303515,0.0,0.0,0.0,0.10170172681335296,1.9560616922753102,4.513528399673165,10.790203618806313,31.076645356052243,-2.079085763965369,1.667325552384471,2.192977097425418,3,29,3
27,2022-04,ЖК Коршево,0.0,6.819726180158317,2.5496380728783907,0.05263157894736842,2.548884757444844,0.15201605556586079,0.0,16.907462249394953,0.0,0.0,0.08215817166910688,0.15123019805731086,2.4347991056980733,4.027044752680824,11.133372479726068,32.36068460649861,-0.19341005038018916,-0.25996913668268784,0.42907655595332417,2,26,4
28,2022-04,ЖК Озерки,0.12617528089887642,10.323818967348963,5.462288676598303,0.05980861244019139,2.9438497532209476,0.2762594670406732,0.6175754796594605,23.59531428652531,0.0,0.0,0.06965852010361527,0.1687842220860149,2.620685024545078,4.107104278867919,12.744634012865875,41.54602928967247,2.6698780837644294,1.1157607978850068,,8,31,5
29,2022-04,ЖК Песковатка,0.0,10.930844859193385,2.873215096549246,0.036585365853658534,3.2113955294722323,0.20712701992555288,0.0,20.253890493848232,0.0,0.0,0.05071846846846847,0.14642210710925796,2.850360112444997,4.561422245955988,11.142819662631348,31.958355364741706,-0.02721642069750169,0.32953742845954126,1.1045234714510144,2,26,4
30,2022-04,ЖК Петровское,0.0,38.60216606498195,2.316564211922379,0.007330075521990226,3.9270891302555913,0.0,0.0,18.93349434255498,0.0,0.0,0.0,0.09781152801627026,2.5654383975956323,3.789258388501858,10.875267133217672,31.28975142683456,-1.9320176885835558,1.390265191405802,1.0580221746854914,3,29,3
31,2022-04,ЖК Петропавловка,0.0,0.0,2.7420768582042103,0.008044930176077717,3.3823898095488802,0.08697407621503847,0.2869458768505123,24.651360232156673,0.0,0.0,0.05033454530257439,0.14132451246219627,3.3363813373084783,4.561597902927361,17.717750469630452,41.182763524519686,0.5907254930951971,0.31561440901310134,0.09026107303100571,1,16,6
32,2022-04,ЖК Старая Чигла,0.0,40.244627114769095,2.5625541438059485,0.0026442307692307694,2.675213221561743,0.18118940755983973,0.0,17.09752623998027,0.0,0.0,0.039472614984560374,0.14494488697208407,2.722154206298099,7.363106666015172,11.057025875990178,29.91197304133487,-1.1244298701117883,1.240461470099388,0.2849069364989918,3,26,4
33,2022-04,ЖК Щучье,0.0,32.0885072655218,3.9819979337775715,0.011544011544011544,4.880685671203069,0.0,0.0,21.075763120304238,0.0,0.0,0.0,0.06648421611467309,2.502376305090569,5.616918523134444,11.079415635969234,31.928750658638165,-1.8320119221629305,1.7459478476508297,,3,29,3
34,2022-04,МТФ Щучье,0.0,0.0,2.6517640024137363,0.0,1.7758332401634058,0.0,0.0,20.143795676574516,0.0,0.0,0.0,0.11050569380008436,1.7430053627104551,6.198966408268734,14.063027086734415,43.65841427345623,-1.7482181886933414,-0.8436490029227859,,9,-1,-1
35,2022-05,ЖК Бобров,0.0,0.0,2.171064476751922,0.0030864197530864196,3.793936409085239,0.1232596135312259,0.0,21.27671949317646,0.0,0.0,0.062315009041591325,0.16962661768497034,2.4675555576623167,4.459251593835761,16.018511616228885,37.46497502746379,-0.23182824157277276,-0.30686608104496294,0.23921193099064406,1,11,1
36,2022-05,ЖК Бобров 2,0.0,0.0,2.266496627460394,0.011460619361131432,3.6941492356968872,0.12118702982797622,0.0,20.11921125577105,0.0,0.0,0.05617970401691332,0.14044408234457118,2.1981729410884188,5.404583232586569,16.177530458468198,38.05790984057585,-0.4407365880708154,-0.5207530460500154,0.3620719813383624,2,11,1
37,2022-05,ЖК Бодеевка,0.022388265229756024,0.014598540145985401,2.2466216917648025,0.007324449155750738,3.20841450608958,0.04760634980492262,1.1057158298898682,18.15784590549959,0.0,0.0,0.17251250281594954,0.16027384090243485,2.382279257275101,2.918952486670944,13.012820535772669,40.45771865249256,3.010467250842218,-0.21847818727580967,0.15893433519724828,8,31,-1
38,2022-05,ЖК Верхний Икорец,0.0,2.0661692261208833,3.0656214475179993,0.0,4.392317772436624,0.09405368942369587,0.0,25.664748079277025,0.0,0.0,0.039374946078854285,0.1376750521609538,3.1855540616195914,6.173051478507031,12.033978441801782,30.953128927413363,-0.2586280140773293,0.5066688903161383,0.221594850967217,1,24,0
39,2022-05,ЖК Волчанское,0.0,0.0,3.348911244186525,0.007677989762680316,5.249265002017562,0.0,0.0,22.34959925662186,0.0,0.0,0.0,0.10801313411254368,2.0421573218300253,6.074701164275058,14.37637652786587,43.081393595267684,-1.1484577095536268,0.15559087830308282,0.10102569205901056,1,9,2
40,2022-05,ЖК Высокое,0.0,0.007633081109783619,2.485865225047035,0.005316886431305828,4.796177757342696,0.1481827025447258,0.40404046242774566,22.600827101744844,0.0,0.0,0.10854084213061453,0.1459329941915645,4.119105088990252,6.834401498144766,13.030133155178046,35.73123588224623,1.724952039094688,0.7465915651571859,0.4459974969598205,8,-1,-1
41,2022-05,ЖК Добрино,0.016729231271421577,0.05089658676549704,2.5516013658799874,0.0018359438887840473,3.657674595154297,0.06447364302920541,0.7271536883070936,18.903585957078587,0.0,0.0,0.06562037575349591,0.15012934747925974,2.7886776304642495,4.493078452259213,12.083429753495123,37.72619364854712,1.5575153865966938,0.17496183035904728,0.2607665902585196,8,31,5
42,2022-05,ЖК Залужное,0.0,27.47995941146626,3.3247644582677562,0.004231311706629055,4.964014100681294,0.0,0.0,19.80791903033418,0.0,0.0,0.0,0.09856673300642196,2.517415705673873,7.210353356169044,10.74487646876511,31.509006293335293,-1.6805268060820242,1.4012931707895826,0.18712744646355947,3,29,3
43,2022-05,ЖК Колыбелка,0.0,40.26046322633076,2.9748572562990945,0.000782249873031996,4.510053255732975,0.0,0.0,20.577257046212008,0.0,0.0,0.0,0.10289473902839222,1.8948019698552454,4.975932519034895,10.579244798334834,30.316895437987803,-2.0426295647719845,1.4301024394808342,0.24000804102221107,3,29,3
44,2022-05,ЖК Коршево,0.0,5.522371027419637,2.2813032242700233,0.04965243296921549,2.95683906066453,0.15887786976352,0.0,16.928692259245118,0.0,0.0,0.11047795771479982,0.1414511445239153,2.407784716181358,4.6088043820715665,11.180564164223563,32.16143256864902,-0.011972350750502772,-0.43607660737979226,0.2528507071025189,2,26,4
45,2022-05,ЖК Озерки,0.14849245599329422,8.159347904371312,4.269859362977619,0.0,3.2494266823662863,0.25564439943110806,0.551469315112729,23.661879322344728,0.0,0.0,0.09932313936806747,0.16200278311576435,2.4355680061909855,3.2905385329767984,15.645918576512429,47.032327639585795,2.2069342719904843,0.5690933325420178,0.7163534675872785,8,-1,-1
46,2022-05,ЖК Песковатка,0.0,6.659211249126621,2.6235305579008896,0.014227642276422764,3.035871604009898,0.17132513595166163,0.0,21.461534657030803,0.0,0.0,0.040543201133144476,0.1552848337480208,2.271521789719175,2.3275422097121363,10.671217033251034,30.05768228370274,-0.38496976695277874,-0.12398735895252758,0.5776436527427704,2,26,4
47,2022-05,ЖК Петровское,0.0,37.874458874458874,2.517714846384988,0.005059949475320637,4.486497491330333,0.0,0.0,18.16810848508879,0.0,0.0,0.0,0.09046168136705217,2.4953939454066156,4.297674426358343,10.80627122010765,31.178712396913134,-1.9596826416114086,1.4746092783073943,0.08876527824153237,3,29,3
48,2022-05,ЖК Петропавловка,0.0,0.0,2.684015710059571,0.007422730591384765,3.803340348840924,0.1129339774557166,0.3056041311152755,26.10972946739153,0.0,0.0,0.04797565497389862,0.13985575184880855,3.1692963819283886,2.891837582205029,17.828718977056536,41.65174885464625,0.8020952309509198,0.2923839765490943,0.2126424677096787,8,16,6
49,2022-05,ЖК Старая Чигла,0.0,5.969598942571915,2.876265612765613,0.005779807961219353,3.1066820718084194,0.20614476393161998,0.0,17.223326632142747,0.0,0.0,0.039518518518518515,0.15465424833709424,2.9179802229675627,6.723131053307063,10.603295381673064,28.551828823130073,-0.3418755604187824,0.19819839468507075,1.3033432264722933,2,26,4
50,2022-05,ЖК Щучье,0.0,32.1616982836495,4.292497773764019,0.016301292861157952,4.946229939501254,0.0,0.0,19.86328295038866,0.0,0.0,0.0,0.07686029604401362,2.429083739117604,6.925215839184739,11.230992101828013,32.32942897507432,-1.8338474920495982,1.8330877358811748,0.08715921889052175,3,29,3
51,2022-05,МТФ Щучье,0.0,0.0,2.950929486102242,0.0,2.05803871749833,0.0,0.0,19.102073019297617,0.0,0.0,0.0,0.0963830481911976,2.4432455471652883,6.066131025957973,14.145368362736727,43.98464163967807,-1.676491511157662,-0.3371545158007931,0.5115480248767243,1,-1,-1
52,2022-06,ЖК Бобров,0.0,0.0,2.2612522049863943,0.0019823043078857033,4.297205704546917,0.10084997303751637,0.0,25.74267371963899,0.0,0.0,0.06294136683799732,0.1639671943009895,2.453587588698094,2.282187410937145,15.866091666751164,37.04202434336086,-0.10797547005042624,-0.16182385152550074,0.19072691828303345,1,11,1
53,2022-06,ЖК Бобров 2,0.0,0.0,2.3593156655844156,0.002101661779081134,3.7553331477762977,0.2480344030775586,0.0,21.496146549761427,0.0,0.0,0.05618006925740669,0.14926136988981692,2.2885850812723305,5.185592485263143,16.315218291228422,37.56885922499977,0.09994268293135247,-0.510368267160174,0.5407789915705181,2,11,1
54,2022-06,ЖК Бодеевка,0.02170274459742865,0.0,2.058923634089329,0.008082964677057103,3.2761176840388297,0.049755189223384066,0.646461825473516,17.781687234094704,0.0,0.0,0.13135909631391202,0.15830106772908367,2.5127331067778633,3.9484452775792525,18.35217347429409,46.2271314227134,1.5326361569477995,-0.29622425852049156,1.479874722290761,8,12,7
55,2022-06,ЖК Болдасовка,0.10404508196721311,0.0,0.0,0.0,6.778723205506392,0.0,0.009009009009009009,33.097104451314785,0.0,0.0,0.14980254897511536,0.18630542319037896,3.344373693498032,3.409987151408965,22.26033664745812,64.03296235629112,1.3110200301778325,-0.2062255045758806,,5,3,-1
56,2022-06,ЖК Верхний Икорец,0.0,1.8447794346929536,2.944095040491932,0.0,4.105068066086827,0.18687514459588594,0.0,28.575282149996944,0.0,0.0,0.040091201285656894,0.1600428390367554,3.1023285786175028,2.946887583124387,12.405218152359605,30.62704739444158,0.2695876433608665,0.3897936314606065,0.5409913186876597,1,24,0
57,2022-06,ЖК Волчанское,0.0,0.0,3.8585864097163873,0.008914100486223663,4.979060501356355,0.0,0.0,21.02651643423934,0.0,0.0,0.0,0.10561208878770632,2.0700354731402095,7.6832911287889605,14.484843384822494,43.36928470487237,-1.2641639172787804,0.274947806584992,0.16623478226601437,1,9,2
58,2022-06,ЖК Высокое,0.0,0.0,2.700913740589621,0.0064618308520747545,4.2627344357578485,0.17731584528043473,0.22550050540564295,22.73828515035675,0.0,0.0,0.10446136482028129,0.15945502691439487,4.213771241999095,6.922825874809952,18.008908997130643,42.48364247514704,1.308781280014868,0.7468230080198734,0.4161708234353681,2,16,6
59,2022-06,ЖК Добрино,0.015626004758536427,0.0,2.5740389340211003,0.010303121449100996,3.891144027926149,0.0690232883308332,0.430444968437435,18.34461654108713,0.0,0.0,0.07486786559546618,0.1538370360325146,3.271020253353451,5.215563042353316,18.056115813853385,44.63565752628981,0.9490929249867015,0.36921406088736647,0.638679748275135,8,12,7
60,2022-06,ЖК Залужное,0.0,37.3290780141844,3.8067321449346547,0.014682683590208523,4.8534984286836655,0.0,0.0,19.39022736642008,0.0006505598114319388,0.0,0.0,0.11377529194542359,2.4385520807090675,6.228006952680872,13.020879082613192,36.91962849595443,-1.8104340972757198,1.945501557688306,0.5594985904148411,3,-1,-1
61,2022-06,ЖК Колыбелка,0.0,45.13143483023001,3.312979386067972,0.0011018005540166203,4.283768519946139,0.0,0.0,21.51311064170958,0.0,0.0,0.0,0.10458439568391258,1.6372999681355167,3.9930869256948385,10.657466105715088,30.43529051859509,-2.185659419769823,1.593984565752367,0.21751986284470984,3,29,3
62,2022-06,ЖК Коршево,0.0,7.014137659012951,2.4160308592072357,0.008267195767195767,2.9332056015131833,0.15524289393129587,0.0,17.957392214144285,0.0,0.0,0.08072564884821153,0.12589224723788503,2.443473577952773,3.821994315741606,10.735504779146192,29.97468112868504,-0.5411093537326619,-0.23758586760053743,0.5651411697116547,2,26,4
63,2022-06,ЖК Озерки,0.15211284129692834,7.636486036036036,4.271098094620617,0.023832221163012392,3.296863016146925,0.2576932808373035,0.37089657218193806,23.881519975629345,0.0,0.0,0.114934139544397,0.17812597558316984,2.576072425157163,6.380325344009133,12.416399122942915,39.968044404629715,2.094541090337917,0.4913450906585562,0.13666388110234617,8,31,5
64,2022-06,ЖК Песковатка,0.0,6.048847340760983,2.8461467545085135,0.0,3.2313083041560873,0.19784494883469322,0.0,24.310120337156455,0.0,0.0,0.025533504385703204,0.15246291427880015,2.2827475130295336,2.6323740140171203,12.54480123464147,31.04765897979386,-0.32660127160832897,-0.04093830283473112,0.10150875317346754,2,24,0
65,2022-06,ЖК Петровское,0.0,40.11587078651685,3.027526302461424,0.007200411484148508,4.485414148845591,0.0,0.0,18.22684778243203,0.0,0.0,0.0,0.09649423325144689,2.344336896834664,4.4918415413641295,10.964071169086568,31.546654929311277,-2.0233917048574077,1.680229509799707,0.21526384819247987,3,29,3
66,2022-06,ЖК Петропавловка,0.0,0.0,2.6608323355368007,0.001954809406082907,3.5719105885892986,0.19476398160864633,0.3323774598639746,24.138662901787153,0.0,0.0,0.051577776592339704,0.14504189485611355,3.139581813590105,4.5168502347841795,18.01803271491174,40.5934976751014,1.0816493423430114,0.14907276906665373,0.31414742301393633,8,16,6
67,2022-06,ЖК Старая Чигла,0.0,5.682696112714842,2.7961621320626096,0.0037183360446200325,3.0314735245733084,0.2031942952517493,0.0,18.31427894618588,0.0,0.0,0.025975269940787183,0.15395805006974525,2.7567115806429503,5.032504503373045,10.426411090108623,27.288975827068487,-0.42882973214807124,0.11569693830475179,0.11986458311778472,2,26,4
68,2022-06,ЖК Щучье,0.0,31.644736842105264,4.449168114600644,0.012680625184311413,5.229254837738789,0.0,0.0,19.30923388484673,0.0,0.0,0.0,0.07653685477960423,2.523201618186003,6.195345280575994,11.145288045808194,32.168441750204884,-1.8384587893264719,1.9959521434995302,0.16292967603065295,3,29,3
69,2022-06,МТФ Щучье,0.0,0.0,3.348850007010656,0.009279086366880799,2.669815802559606,0.0,0.0,19.303327613656464,0.0,0.0,0.0,0.11859712998102466,3.0357581562255187,6.414125200642054,14.397140969096908,43.01786359834723,-1.3231576800422267,0.26610411542724954,0.6991178529846326,1,9,2
70,2022-07,ЖК Бобров,0.0,0.0,2.56678033718402,0.0019675592667242536,4.131875152126973,0.10372303773204197,0.0,22.692863290429322,0.0,0.0,0.0587347276868917,0.16175382179515177,2.606359849695746,7.468986318580461,15.9354197527511,37.53286453444012,-0.24455049462211093,-0.10448662979317708,0.14812256523817674,2,11,1
71,2022-07,ЖК Бобров 2,0.0,1.176054853185255,2.5534510385378204,0.002799227799227799,4.007265196390236,0.24980539477310884,0.0,22.46087494099819,0.0,0.0,0.05587557859655619,0.14431820508242577,2.2382679402777432,6.325626850407221,10.497125155978397,26.11734591399037,0.12655725032881557,-0.42258231716494,0.09173171869271739,2,26,4
72,2022-07,ЖК Бодеевка,0.0,0.0,1.9390665469822026,0.0073583081908593145,4.04351974997149,0.06145304512925369,0.18067908969095678,16.79479102322994,0.0,0.0,0.1391401437671673,0.14396796675754112,2.8235435841374623,6.1277810753058075,17.60520896667447,41.51609266661472,0.2708228250482435,-0.2522207876965752,1.2625803697206806,2,16,6
73,2022-07,ЖК Болдасовка,0.13027350942097565,0.0,0.0,0.0,4.537510449176312,0.0,0.0,26.42572351364656,0.0,0.0,0.1641427716158306,0.18454918704310563,3.199514254285452,4.227902036659878,21.38413089415454,62.588318111550755,0.8198522056802375,-0.6944172163601332,0.6925149668249337,5,3,-1
74,2022-07,ЖК Верхний Икорец,0.0,1.839909659547851,3.0123000301900023,0.0,4.535707659811658,0.24837274417163657,0.0,25.305379044615094,0.0,0.0,0.05083352236925016,0.16341771911499384,2.9065719564205588,6.5332300745840515,12.679933030794478,31.960568773361754,0.44964376260135136,0.25829415284339674,0.222962595411297,2,24,0
75,2022-07,ЖК Волчанское,0.0,0.0,4.260357125347279,0.010813352139163141,4.743233301299695,0.0,0.0,21.566928261514,0.0,0.0,0.0,0.10507565095003518,2.0662467047730715,7.462953280894532,14.555960809505418,43.535722762694775,-1.2880855122333459,0.37959007359978425,0.10734172884375101,1,9,2
76,2022-07,ЖК Высокое,0.0,0.0,2.815739559647274,0.0028412319581770655,4.509603911178093,0.202565362540873,0.21455206842557203,23.356938463372863,0.0,0.0,0.10833563486825405,0.18615418591663704,3.8510063957155345,6.195224,17.997455874215227,41.38455179125306,1.4318621014753725,0.6953117526517477,0.13342525263604663,2,16,6
77,2022-07,ЖК Добрино,0.09081196581196581,0.5721209859521514,2.558583696288705,0.0,3.804753988912086,0.09171150425822237,0.17666691851679647,20.193654414490965,0.0,0.0,0.08392852176567349,0.15583262893146993,3.1168831486991957,6.785533364010135,14.387332028865622,41.50636091507483,0.5307895449728995,0.11732956031388676,0.48828630879855983,2,-1,-1
78,2022-07,ЖК Залужное,0.0,44.6917674600078,4.243481200963256,0.007843933588761174,4.646833781209391,0.0,0.0,20.317936826843415,0.00023400393283920737,0.0,0.0,0.1001770660983202,2.2696063561266633,3.2757158372097552,12.456754936485588,35.018879507416756,-2.0860378338279557,2.3226717220893187,0.4671346192649837,3,-1,-1
79,2022-07,ЖК Колыбелка,0.0,44.18559322033898,3.936700510463442,0.004152234806966265,4.148083825705243,0.0,0.0,21.099669890355393,0.0,0.0,0.0,0.09351923554745735,1.4659702514288107,4.408543037587858,10.90055504947827,31.17950767408697,-2.3073789750395823,1.635633466113288,0.12864789557681033,3,29,3
80,2022-07,ЖК Коршево,0.0,7.095110158047043,2.4746151430415146,0.003414134516899966,2.797275054644662,0.16310868087930844,0.0,18.09264950552504,0.0,0.0,0.0446293098667061,0.15068100367909795,2.315569620253165,3.8706204037734686,10.48240910223898,28.11449870526924,-0.6615188456356745,-0.1923687621968703,0.12861971995548743,2,26,4
81,2022-07,ЖК Озерки,0.15139071327683615,0.6429028915319422,4.2790996575464,0.03142677561282212,3.5829113679108797,0.2814276248130142,0.20098879387137003,21.949711137736184,0.0,0.0,0.12498826561248999,0.18981107956012186,2.624570336069599,8.198257660551091,12.258861433538394,40.159879847570046,1.922742818549335,0.2030728081728329,0.3355824116950592,2,31,5
82,2022-07,ЖК Песковатка,0.004859335038363171,5.765070964905475,2.618554058383431,0.0,2.737735708472825,0.17733747938036823,0.0,22.851602405060888,0.0,0.0,0.028209243608545122,0.1473886062861869,1.9996580624631928,2.407154586665308,12.658508002296063,34.31652230374333,-0.570354194518901,-0.3594941545963883,0.4011150933573083,9,32,8
83,2022-07,ЖК Петровское,0.0,43.3448275862069,3.3031681492153977,0.008128148353169112,3.9027361244738428,0.0,0.0,17.934874082255863,0.0,0.0,0.0,0.10139785150880753,1.855797781108989,2.6601087400335177,10.977949175601058,31.216605704229732,-2.2734407796136975,1.6071215206853693,0.2605174041380321,3,29,3
84,2022-07,ЖК Петропавловка,0.0,0.0,2.747249986351849,0.004625190366066896,3.5261865726074806,0.2145627147766323,0.3649463166228042,22.448944432317315,0.0,0.0,0.05337011839074302,0.14292593676386672,2.9698601943298284,5.948339062315188,18.149181253015414,42.31856460052876,1.1571236677453383,0.03853743602024029,0.13384481180313965,8,16,6
85,2022-07,ЖК Старая Чигла,0.0,5.769526288163766,2.4858060991061754,0.0025137181570154196,3.009146991724687,0.19864532357649212,0.0,18.27925746447108,0.0,0.0,0.019857583519237654,0.16206240633550106,2.4093373454431974,4.25221384135644,10.323280348223395,26.466163311807513,-0.5180809070184409,-0.1305325626660619,0.2619059742809951,2,26,4
86,2022-07,ЖК Щучье,0.0,30.129716981132077,5.147508129084967,0.008822788001008318,4.762217199102055,0.0,0.0,19.04001350991171,0.0,0.0,0.0,0.05225746723964136,2.4532829342676132,4.307090643184827,10.992729931221911,31.889567789814183,-2.085471738092034,2.0698456884345773,0.257828727726229,3,29,3
87,2022-07,МТФ Щучье,0.0,0.0,3.4183357249626307,0.008727272727272728,2.7161255708410152,0.0,0.0,18.84815231156639,0.0,0.0,0.0,0.0,3.172718417005383,6.616577221228384,17.070122259309397,52.74092258707474,-1.773570246999638,0.07334969629477804,0.4899242253331233,4,-1,-1
88,2022-08,ЖК Аристово,0.0,0.0,1.5016205564342573,0.0,4.012701032677204,0.0,0.0,32.33525644817221,0.0,0.0,0.0,0.0,5.7560603364685345,7.003369679045864,16.69884633721641,52.31086591541828,-0.3555513064863249,0.8687711878082388,,4,-1,-1
89,2022-08,ЖК Бобров,0.0,0.0,2.626405721753867,0.003193527783691718,4.36353606080207,0.11297318427218091,0.0,25.214920971169843,0.0,0.0,0.06352640768223483,0.163805907115513,2.681869005267049,5.0386533305370484,16.02142503228668,37.73790698715192,-0.02626368134470777,0.029543422751334276,0.25615071312781534,1,11,1
90,2022-08,ЖК Бобров 2,0.0,1.26172756261146,2.495775224824587,0.007645637054210033,3.937830705084198,0.257548140490594,0.0,22.57841671494433,0.0,0.0,0.051138408999598234,0.144732378257281,2.213754002989158,5.921239145875877,10.594281539156253,27.195301270265194,0.1685989006451838,-0.46230839983816735,0.05784169781294356,2,26,4
91,2022-08,ЖК Богданино,0.1920636200716846,0.0,0.0,0.0,7.394927993839045,0.0,0.0,33.49807455372769,0.0,0.0,0.2515751724137931,0.1893751724137931,3.4851752021563343,6.885269800148039,21.851743990676518,64.11672419285429,2.1678101487724337,-0.30173110688084775,,5,3,-1
92,2022-08,ЖК Бодеевка,0.0,0.0,1.9057718151662426,0.005435801312089972,3.732011084587797,0.11327249040727268,0.11571508466077833,16.461337687683944,0.0,0.0,0.1413960171414167,0.1509799711383616,2.900703027559352,6.377110753950232,17.61888201776077,41.42589530745917,0.2755674408403328,-0.32844718964032693,0.07637392049845904,2,16,6
93,2022-08,ЖК Болдасовка,0.1589645322542252,0.0,1.2887931034482758,0.048672566371681415,3.418016653740969,0.0,0.07964601769911504,26.53122051269263,0.0,0.0,0.15916179621473633,0.16976359957147957,2.708494808937924,2.515473091932117,18.35185467421073,44.87599200437736,1.103592630117211,-0.7190170701090732,0.2848048125719491,0,6,9
94,2022-08,ЖК Бушовка,0.1429358851674641,0.0,0.0,0.0,11.518667201926936,0.0,0.0,38.166790766939684,0.0,0.0,0.2884201612903226,0.016129032258064516,3.389383572258814,3.0293054997992774,21.62929913641724,62.35435973066433,2.195008472082447,-0.027648192929269528,,5,3,-1
95,2022-08,ЖК Верхний Икорец,0.0,1.8504663162063875,3.1137665781504777,0.0,5.42825998602376,0.2697624915509801,0.0,24.410148528045166,0.0,0.0,0.06285259401592094,0.20944276695031566,2.577451618914512,8.40388610959572,12.821587190391918,32.76723825639052,0.763771428745189,0.317883811252299,0.3197297578053441,2,24,0
96,2022-08,ЖК Волчанское,0.0,0.0,4.348041921918279,0.012570523606849451,4.723722514274928,0.0,0.0,21.81981599601684,0.0,0.0,0.0,0.11140002451581268,2.0138678302688584,6.9513837399727985,14.597875740406245,43.635885393296114,-1.2613769572449183,0.4055340862344756,0.03723491239628324,1,9,2
97,2022-08,ЖК Высокое,0.0,0.0,2.7951929241129236,0.004600098135426889,4.270456329451507,0.2048868945168429,0.20953112927428882,21.234355522367526,0.0,0.0,0.1079436815735758,0.19027876229356097,3.704103695385872,6.406213101830128,18.01863558770099,41.98384600363691,1.300344948298006,0.5817295854561967,0.1737747688380479,2,16,6
98,2022-08,ЖК Добрино,0.025173819228002877,0.6025096096256367,2.4119094903150864,0.007573316145665485,3.8268974285906725,0.17128999902714273,0.18453309344866706,19.545807663690475,0.0,0.0,0.07305043867566885,0.1704010403167425,2.981624011896072,5.216872137017954,11.204501799019845,35.46961645761347,0.6814078213046342,0.047981049053049736,0.16581640805190906,2,31,5
99,2022-08,ЖК Залужное,0.0,47.047975501871385,4.2200982882049285,0.011199091122776776,4.738485480286342,0.0,0.0,23.35116658104443,0.0,0.0,0.0,0.10394572400798673,2.212432663150116,3.142765614383046,11.218882406237176,32.058144416471805,-1.9387626800226614,2.386206973138265,0.16039544586498006,3,29,3
100,2022-08,ЖК Колыбелка,0.0,53.133673903788846,3.9657589105546553,0.0038943136128661688,4.121297011065901,0.0,0.0,20.98130021485341,0.0,0.0,0.0,0.09246484296254484,1.507414355744438,3.4104805299274386,10.962685080609354,31.108306346352375,-2.460817801689874,2.0392494154795284,0.4317977629708493,3,29,3
101,2022-08,ЖК Коршево,0.05893909626719057,6.120945653254609,2.469512351380797,0.007921921541289055,3.080942140212791,0.15027920022216051,0.0,17.538719895499348,0.0,0.0,0.039731631333516204,0.16842243587052352,2.478852253521127,4.872157873857231,11.143697907788445,32.69708662045415,-0.3793857339456359,-0.093171496516065,0.2990638564428207,2,33,10
102,2022-08,ЖК Озерки,0.1568661938534279,0.6947608615336242,3.991391733785162,0.02680965147453083,3.4861288675170328,0.25392905379688335,0.18849832002859526,24.310380593205327,0.0,0.0,0.12601308087748767,0.20019989204002822,2.3738265650556847,5.865269523594151,12.219309216012913,40.010839320171286,1.847188650179924,0.038737887398390285,0.18087122088363208,2,31,5
103,2022-08,ЖК Песковатка,0.0008604206500956023,6.634305576329813,2.7240632461574035,0.0,3.1443914955939425,0.16173295548011785,0.0,20.82003311423141,0.0,0.0,0.0291204184651401,0.15348487468478206,2.229693211032013,3.807214708644165,12.150496753786067,31.779065161963512,-0.618341910936771,-0.08348741684178447,0.28014735446357614,2,32,8
104,2022-08,ЖК Петровское,0.0,45.409401709401706,3.382672372843379,0.006158424542622033,4.026679155003884,0.0,0.0,18.947676472072253,0.0,0.0,0.0,0.0946075726925356,1.8094280561609197,3.0083704286875252,10.943016426200076,31.163723001214503,-2.3031321628108574,1.685855346588311,0.08414626300362561,3,29,3
105,2022-08,ЖК Петропавловка,0.0,0.0,2.743853724023705,0.006181570538006181,3.6162322137705685,0.22129859410647523,0.3399164872026438,23.780072930603456,0.0,0.0,0.05026664143189315,0.1461113314447592,3.035393900950411,4.695050287420148,18.133164821773647,42.262788371997,1.2013940492014752,0.10765451196324564,0.08207945456192457,8,16,6
106,2022-08,ЖК Старая Чигла,0.0,5.857970033024116,2.5072478948438093,0.00331603229527105,3.4054112185748258,0.188735783805148,0.0,20.26344722155325,0.0,0.0,0.01768252198373077,0.16051512227362857,2.476786106195617,3.8345565371024732,10.26690028483732,26.536858397748134,-0.41901185519757467,-0.009473057529234372,0.15642915589064288,2,26,4
107,2022-08,ЖК Сугоново,0.0,0.0,0.0,0.0,0.033917467495760314,0.0,0.0,36.68771172467548,0.0,0.0,0.0,0.0,0.0,7.4691968102647115,19.285520765813295,61.828861668711866,-1.8604243473713686,-3.477205029289978,,4,1,11
108,2022-08,ЖК Уланово,0.0,0.0,0.0,0.0,1.5885057471264368,0.0,0.0,29.187249830612874,0.0,0.0,0.06070915032679738,0.1267497320471597,2.4419777329297006,5.992166879523201,18.12660519836081,54.08318692820579,-0.6825607737056217,-1.5959266778111403,,4,3,-1
109,2022-08,ЖК Щучье,0.0,29.10412667946257,4.977573753947934,0.005793309661745468,5.059373966515089,0.0,0.0,18.534619321582973,0.0,0.0,0.0,0.07062076018408045,2.3894718787322002,5.747224642365308,10.89399473966057,31.57490011469065,-2.003548196953223,2.002606360887164,0.10598393162055646,3,29,3
110,2022-08,МТФ Щучье,0.0,0.0,3.227673081397281,0.011145786892554615,2.7327359711406323,0.0,0.0,17.826050207644297,0.0,0.0,0.0,0.0,2.9040270149835683,6.412435824301198,17.10092416510724,52.756098294102166,-1.8450448562680135,-0.1288891952318202,0.2144975268295048,4,-1,-1
111,2022-08,РМ Кольцово,0.0,0.5568974771873323,2.0996470069127815,0.014031033344338065,1.903245668044683,0.0,0.008913832948167713,13.6797431612279,0.0,0.0,0.03045601554765135,0.1342591550121676,1.2288386548215908,3.831792670848465,9.040564678744154,24.45641684256203,-1.744256481163432,-1.1790818348565173,,9,22,12
112,2022-09,ЖК Аристово,0.0,0.0,0.0,0.0,5.5716841674864,0.0,0.0,31.60390871920073,0.0,0.0,0.0,0.0,5.117638693008758,7.298647723905803,18.743998437956996,59.08247307529921,-0.22622138544120599,0.24068001569227437,0.6412680788621423,4,1,-1
113,2022-09,ЖК Бобров,0.0,0.0,2.4880353272139124,0.0029470864032150033,4.293331765511226,0.11840259120097515,0.0,25.35530495244089,0.0,0.0,0.0626558670471714,0.15394880586272328,2.4270052279138583,5.103565527157582,16.01997049441606,37.62602888722798,-0.09903911015444393,-0.199964474148511,0.2407698855293805,1,11,1
114,2022-09,ЖК Бобров 2,0.0,1.5096407380354409,2.5533281887178965,0.004218561671353958,3.9827338721723398,0.2616817658092176,0.0,23.854620573599657,0.0,0.0,0.048431041106415676,0.13437300384249304,2.143993228891393,6.363185960763571,10.53934156221044,26.819459292328602,0.1446596139726133,-0.5004358845798219,0.0450199349079562,2,26,4
115,2022-09,ЖК Богданино,0.20338073422147204,0.0,0.0,0.0,10.218234817282719,0.0,0.102633487654321,37.16745730368902,0.0,0.0,0.2591353241614135,0.17659554594395618,3.642002715181406,6.096830655747953,23.574301021767806,66.7702656104897,3.0330220886381416,0.24812145226530402,1.0251485442050599,5,3,-1
116,2022-09,ЖК Бодеевка,0.0,0.950170148560817,2.0354213391851776,0.008214489446662863,4.183690207434549,0.12095496938428393,0.11015959786983959,15.889591510662436,0.0,0.0,0.03669855414931112,0.14774950050941424,2.7527497023228906,7.223898664784425,11.031265998217982,30.48552721402795,-0.1952995315184341,-0.12787417609643464,0.5118058610649063,2,25,13
117,2022-09,ЖК Болдасовка,0.18250635370295426,0.0,1.072141121086052,0.006983240223463687,2.9037072797156314,0.0,0.15363128491620112,28.966039669722267,0.0,0.0,0.12079362935311165,0.19313824352866055,2.6456606660445012,4.276816239316239,18.3256590901061,42.6287956959518,1.0248556859487044,-0.8065852620714002,0.11776117620228443,1,6,9
118,2022-09,ЖК Бушовка,0.15264901474058412,0.0,0.0,0.0,10.842357936180036,0.0,0.0,36.38141675157025,0.0,0.0,0.30135568446068534,0.14441302736820585,3.3955285650340423,2.753216968631348,21.74102080188852,63.54699347005191,2.616328578859759,0.1737506904726059,0.4669819510541792,5,3,-1
119,2022-09,ЖК Верхний Икорец,0.0,1.8180600938505762,3.146284215935195,0.0,5.408177507128703,0.26440900714276105,0.0,24.690946222302944,0.0,0.0,0.06027462356679099,0.1746908757210278,2.685012836498961,8.253269922691691,12.791634492682894,32.555702016118374,0.6284560418676021,0.30524108435008046,0.1359047183483896,2,24,0
120,2022-09,ЖК Волчанское,0.0,0.0,4.194386313486424,0.008435291435519417,5.494313253750367,0.0,0.0,23.379187260351337,0.0,0.0,0.0,0.10465816553638292,1.8546338206815325,7.494556303085141,14.497456484232675,43.432823190470245,-1.178432419347052,0.3640381970549509,0.09274537824544138,1,9,2
121,2022-09,ЖК Высокое,0.0,1.1591492581602374,2.8664166114070992,0.004548486870034569,5.19059435493739,0.23672554893737005,0.2230602834591479,19.76725769560295,0.0,0.0,0.13071624828275258,0.21426351942050706,3.926570056598061,8.506264843744558,11.904253514951995,32.401754299391925,1.7469785583648376,0.8936846598010316,0.5447912903588145,2,25,13
122,2022-09,ЖК Гусево,0.0,1.192097103357472,1.957047690139666,0.05398928672117282,2.98145322563726,0.11442514124293786,0.004898505779531999,15.587900593411424,0.0,0.0,0.04427956989247312,0.10146870779698104,2.249812331678476,5.990509162542901,10.067574607487616,29.87667338035221,-0.5845334813922095,-0.8017330760011483,,2,25,13
123,2022-09,ЖК Добрино,0.01589207111415995,1.1393266513644478,2.4787121046159784,0.011777638190954775,3.9002262049914753,0.18045936613939734,0.22582342077053227,19.831529532666064,0.0,0.0,0.0682209080438034,0.1651791722790059,2.6746966226775815,5.1416295647971335,11.123867248262506,35.212283500597984,0.7393139888349681,-0.059925065573475884,0.12246164220621895,2,31,5
124,2022-09,ЖК Залужное,0.0,51.75744859420898,4.027735609656415,0.006967331353415359,4.9271025674613576,0.0,0.0,22.20718543406643,0.0,0.0,0.0,0.0941530057930924,1.8242138456584736,4.846427198470942,11.156582300727628,31.889145075765246,-2.179111578385211,2.2743472531570714,0.2651041114323999,3,29,3
125,2022-09,ЖК Колыбелка,0.0,50.82943925233645,4.042796823173878,0.003673870333988212,5.333862767924399,0.0,0.0,19.6954819303331,0.0,0.0,0.0,0.07731901571164511,1.848762430587261,4.054405561868493,10.981137071454285,31.28516249402043,-2.31486053537534,2.3251856480593878,0.32103434814981285,3,29,3
126,2022-09,ЖК Коршево,0.0,5.242735522610623,2.412022771409625,0.004911591355599214,3.400340358668551,0.0,0.0,15.9508420411015,0.0,0.0,0.03798667705173404,0.16622844350073857,1.9236852103973356,5.226139138878363,8.61405114414634,24.03294282295071,-1.331970469377245,-0.2167773000584949,0.9605707016387073,9,23,14
127,2022-09,ЖК Озерки,0.13918277027027026,4.132621362772773,4.19340889909597,0.0,2.989049982255498,0.2600654200953602,0.19389564020797798,20.365629932689675,0.0,0.0,0.08899487027720232,0.18457184823348002,2.143004747366735,4.977718683799931,15.082417628914248,44.49374761930986,1.0273679826572282,0.14296617544198498,0.826419665137427,2,-1,-1
128,2022-09,ЖК Песковатка,0.004224404236540159,5.995010873411837,2.5465702972702156,0.004137246248896735,3.314468694727638,0.0,0.0,17.30912481833939,0.0,0.0,0.026114988343235314,0.1413429396947696,1.8930411265130338,5.029188763052209,8.873404913743729,24.519897019206397,-1.4555231266152373,-0.21890942321120835,0.8480633866014939,9,14,15
129,2022-09,ЖК Петровское,0.0,44.889626556016594,3.620262351899246,0.006717332679578328,4.666158605076407,0.0,0.0,19.375174199461963,0.0,0.0,0.0,0.09996950821100319,1.6510562699946152,3.383118800590541,10.996930599309458,31.38878647972945,-2.222944218267332,1.7829700998139448,0.12594197768889961,3,29,3
130,2022-09,ЖК Петропавловка,0.0,0.0,2.6831269465066967,0.0034195576636699577,3.8688119479450425,0.20729864895481812,0.34172680770567115,24.532079382185856,0.0,0.0,0.05330366295199134,0.15277385124130102,2.7867490617435053,3.86604992147286,18.080022306847866,41.56869001845451,1.177417489826021,0.04190326278246906,0.06998644274655809,8,16,6
131,2022-09,ЖК Старая Чигла,0.0,5.266373716351055,2.4064152404284416,0.0032975344123430646,3.696705874196465,0.0,0.0,16.95529515075323,0.0,0.0,0.017583446578292864,0.15256732360463365,2.111109304149743,5.579504147627792,8.222912731820362,23.097271908516465,-1.3641397702394913,-0.08458611172551701,0.9481079826170509,1,23,14
132,2022-09,ЖК Сугоново,0.0,0.0,0.0,0.0,1.0569047166427545,0.0,0.0,32.520991727475426,0.0,0.0,0.0,0.0,0.0,9.358606972737407,19.8453830958719,64.86665654414517,-1.907936940852664,-3.317173824091832,0.1669354161838942,4,1,11
133,2022-09,ЖК Уланово,0.0,0.0,1.6425270928384683,0.025451897971480217,5.463465198031404,0.0,0.005602823818293432,22.81019325848338,0.0,0.0,0.02828959465106561,0.13278848029066428,2.7637660615505575,6.857684400078747,15.246850693140416,37.91217988115347,-0.42432828972930525,-0.08423730243066815,1.5335869011630154,1,8,-1
134,2022-09,ЖК Щучье,0.0,30.545324427480917,4.247681149408393,0.007505070993914807,6.96126343077227,0.0,0.0,18.094405827781582,0.0,0.0,0.0,0.07340308002808002,1.6274944812739203,8.49204449413721,11.021064622357853,31.854158540705818,-1.8913793420632599,1.657128716945567,0.3632308556149413,3,29,3
135,2022-09,МТФ Щучье,0.0,0.0,2.565872098385857,0.008461921353907416,2.5751643912056847,0.0,0.0,17.197826980981546,0.0,0.0,0.0,0.0,2.7258101478112566,6.666003976143141,16.941567473645932,52.220607815500955,-1.9047004622578845,-0.4964361210800571,0.3723567295303095,4,-1,-1
136,2022-09,РМ Кольцово,0.0,0.48965552778708166,2.0199866529658195,0.015597267788952832,3.258430373391473,0.0,0.0026174725255024294,16.16957020433709,0.0,0.0,0.03176046067480757,0.14344040110868864,1.0804487025179337,3.8698614173793007,8.422341206421018,22.494579585421363,-1.4562339733534755,-1.05224918546526,0.31471175058574163,9,22,12
137,2022-10,ЖК Аристово,0.1094003241491086,2.777187865970334,0.0,0.0,13.46327956207748,0.0,0.0,27.18754764541658,0.0,0.0,0.14181523500810372,0.1647757968665586,1.8502226644516737,9.556101647400844,18.66536260021499,50.463476854069825,1.3991215955632506,0.12288909144383812,1.629605629511556,5,-1,-1
138,2022-10,ЖК Бобров,0.0,1.034080706237875,2.3820829958260568,0.002900716389047598,4.276884293723003,0.126578355570223,0.0,22.03943664797966,0.0,0.0,0.057928309497616425,0.149151184990963,2.410521832143696,8.2285650100637,10.02880719048129,25.36511897140801,-0.2538580816502707,-0.27756454256442215,0.17317818729037357,2,26,4
139,2022-10,ЖК Бобров 2,0.0,2.045917150070505,2.380521834733549,0.0038236404833836856,3.941698308025619,0.23566872008015735,0.0,21.752845740671386,0.0,0.0,0.04545527908540686,0.13528660368084758,1.9063511806842801,10.56392575641775,10.505493861869446,27.5444912453166,-0.10056871746075109,-0.7351147647718255,0.33942762313306907,2,26,4
140,2022-10,ЖК Богданино,0.17591185973376988,2.72711745787796,0.0,0.0,9.493102736298754,0.2398402573437734,0.10464688579102187,31.840863661638572,0.0,0.0,0.22523903320671487,0.1896399031981375,3.239788154117616,8.689937210518451,21.093149785039596,54.12546390789762,3.350520987882727,-0.13097663084151911,0.4944905536375708,5,18,-1
141,2022-10,ЖК Бодеевка,0.0,1.0265590475600692,2.2949086556383573,0.011586902545003103,3.583987557406814,0.15668946264831674,0.3204661548315326,18.60150921892634,0.0,0.0,0.02109845004508179,0.138945794546503,2.829100048656104,7.153752855462098,11.738075280075854,31.992057511230534,0.5224972497351049,-0.09085927245391316,0.718750528535184,2,25,13
142,2022-10,ЖК Болдасовка,0.16118645054031588,0.0,0.948227656877245,0.0,2.58789912757679,0.0,0.19457013574660634,30.22934336043942,0.0,0.0,0.13220382675903672,0.20025288656392856,2.7010753391341944,4.261093148450245,19.57118395473796,47.477032918211606,1.138886351526283,-0.8534334804614451,0.12327914770303583,5,-1,-1
143,2022-10,ЖК Бушовка,0.15395693722749806,0.0,0.0,0.0,12.327319430619152,0.23312399580859242,0.111159618699929,34.344561995909835,0.0,0.0,0.29258625549908174,0.1796788152070492,3.1013548895696874,3.088581066405674,24.703713222484286,65.75948385044866,3.992045700496188,0.2025284572337716,1.3760180807763323,5,3,16
144,2022-10,ЖК Верхний Икорец,0.0,2.0129803358193747,3.0977067985794013,0.0,5.835161416196969,0.2589145853578505,0.0,23.87800693832987,0.0,0.0,0.06412360767326733,0.1821605687319973,2.815761565639327,8.93120090420361,12.819922539224123,32.91242333473753,0.7037799338033733,0.44572986747890225,0.1594076123695756,2,24,0
145,2022-10,ЖК Волчанское,0.0,0.0,4.10508230522984,0.009277481023334271,6.171274638666465,0.0,0.0,21.888454173284927,0.0,0.0,0.0,0.11619629123659177,3.4079109713279516,7.4081882438773174,14.631848466552524,44.022351853957375,-0.7477108579949495,1.3117377187044037,1.0409877265117946,1,9,2
146,2022-10,ЖК Высокое,0.0,1.0995952534023923,3.2927700530434256,0.004163659579192805,4.547996471948235,0.2143618936208332,0.20944679458125595,16.897228402383476,0.0,0.0,0.08364253626923926,0.15940827748729655,3.298101049662046,9.83986067655243,11.789296363949582,31.709263238193138,0.8169132805082506,0.5381985206593234,0.995686605411727,2,25,13
147,2022-10,ЖК Гусево,0.0,2.3418561718271453,1.8408415276347077,0.05350619951638627,2.737580671823296,0.1098637698179683,0.004887585532746823,15.894567810666537,0.0,0.0,0.04831799307958478,0.09616999307708042,2.2395149643621757,5.220339518443115,10.124406371872158,31.020958542996958,-0.6410570180162255,-0.8455740425067731,0.07153279343513573,2,25,13
148,2022-10,ЖК Добрино,0.22388059701492538,1.3521908738624024,2.4676830882270333,0.004238485447866629,3.3472610434922574,0.1783914714181047,0.22185808190421974,18.79733690413421,0.0,0.0,0.055986283800634154,0.14322848985521935,2.316281433568251,5.6937570325874445,12.292231061171114,38.68158584096862,0.962472536177269,-0.49240567369422794,0.48666129253560064,2,31,5
149,2022-10,ЖК Залужное,0.0,40.5757174392936,3.4920789079157784,0.008725581010669094,3.8603371625915845,0.0,0.0,20.759815186882683,0.0,0.0,0.0,0.11413970982349135,2.4968911524428563,4.282102543634773,11.047946637539674,31.837772906962307,-1.9171227516668419,1.8741690624395078,0.4783102859559372,3,29,3
150,2022-10,ЖК Колыбелка,0.0,47.9750223015165,4.080228125923075,0.0024030799534425643,5.43146027306887,0.0,0.0,20.759375020899515,0.0,0.0,0.0,0.10545370700409909,3.046073989166596,4.552060719888969,10.943847710758336,31.58416414532794,-1.8396824955479114,2.931437298115717,0.770282566809258,3,29,3
151,2022-10,ЖК Коршево,0.0,3.1211862516228903,2.188471795304372,0.006454527851287678,3.851581739833019,0.1910734318631444,0.0,15.946789719953163,0.0,0.0,0.030451932689103633,0.16321272062379108,1.7470934558291094,5.8711542527766065,10.373803587350935,27.36036362226323,-0.541531971042583,-0.584411189621665,0.87174979002286,2,26,4
152,2022-10,ЖК Озерки,0.0,3.732356743915294,3.174500729004952,0.03558718861209965,2.5032326422664006,0.24646382965388652,0.10599041797896759,17.453513652828697,0.0,0.0,0.0831191467091983,0.16109263629541823,1.9756009703409365,5.783574812733105,11.87591441632947,36.04338270220042,0.3171688659606588,-0.45771396625229444,0.9301609634802177,2,25,13
153,2022-10,ЖК Песковатка,0.0032887402452619844,4.333111294860889,2.4553392577959303,0.004180602006688963,3.4091475052040017,0.18068484928145812,0.0,19.014951036327584,0.0,0.0,0.03306254156021419,0.1674072017198137,1.8636125509745969,5.942482417416282,9.893789936254565,27.66208848379647,-0.4950014891209463,-0.4570449336335501,0.9896011001503704,2,33,10
154,2022-10,ЖК Петровское,0.0,46.90298507462686,3.6208365098820288,0.0053493030695407106,4.938377633779704,0.0,0.0,22.32431719108078,0.0,0.0,0.0,0.11706256429439821,2.940505344802764,4.758387068796041,11.061874560190342,32.0121290382117,-1.735935220089046,2.5855895294916533,0.9388161232119885,3,29,3
155,2022-10,ЖК Петропавловка,0.0,1.6303000781744408,2.708142737907466,0.005344065448307712,4.075132810523653,0.2197086493775434,0.3250050170922984,23.02363184606628,0.0,0.0,0.04597458754001477,0.13129570431042104,2.292578447803356,4.34979515665641,12.014429440576071,32.883316831139,0.8982980701325328,-0.173584241261257,0.35262234025799394,8,25,13
156,2022-10,ЖК Старая Чигла,0.0,3.3381837463639994,2.3283507639177783,0.0019282574790869134,3.7981741826294333,0.26371468880568666,0.0,18.35855768387701,0.0,0.0,0.031056125242670117,0.1547214550726062,2.0174470458079177,5.158145629276544,10.503736722644442,26.1840828448875,-0.1769278042350322,-0.46942025964180123,1.2480262712085133,2,26,4
157,2022-10,ЖК Сугоново,0.0,1.3495406902494191,0.0,0.0,0.8278963929518572,0.0,0.0,31.96354219493107,0.0,0.0,0.0,0.0,0.0,8.657022563361627,19.523748361044458,60.895802273261566,-1.9855226385163995,-3.2833947968833774,0.08462011085503306,4,1,-1
158,2022-10,ЖК Уланово,0.0,2.028653935301824,1.8563129194980614,0.029489190334887665,4.98250622770147,0.0,0.005389826197541331,19.17676696868264,0.0,0.0,0.043405676667386144,0.09218770992828396,2.379616214504895,4.607974621757032,9.192117809021317,25.359515895040865,-0.8467069311365196,-0.2632645969526706,0.45875318952664734,1,22,12
159,2022-10,ЖК Щучье,0.0,33.31110029211295,3.914886706146621,0.0056925996204933585,6.40476349620727,0.0,0.0,20.182925603255576,0.0,0.0,0.0,0.07747899004791745,2.9680533428496068,4.372842402864913,10.921638256462339,31.708916261177677,-1.599200435056514,2.35416489250191,0.7557962316219032,3,29,3
160,2022-10,МТФ Щучье,0.0,0.0,3.2183308605341248,0.007897334649555774,3.194607501949358,0.0,0.0,19.65194221457011,0.0,0.0,0.0,0.11343664190862031,2.9156905497771173,7.010112359550562,14.370759589135828,43.018141788044495,-1.2884733230513175,0.21779041368760452,0.9433214881793648,1,9,2
161,2022-10,РМ Кольцово,0.0,0.4818221638195357,2.0495615208394917,0.0179332420602017,1.8168167778441093,0.0,0.0019283055978711505,19.37543800451631,0.0,0.0,0.02787228038446847,0.12893557388400967,1.0527708646139713,3.1016409880637883,8.29662860940664,22.360336576373903,-1.5636394907762872,-1.3447528947692151,0.3115996873063812,9,22,12
162,2022-11,ЖК Аристово,0.07846611667648791,3.109767457062082,0.0,0.0,12.878623123606491,0.054689852583369114,0.026516387576928584,30.78171239164908,0.0,0.0,0.10123246906305244,0.09171791396582203,2.0779768930858102,5.347557558631708,19.81739195315579,50.822462864511195,1.245504781089629,0.08348380122212302,0.15859036095072326,5,18,-1
163,2022-11,ЖК Бобров,0.0,1.124271448275862,2.5105187031269547,0.002339067296915355,3.873446361952962,0.18730296918397038,0.0,22.002051062269505,0.0,0.0,0.0509236276849642,0.13852139703030986,2.441466245443241,7.008053291042426,10.255087438540173,25.53073798831521,-0.15241520142798676,-0.32077018668273627,0.11026053524027106,2,26,4
164,2022-11,ЖК Бобров 2,0.0,1.743399524914775,2.423146438509349,0.003259581193204267,3.524982306563049,0.32641138558851185,0.0,21.66997893894829,0.0,0.0,0.04632739187418087,0.12566314815449467,1.9607794228705433,10.113512982522616,10.717583044678308,27.681902401809793,0.17637654858752783,-0.8699614954411271,0.3080297407049377,2,26,4
165,2022-11,ЖК Богданино,0.15929353897457274,2.6709881115459884,0.0,0.0,8.574136555809883,0.22233949971849115,0.10230604906937393,31.139554015414486,0.0,0.0,0.1303108095924991,0.19833012571147782,3.000673286656793,6.791198233587187,20.916982148284006,53.11700552250183,2.6218905504670658,-0.18677270403997168,0.730763652703735,5,18,-1
166,2022-11,ЖК Бодеевка,0.0,1.18055067854865,2.565550311006941,0.009510589953745029,3.5431607651339383,0.2090115885854411,0.0,19.6227209573454,0.0,0.0,0.012234361384512093,0.14444508418275964,3.16226398925203,8.347379185303652,10.145425228711758,25.82633867576687,-0.14102445956402979,0.05043103824812824,0.6783981210244651,2,26,4
167,2022-11,ЖК Болдасовка,0.16953286687534525,0.0,1.0227089207172664,0.2648305084745763,3.0202317262830483,0.0,0.19703389830508475,35.83599580564589,0.0,0.0,0.16441749263670122,0.24869340504546036,3.6200376656911692,4.5654674636291865,19.077297168487387,48.03476389733231,4.148586554460177,-0.587589333514481,3.021418279882195,6,6,9
168,2022-11,ЖК Бушовка,0.13123764889669987,1.291841164921466,1.4696388150772561,0.021034447718727773,12.229637276483992,0.2299555270252921,0.10095059558679945,37.948978710119,0.0,0.0,0.15853548130469372,0.24514028245582933,3.0051803903145116,2.5841506473126716,11.667623805411251,38.16280807114952,3.6924763909431215,1.0658750646517283,0.913843058608094,5,31,5
169,2022-11,ЖК Верхний Икорец,0.0,1.6176158520421686,3.108290113777992,0.0,5.425712944417848,0.325077938634022,0.0,24.780699642244638,0.0,0.0,0.047831754161331626,0.15164185975141936,2.8396710913327476,7.356740853478687,12.83010631475003,32.367162308663865,0.7664155126219014,0.2949499980270861,0.16327211876446868,2,24,0
170,2022-11,ЖК Волчанское,0.0,0.0,4.1354165345164215,0.011481844946025515,5.978797156059506,0.0,0.0,20.665295404566173,0.0,0.0,0.0,0.10761116668919832,3.5802708874316718,6.893841861043212,14.671463680368687,44.04517673108512,-0.8062252203408589,1.3765722368133517,0.08733524683177968,1,9,2
171,2022-11,ЖК Высокое,0.0,1.242584876639438,3.8261529105460594,0.009609224855861628,4.926719021261095,0.2718469911686178,0.0,20.400655735189613,0.0,0.0,0.042860371795921705,0.12127958398165588,3.586139379463022,9.710583515913765,10.652629546269663,27.985576528960074,0.3718835964052504,0.7929879021749259,0.5128050786272689,2,26,4
172,2022-11,ЖК Гусево,0.0,2.124524904980996,1.7081240423330115,0.04123795770054971,2.390651451202679,0.13758122243226215,0.0045712056275039594,15.204000043904966,0.0,0.0,0.04421396117306898,0.08535583550267765,2.2442427740293684,6.151667222536784,10.178866571592035,30.798405621534737,-0.7472679493058244,-1.0100636065367954,0.1957998432077786,2,25,13
173,2022-11,ЖК Добрино,0.0,1.178668987043193,2.5527634990101866,0.0068041096822480775,3.1939909097774173,0.2027299082535373,0.30579964966060874,19.414638537453733,0.0,0.0,0.016693693853323175,0.12193624428355364,2.185867845557432,5.912489693469086,11.836013101348781,31.498222517580878,0.3509851302370179,-0.4478439106151447,0.6131089612395612,2,25,13
174,2022-11,ЖК Залужное,0.0,50.76758409785933,2.8241789787444307,0.003978344236408753,3.2812256439493064,0.0,0.0,18.34185216885425,0.0,0.0,0.0,0.0973247189370711,2.521772125324287,3.7810224393386305,10.893385452365964,31.075646110858518,-2.3078935908902505,1.9303055401421199,0.39478241211612114,3,29,3
175,2022-11,ЖК Колыбелка,0.0,49.22252497729337,3.706486560325969,0.0031806615776081423,4.601660825828462,0.0,0.0,20.277410066961416,0.0,0.0,0.0,0.11889121935513546,3.053686379659866,4.266365633758953,10.965524314808523,31.628833607275933,-1.8980083186813612,2.7426607999066626,0.19758154751966983,3,29,3
176,2022-11,ЖК Коршево,0.0,2.32670987176062,2.0788445594588483,0.013386880856760375,4.249874349534596,0.1956539629071111,0.0,16.631989637026702,0.0,0.0,0.0479056249106103,0.16700912287781397,1.7636399577643715,6.916560234890102,10.579082569971636,28.383472678093945,-0.2652368981891377,-0.6369821765182727,0.2812519794532546,2,26,4
177,2022-11,ЖК Озерки,0.0,1.5389948973242067,2.7045455331821637,0.04434589800443459,3.5515563603610363,0.28285293173795445,0.09879532381062982,21.64470691888128,0.0,0.0,0.09548630612353852,0.15946187985077828,1.9508506255077172,6.020431434235225,11.864249092133575,35.15071719887217,0.9405424499437355,-0.6500282272624524,0.6523644688330207,2,25,13
178,2022-11,ЖК Песковатка,0.0007562413085226143,4.182265981190876,2.286688410455621,0.006622078008078935,3.5523032162102073,0.1951598729913125,0.0,19.312256976546,0.0,0.0,0.03911163443392422,0.14291386525795827,1.7924984944192797,6.011512174151233,9.651416095835996,26.77722335617956,-0.46346669377548694,-0.6272562617903307,0.17310788413696024,2,-1,-1
179,2022-11,ЖК Петровское,0.0,28.046135044301863,3.7066968619212255,0.005781217419199615,4.7992764186948635,0.0,0.0,20.61250199870529,0.0,0.0,0.0,0.11348318226811327,3.0535868564075646,6.595107643118149,10.860563117873742,31.90446635905581,-1.5130876302942318,1.8665690487505773,0.7527625787740023,3,29,3
180,2022-11,ЖК Петропавловка,0.0,1.6647713190572733,2.725892265508245,0.00299014061742363,4.017250851964402,0.28981971313938565,0.17691737803364932,25.618557607788876,0.0,0.0,0.047409712989755215,0.13450366372077413,2.6847773109243698,2.955571766744144,11.819855687134885,32.30032347509424,0.9323937364711599,-0.04243470050838917,0.13550910118055953,2,25,13
181,2022-11,ЖК Старая Чигла,0.0,3.04832860251882,2.016334745984713,0.008836807223129382,3.935833595611936,0.21355115976206399,0.0,19.832889045220195,0.0,0.0,0.040003590218348505,0.1533101247495164,1.744938227003851,4.330992754779611,10.542106176515205,27.993202997025257,-0.24036332616915976,-0.6875204972629574,0.22713823784968473,2,26,4
182,2022-11,ЖК Сугоново,0.0,1.2476930696733444,0.0,0.0,0.8246313580182935,0.0,0.0,33.031086610579294,0.0,0.0,0.0,0.0,0.0,7.727857001875062,19.47282543528369,60.77929830133601,-1.9413156486086498,-3.272246583322088,0.045591014710269454,4,1,-1
183,2022-11,ЖК Уланово,2.4500907441016335,2.0152414567623937,2.1055320558513984,0.03938446233155467,3.5333486668523175,0.8095238095238095,0.008605227457719092,18.35189136310067,0.0,0.0,0.08543991137596456,0.10002540417761548,2.6228440726895887,5.763079588440006,13.405284257818895,41.38597702432346,10.026964955290996,-2.4726413915332164,11.095858962428963,10,31,5
184,2022-11,ЖК Щучье,0.0,33.41532258064516,4.076117461982171,0.010558375634517767,5.119471287839688,0.0,0.0,21.3384764458511,0.0,0.0,0.0,0.07657560809016052,3.0767704612588047,4.959327865145958,11.088961580353345,32.0763111400562,-1.659383153276791,2.2204813933648055,0.1466057212864542,3,29,3
185,2022-11,МТФ Щучье,0.0,0.0,3.385951700050748,0.009940357852882704,2.9097539147240954,0.0,0.0,19.53295749327957,0.0,0.0,0.0,0.1223563593627579,3.503456456551245,7.78434940855323,14.499751687180458,43.407750772108756,-1.1533550697556685,0.543461090726666,0.3525880489420307,1,9,2
186,2022-11,РМ Кольцово,0.0,0.480874653526332,1.9719594851072948,0.010636883393165802,1.6168039584587597,0.0,0.0033240260603643133,21.37527363718461,0.0,0.0,0.0274999323005854,0.11273023774441479,0.9587192863685238,4.33484908921686,8.395043283512406,22.91747262030297,-1.6300858717597493,-1.5316775581823252,0.19838334440648966,9,22,12
187,2022-12,ЖК Аристово,0.058650826311320146,0.4739368998628258,0.0,0.0,12.328598929476946,0.054819064966605956,0.029042429977289935,32.27607052305381,0.0,0.0,0.07374008753021098,0.050385426873081195,2.185593387128518,5.852591255663192,19.616041435257667,48.974363168919844,0.9742489332734032,-0.13425486351950053,0.34783596866621563,5,18,-1
188,2022-12,ЖК Бобров,0.0,1.3423302582859613,3.0112300288671405,0.0018828754888234442,3.7146467824584746,0.0,0.0,24.1936020303332,0.0,0.0,0.04961897356143079,0.15477775420890458,2.8606832754347686,4.858883471868217,8.200618588348323,22.32838720765684,-0.7164213708784988,0.3187219476773722,0.8526741165807057,1,23,14
189,2022-12,ЖК Бобров 2,0.0,1.9479534563776375,2.9159091443354943,0.004861649857770882,3.614494401851584,0.0,0.0,22.25711606154023,0.0,0.0,0.050573997233748266,0.12504779602324737,2.1842084054482953,9.491970729982695,8.531387566522834,23.63147842673871,-1.0375822590757393,-0.2492730395650131,1.3634332202059243,1,23,14
190,2022-12,ЖК Богданино,0.13258274647887325,0.0,0.0,0.0,8.98402841850735,0.20548267833861053,0.10198745598591549,28.50320789869215,0.0,0.0,0.05824973931178311,0.19273833420229405,2.8942184638791533,5.105644943473396,24.244795594966657,64.34882729466288,2.0717958742777474,-0.09866161392476586,0.557106558005846,5,3,16
191,2022-12,ЖК Бодеевка,0.0,1.2154062055295791,2.64868499186393,0.010580204778156996,3.378370179331503,0.23720202868870394,0.0,20.97166395738277,0.0,0.0,0.010283069962517133,0.1435797799915758,2.8694096608442665,6.170645157984359,10.218331958704969,25.690851306146353,-0.07724014685757931,-0.08297179487278246,0.14786735417975058,2,26,4
192,2022-12,ЖК Болдасовка,0.17272272443890274,0.0,1.0105958549222798,0.26495726495726496,3.347905834763999,0.0,0.09829059829059829,33.23543641965147,0.0,0.0,0.17226663397512001,0.24295906674237344,3.5336424210766872,4.546735751295337,18.83261726808752,47.1556906365385,3.7925333812199384,-0.6161761801907346,0.35719892213910037,6,6,9
193,2022-12,ЖК Бушовка,0.12705457552370453,1.2525228256620384,1.3719680695244605,0.025399063396948484,12.903747693223533,0.13158722275670193,0.09773447262036015,33.62163064633429,0.0,0.0,0.14371607022282243,0.2723200540175557,2.860124636964716,3.2770644826722934,11.353893551536883,37.38797308225325,3.2266963528906594,1.2538994809115878,0.5022989398336553,5,31,5
194,2022-12,ЖК Верхний Икорец,0.0,1.7787275133079847,3.6772713415514304,0.0,5.18371693072575,0.0,0.0,24.41611089504771,0.0,0.0,0.03829312089023774,0.12029202738071271,2.8959252050631,6.982706336307191,10.266783236591406,31.155662779429203,-0.7615030023291417,0.739443020122762,1.5912602034305854,1,20,17
195,2022-12,ЖК Волчанское,0.0,0.0,4.1284183980011475,0.010759299108515216,4.76153575633284,0.0,0.0,20.99021245937261,0.0,0.0,0.0,0.15434165784209908,3.474497835251225,6.9474824556910155,14.656231099855745,44.08779866079211,-0.792518508230797,1.219774798339644,0.15739539595802746,1,9,2
196,2022-12,ЖК Высокое,0.0,1.115053917012448,2.8401741853538893,0.0016686690695501267,3.962071929862759,0.27108967366371356,0.0,17.500278537765222,0.0,0.0,0.03271040129384413,0.11672536136662286,3.1511170305908576,8.174931341077086,10.420060933297407,25.474112389753724,-0.03780481904386062,0.09114917681322732,0.8126636414720035,2,26,4
197,2022-12,ЖК Гусево,0.0,1.3589956271509542,1.6723560504779642,0.05775510748861048,2.270634094486015,0.0,0.005280662727790432,17.016492026433788,0.0,0.0,0.015075314019448945,0.08772679994933776,1.8152968487245515,4.119784616082705,9.09805053293038,25.205808589224,-1.3043342393650565,-1.1142872550016707,0.5667322299108164,9,22,12
198,2022-12,ЖК Добрино,0.0,1.0989777179785132,2.3516728676784737,0.005962318149296446,2.896985835542585,0.24652022565849618,0.0,21.894731249662033,0.0,0.0,0.021654841395246104,0.12819085114360707,2.250872224039879,4.7228421321950975,10.303915260130307,25.801346591704686,-0.2290116116716353,-0.6384094853630624,0.6105009900922823,2,26,4
199,2022-12,ЖК Залужное,0.0,16.636186533544382,3.21362296430625,0.004090613529103304,3.721393627008485,0.0,0.0,21.09729000470446,0.0,0.0,0.0,0.12209000498445326,3.1186266004220156,2.5953048848894245,10.366345520397715,30.715651798656058,-1.3921768037814168,1.1965999167067511,1.173397279719707,1,29,3
200,2022-12,ЖК Колыбелка,0.0,18.147538388475542,3.571209912244714,0.003264442832970752,4.183976251222927,0.0,0.0,21.35120553818412,0.0,0.0,0.0,0.13823543976266423,3.0785455504613553,2.850283268230172,10.411328608638307,30.887663959304614,-1.325803518750222,1.4832396607879497,1.3833148371658968,1,29,3
201,2022-12,ЖК Коршево,0.0,2.54268241657933,2.3546093968844226,0.011335665241611607,3.4349208231835364,0.0,0.0,17.794399311180257,0.0,0.0,0.05869956893110881,0.1421284533255785,1.928946280089915,5.027137418119767,8.790186041854552,24.200326471208253,-1.147154067007794,-0.44186027635474673,0.9032444013557677,9,23,14
202,2022-12,ЖК Озерки,0.0,1.2689245946817556,2.882556418039896,0.027326670830730794,3.1484474033500334,0.3047315112540193,0.09359407735697019,23.593803771603387,0.0,0.0,0.08387809975710332,0.14577574691785306,2.3998082829159153,5.2653026219612835,11.759317218102696,34.30979225268984,0.8948856927656946,-0.4371809524453921,0.217689002646123,2,25,13
203,2022-12,ЖК Песковатка,0.0,4.473831682177524,2.566930098107919,0.014148273910582909,3.2998777416481992,0.1925204369274137,0.0,18.933028769927905,0.0,0.0,0.04674807399547908,0.13285734842255592,1.9761620832640607,5.72980090321576,10.688633802281483,29.441512331276193,-0.45288604812964117,-0.4922811771724186,0.13538915587998723,2,26,4
204,2022-12,ЖК Петровское,0.0,17.732927047858038,3.6325437044833384,0.004494065757818765,4.363821739932267,0.0,0.0,23.569598328481003,0.0,0.0,0.0,0.10441088273969469,2.824673718912322,4.606950706424654,10.50657341738213,31.212177525774102,-1.374732353542081,1.2430395617543124,0.6386949222899689,1,29,3
205,2022-12,ЖК Петропавловка,0.0,1.7765427554521136,3.1182835855447526,0.0025248661055853098,4.0019981664833155,0.0,0.0,24.099025183101322,0.0,0.0,0.04731658249855121,0.12687859263302229,2.8814521656885095,3.655359234040461,8.270356272355876,22.439381670817966,-0.8130229620218331,0.3993762009659529,1.8004655853527858,1,23,14
206,2022-12,ЖК Старая Чигла,0.0,4.561897369139026,2.431920013015812,0.0072628390472256645,3.6568748389680965,0.17912533838657285,0.0,20.87101453011601,0.0,0.0,0.04733234746412531,0.15139756748106264,2.037275721114059,4.853954670919824,10.50985899739068,28.323544572992894,-0.33833864648638434,-0.36854230765520046,0.3336858535160052,2,26,4
207,2022-12,ЖК Старое Резяпкино,0.0,0.0,0.0,0.0,0.0,0.0,0.0,17.33654927636113,0.0,0.0,0.0,0.0,0.0,0.0,20.64028681376278,70.81976640458788,-2.7494362359887434,-3.176364246514462,,9,-1,-1
208,2022-12,ЖК Сугоново,0.0,1.3904088410697817,0.0,0.0,0.7327172915849154,0.0,0.0,33.485275069166924,0.0,0.0,0.0,0.0,0.0,8.090931411005226,19.504259075364246,60.814794020683415,-1.933483437513683,-3.2944889925927274,0.023581100500162232,4,1,-1
209,2022-12,ЖК Уланово,0.0,1.7753946629064576,1.9738302352048558,0.03278917810661437,3.2554263590346584,0.026333676335623106,0.005389237668161435,20.39027713699303,0.0,0.0,0.06517789428763031,0.0843833897123942,2.1533245154180265,4.183775303151,9.281064202298255,28.637318354420323,-0.8686731945678434,-0.7282899770008421,11.03438682256701,9,25,13
210,2022-12,ЖК Щучье,0.0,18.209268854346575,5.071195825307453,0.01887694145758662,4.762137016835814,0.0,0.0,22.627353731657657,0.0,0.0,0.0,0.09285883643569963,3.270606467797979,5.924082465421935,11.062606325714299,32.42503738848238,-1.301515188083841,2.0305748483571704,0.4051345163622566,3,29,3
211,2022-12,МТФ Щучье,0.0,0.0,3.438078463876226,0.008771929824561403,2.532697859387274,0.0,0.0,18.569872357901655,0.0,0.0,0.0,0.1224151593453919,3.4518363227990254,8.685997596153847,14.463906383933686,43.26213123600952,-1.263826355606063,0.45550104828364407,0.1412121597597664,1,9,2
212,2022-12,РМ Кольцово,0.0,0.515720487791389,2.5719056452555473,0.03129371916648259,1.2505889197963123,0.0,0.012333406965613724,22.47110227632097,0.0,0.0,0.031975011046197654,0.14226006022223311,0.966444114422243,7.265518003092556,9.547855094707588,26.765882139253996,-1.3306565934110224,-1.4022721581795068,0.3261957238872527,9,22,12
213,2023-01,ЖК Аристово,0.07965728604471858,1.2208943716268312,0.0,0.0,12.592013527487856,0.0,0.09898293515358363,31.813885815978068,0.0,0.0,0.1132841171935235,0.10103855050115651,1.9927531751233567,5.644237784895441,19.733553884337386,49.41229265745105,1.355947230387655,-0.027207717567180538,0.39642487494663714,5,-1,-1
214,2023-01,ЖК Бобров,0.0,1.3057921087013327,3.0254337920912127,0.0017241379310344827,4.712540635358652,0.0,0.0,25.680161726384366,0.0,0.0,0.053850426246447945,0.13008019181359085,2.858106535673006,4.32076897400123,8.225537821378344,22.311515589654192,-0.6073498081848496,0.4315035280094738,0.15689579551613522,1,23,14
215,2023-01,ЖК Бобров 2,0.0,1.2645212302163977,2.889267791867864,0.0046204620462046205,3.546828767392611,0.0,0.0,22.24397334693858,0.0,0.0,0.05146296296296296,0.10542834404909003,2.3973818776188924,8.98515050975198,8.419871217720383,23.172392804144557,-1.0612388890559825,-0.22292498419927784,0.03540983145367953,1,23,14
216,2023-01,ЖК Богданино,0.13528870967741935,0.0,0.0,0.0,9.15679562531535,0.1958860103626943,0.1040688940092166,26.295468339004877,0.0,0.0,0.06802368443717165,0.22857600551201449,3.0369283386289565,6.136046351895454,24.283558319961635,64.69784157642603,2.1922403032546383,0.07996326976575983,0.2154384124176168,5,3,16
217,2023-01,ЖК Бодеевка,0.0,1.1052774123166769,2.871015200746745,0.011863125877398222,3.203948450139561,0.21948406279733587,0.0,19.9110969904707,0.0,0.0,0.005624682642888105,0.1499023253343249,2.4881388569841634,5.023521260457169,10.10451290838851,24.967181934100882,-0.3084951530465749,-0.16526852842352394,0.24546207495373726,2,26,4
218,2023-01,ЖК Болдасовка,0.155711719590958,0.0,0.9162034463590883,0.1353135313531353,3.7088622607868773,0.0,0.13751375137513752,34.93472014739094,0.0,0.0,0.16466662397540985,0.22749182889344263,3.438011572475918,4.898554752640356,18.73884121359381,46.44257032247938,2.820357879945466,-0.49436857989954314,0.9797766565738187,6,6,9
219,2023-01,ЖК Бушовка,0.1263230031359528,1.39708142005548,1.6244412983828596,0.045845027455765706,13.942140973010742,0.03071437838377286,0.09717081719239994,32.80992421467648,0.0,0.0,0.14212646497683293,0.27139275006813846,2.9736350677210934,4.234786846135246,10.761908187333509,35.80247266198904,3.081789331595011,1.641353202678445,0.41366463630792355,5,31,5
220,2023-01,ЖК Верхний Икорец,0.0,1.4257769934319562,3.817889661862256,0.0,5.50926776081717,0.0,0.0,26.092342544260884,0.0,0.0,0.046182182303677634,0.14237415345390805,3.337175885194391,6.318923140281928,10.325661439621497,31.350771537860595,-0.4331222444902545,1.1182426966863703,0.5013213710620525,1,20,17
221,2023-01,ЖК Волчанское,0.0,0.0,3.9435022587622752,0.010900101134958984,5.119440406350159,0.0,0.0,21.6954191187736,0.0,0.0,0.0,0.1390961352537247,3.207485858339737,4.721495441186522,14.568140703573896,43.73242447928192,-0.8313960453664471,1.083129636782801,0.14206816346609685,1,9,2
222,2023-01,ЖК Высокое,0.0,0.9793854388386001,2.6010462361619218,0.00168713726548792,3.60721755241282,0.19168214358431404,0.0,19.660504142207312,0.0,0.0,0.02877126710291493,0.14385410469958357,2.957555081192346,5.287796067851577,10.081381433691904,24.05310145975472,-0.25012950493246444,0.033393483475831306,0.22003975175085433,2,26,4
223,2023-01,ЖК Гусево,0.0,1.24627346708565,1.7367514062066474,0.05997838297570743,2.1896801173097877,0.0,0.005165051296135514,15.71721541999343,0.0,0.0,0.06119463229078613,0.09514078552300577,1.8917324045296398,5.419159475123164,9.551806809458807,27.07660002137378,-1.097606365131113,-1.1425347927034353,0.20864883745541885,9,22,12
224,2023-01,ЖК Добрино,0.0,1.1635399329724156,2.598654815012198,0.004345181194055792,3.146904673722143,0.27288804637957126,0.0,22.905750100140008,0.0,0.0,0.008272359939108045,0.1258688685509715,2.8032876159987032,4.981735433060284,10.148679080518177,24.387304743976756,-0.023609332795299906,-0.22815837747238044,0.4587985044582467,2,26,4
225,2023-01,ЖК Залужное,0.0,45.69975186104218,3.3165667483130186,0.006131499785131071,4.387901384083045,0.0,0.0,20.33259777511078,0.0,0.0,0.0,0.13655404061551343,3.0599039670797117,2.1281924883233185,10.996366426990988,31.555115469979494,-1.7533991298291602,2.51630883469858,1.3682518763234004,3,29,3
226,2023-01,ЖК Колыбелка,0.0,54.93840790238234,3.575060465350524,0.002603406326034063,4.105748683972546,0.0,0.0,20.91549807236485,0.0,0.0,0.0,0.12496659829378584,3.0992376464764737,1.6271158359491888,10.909581274741695,30.995236397070773,-1.9948863151361427,2.932414020469264,1.596176090905183,3,29,3
227,2023-01,ЖК Коршево,0.0,3.882299292434041,2.4920049106898667,0.015037091492347792,3.6695448658396637,0.0,0.0,17.514098675887663,0.0,0.0,0.060464091950327536,0.12220647350924292,2.0092217072311156,4.15540995751767,9.01592637662706,24.696304691098355,-1.186235224653191,-0.2886649579162853,0.1581016839706838,9,23,14
228,2023-01,ЖК Курская Васильевка,0.06563636363636363,0.7490874847231552,1.22437519772224,0.002372666877570389,2.5700875684800786,0.2428386157113512,0.06521315943157485,21.23303387591218,0.0,0.0,0.05399677042801556,0.12461862513215691,2.7221174120847516,1.8479698403206084,11.625824776602226,37.349640001625566,0.36514728409533087,-0.873953183088615,,2,31,5
229,2023-01,ЖК Озерки,0.055204436532931674,2.1930228107243224,2.888827982373308,0.024584439167481494,3.376273223820976,0.0,0.0,22.433401993961198,0.0,0.0,0.08844217366735732,0.13584998058147202,2.56997320781398,5.968958904743184,10.800057837100097,29.611911828961464,-0.44727092219061415,-0.0870915808200754,1.3870641467488034,1,14,15
230,2023-01,ЖК Песковатка,0.0,4.680979869575343,2.642583573383966,0.01114992938378057,3.5059516734305753,0.0,0.0,19.413697664188412,0.0,0.0,0.04446231846433425,0.11997599068079666,2.1579282772422728,5.515420679251172,8.868373039024876,24.528542060999733,-1.2190640211938817,-0.1735771393987383,0.8298198299041036,1,23,14
231,2023-01,ЖК Петровское,0.0,31.945127304653205,3.5340622352971014,0.005085527462946818,4.311079578705929,0.0,0.0,22.383117991789604,0.0,0.0,0.0,0.10479056211958468,2.8542736779160593,3.7534193093051935,10.795904165863178,31.457932524236924,-1.642069798283678,1.8016061641426722,0.619246282721699,3,29,3
232,2023-01,ЖК Петропавловка,0.0,1.4432109330088172,3.0090534217684994,0.0021776676428625066,3.918081936115163,0.0,0.0,22.943637680170077,0.0,0.0,0.048785333467458,0.11433375973372746,3.0638470480388524,4.3834049614542945,8.21900093092542,22.26778739166516,-0.8610211048420785,0.3839415396806722,0.05041875130528341,1,23,14
233,2023-01,ЖК Старая Чигла,0.0,4.694713659225489,2.637152388666118,0.01413153195123845,3.660583525752292,0.0,0.0,20.238195880924543,0.0,0.0,0.04370386869067608,0.11777016262860936,2.0461772541495535,5.211610897655201,8.930320929385857,24.659455884636127,-1.1779040305087614,-0.21352375144010768,0.8537568663382177,1,23,14
234,2023-01,ЖК Старое Резяпкино,0.0,0.0,0.0,0.0,0.0,0.0,0.0,24.23565436341901,0.0,0.0,0.0,0.0,0.0,0.0,20.759254795064205,71.10691603778298,-2.4455271250079456,-3.220894852696271,0.30715423263249725,4,-1,-1
235,2023-01,ЖК Сугоново,0.0,1.4630871086694763,0.0,0.0,0.7491973710616094,0.0,0.0,35.01161445163556,0.0,0.0,0.0,0.0,0.0,8.853225993377484,19.561439837171914,60.96322643663298,-1.8620376219561463,-3.317151882857968,0.07495406030266723,4,1,-1
236,2023-01,ЖК Уланово,0.0,1.6397722804679922,1.8657216067182676,0.0460479383171304,3.746010390903213,0.06541859229075447,0.09011271947287977,20.107495494451108,0.0,0.0,0.02620167446441763,0.06848171325788803,2.3295789144200083,6.897335664264484,10.93030497818413,32.2770245257018,-0.4866108380968501,-0.6737650856393809,0.3859334243236099,2,25,13
237,2023-01,ЖК Щучье,0.0,30.436191762322753,4.763006276363785,0.022271714922048998,5.211246539548023,0.0,0.0,22.080049113519873,0.0,0.0,0.0,0.1125366655812439,3.396610725777619,2.9920325551890383,11.29376148400567,32.555858233141436,-1.3207946354544051,2.662835755789901,0.6325547819426982,3,29,3
238,2023-01,МТФ Щучье,0.0,0.0,3.6110460845829344,0.0040137614678899085,2.7738430988946496,0.0,0.0,20.7385995995996,0.0,0.0,0.0,0.11248270402913005,3.4995244513510086,6.650837138508371,14.221882002374048,42.64136687877305,-1.225706074607756,0.6044662608466389,0.15376537444212893,1,9,2
239,2023-01,РМ Кольцово,0.0,0.4276302540349262,2.511474416232672,0.031153857642104005,1.2579353769676884,0.0,0.01209713551778727,22.693826008285004,0.0,0.0,0.03316529733795812,0.13015371306782564,0.9185256383467759,6.101675677290242,9.538375534469736,26.44602397162012,-1.3733073005233718,-1.457516270862408,0.06979251251606085,9,22,12
240,2023-02,ЖК Аристово,0.07777409988385597,1.5987224157955866,0.0,0.0,12.16810596123597,0.0,0.0,30.72531925671172,0.0,0.0,0.10110859465737515,0.11666376306620208,2.1706980387362687,4.203558216000873,18.22231329026427,49.1964053558117,0.9948771535959002,0.08244262438072154,0.37735235237599285,5,-1,-1
241,2023-02,ЖК Бобров,0.0,1.1168938157017108,3.0211092038975536,0.0017946417126009485,4.320105714179354,0.0,0.0,25.12538342435705,0.0,0.0,0.0507570306038048,0.12040868186806487,2.597869188844372,4.069155790160193,8.143735065168796,21.941298339135898,-0.7887114383481616,0.2056233828765929,0.28967892719482596,1,23,14
242,2023-02,ЖК Бобров 2,0.0,1.3388476798988427,2.84470196340001,0.003720238095238095,3.543449448255294,0.0,0.0,22.04705588066552,0.0,0.0,0.048007040270346385,0.09844327884302527,2.349637558024305,7.975704803614432,8.328305663101835,22.86499541865485,-1.133322112816389,-0.24803428749193673,0.07633130589434174,1,23,14
243,2023-02,ЖК Богданино,0.13168199608610567,0.0,0.0,0.0,8.994424038447407,0.2108151538645038,0.10104675963904841,30.65118764696267,0.0,0.0,0.07451663346613546,0.22481338176902932,2.9138733674308157,2.5382877463581837,24.282985682747107,64.1998804435276,2.3739387316619736,0.01484739508805572,0.19301397882209986,5,3,16
244,2023-02,ЖК Бодеевка,0.0,1.0841608210548794,2.8589362512328464,0.008797437161163135,3.2257562156066286,0.2248677574916364,0.0,20.212053054804837,0.0,0.0,0.005991553202218861,0.1566669928220338,2.518994838346575,5.706021154489949,10.067319569030127,24.77708033070983,-0.2569664161034322,-0.15329026424133207,0.05290264212469902,2,26,4
245,2023-02,ЖК Болдасовка,0.18802277128030362,0.0,0.9353869870295556,0.1941747572815534,4.71144212745257,0.0,0.11974110032362459,35.23060799769549,0.0,0.0,0.16226663899266638,0.21586644527466445,3.2817777813587727,3.6324292697466465,18.845170471132175,47.083248697755145,3.3833166526446066,-0.49216193845923184,0.5629630973921549,6,6,9
246,2023-02,ЖК Бушовка,0.12940667004818665,1.2748039279617942,1.2391377627960614,0.028315213358070503,12.337312596487473,0.08161773036601068,0.09367296474765407,32.68016152382011,0.0,0.0,0.1838294293150511,0.22873643115597028,2.7811185435568997,3.4216588714475313,11.26342380678499,37.4253762827387,2.9402018675050434,0.9379244285030793,0.7175367937083683,5,31,5
247,2023-02,ЖК Верхний Икорец,0.0,1.3634970772176134,3.9621614740105127,0.0,5.917816122293108,0.0,0.0,26.45154724429272,0.0,0.0,0.04509595635430039,0.1428504074044775,3.193095878271553,6.735929333598907,10.328684979194904,31.394741722110236,-0.41000961292068816,1.1551385142118507,0.043537283894887785,1,20,17
248,2023-02,ЖК Волчанское,0.0,0.0,3.815523256663778,0.012540099154272382,4.8770391020636925,0.0,0.0,21.17961896080219,0.0,0.0,0.0,0.13476302235303073,3.0656239116075183,4.590809444289823,14.57694269317308,43.682163488521226,-0.9113804886302659,0.9112038792568202,0.18962061402997663,1,9,2
249,2023-02,ЖК Высокое,0.0,1.1508976637087402,3.006211475767774,0.01362769146906514,4.267710160164828,0.23162774658136834,0.0,25.453228805952044,0.0,0.0,0.025212397820163487,0.12605790190735694,3.2142493227123854,4.6068707023104905,10.414581623827875,26.74553100537768,0.27983133942386085,0.33086343470992735,0.607739145059856,2,26,4
250,2023-02,ЖК Гусево,0.0,1.4727271452706254,1.9183763179237632,0.06879420315008461,2.3037211689694814,0.12411253271299796,0.004358484835336487,14.599734556835498,0.0,0.0,0.035401726466615775,0.09055090315846881,1.865528189540009,9.150151833197542,10.183289878739364,30.28446639960656,-0.7142736527052131,-1.2410814404458217,0.3957971831595819,2,25,13
251,2023-02,ЖК Добрино,0.0,1.177609490779902,2.5352486309750666,0.002488057324840764,3.1586733747579325,0.30092160868550083,0.0,20.380732392192844,0.0,0.0,0.0144328268692523,0.13738306375448608,2.804042069161098,6.320922467678689,10.285031887385404,24.77733955939108,0.0450790834432748,-0.2677737715089711,0.07929361872205123,2,26,4
252,2023-02,ЖК Залужное,0.0,55.64227309893704,3.3251968358688337,0.00962704811443433,4.415847724068036,0.0,0.0,19.21382064382692,0.0,0.0,0.0,0.119649100695812,2.867661253660435,3.14596180127532,11.230224497952054,32.00887776573534,-2.0338501561103204,2.7498285040620214,0.3649441246571411,3,29,3
253,2023-02,ЖК Колыбелка,0.0,56.65440747227087,3.7039050530949353,0.001998999285203717,4.247415737865317,0.0,0.0,20.82472249755392,0.0,0.0,0.0,0.1216349233062461,3.161845386480623,2.39700607069761,10.912202514640368,31.116417312548492,-2.0180323486481826,3.080391262526795,0.14977651028880856,3,29,3
254,2023-02,ЖК Коршево,0.0,4.669150662361397,2.4797555314711057,0.013503086419753086,3.76604095868468,0.0980893371757925,0.0,16.06814710422683,0.0,0.0,0.05806638950240353,0.11352844302436693,2.122263863727407,5.232021860046624,10.340644299985486,28.95287684377256,-0.8882955158195142,-0.30672070044985666,0.29848631449085705,2,26,4
255,2023-02,ЖК Курская Васильевка,0.06619256490952007,0.9252089135609171,2.6408618493647342,0.0033031133600393563,3.1131610973983905,0.21329550328086805,0.06569630212431156,21.70818039550647,0.0,0.0,0.05866835203033654,0.12854736031676198,2.5878447124138764,2.2598561137169857,11.383960018590006,36.330567424281824,0.24781528384804727,-0.2992539339132291,0.5865543668619141,2,31,5
256,2023-02,ЖК Озерки,0.0,3.5892787196065794,3.014297325666565,0.0,3.4874369164343775,0.0,0.0,20.714732286649973,0.0,0.0,0.060469211822660095,0.128576916406521,2.5498313956848393,5.860059907892008,10.542606837795232,31.249034297776678,-1.0680701994207962,0.12304359775832117,0.6553995238674583,1,20,17
257,2023-02,ЖК Песковатка,0.0,5.66221926278477,2.7977904470560615,0.0047319969026929365,3.400095027947772,0.0,0.0,18.34437365630467,0.0,0.0,0.047414777512947794,0.11654430206575767,2.3203876849894294,6.352832467684904,8.768753304460468,24.252205311560807,-1.3175301911340123,-0.027284874920982787,0.17634345258247683,1,23,14
258,2023-02,ЖК Петровское,0.0,29.12988866685698,3.6927321768626515,0.00260117508813161,4.4226030663103835,0.0,0.0,22.46081236401708,0.0,0.0,0.0,0.1083513805640169,2.772916609252382,4.407682354600593,10.636387203719146,31.1582757640465,-1.6138575772992874,1.7220921494467971,0.08437065808637459,3,29,3
259,2023-02,ЖК Петропавловка,0.0,1.3428387083450362,3.1771912230235633,0.001144466942512545,4.116802601200045,0.0,0.0,24.29321692600304,0.0,0.0,0.04419133453994755,0.10163611406075988,2.8259718465067736,2.346471895435508,8.045764797002612,21.444564681918944,-0.9287662291108135,0.368492706519125,0.0694843026031036,1,23,14
260,2023-02,ЖК Семено-Макарово,0.0,4.531698207234144,1.0314658480429777,0.015614392396469789,3.38631072459365,0.0,0.0,18.277431315630324,0.0,0.0,0.010928379287155345,0.12504143708116158,2.1754694425121732,2.4369373729305837,8.274420458180412,22.18850820344754,-1.267360632970437,-0.6549207822951241,,9,23,14
261,2023-02,ЖК Старая Чигла,0.0,5.082159233485311,3.386917543780669,0.017023346303501944,4.343324738685012,0.0,0.0,19.421182861220597,0.0,0.0,0.04550278787878788,0.12091976137211036,2.230602635809498,7.042139041007841,9.114388408364297,25.78863074742557,-1.096511374596788,0.261006238458487,0.4814597342972362,1,23,14
262,2023-02,ЖК Старое Резяпкино,0.0,0.0,0.0,0.0,0.0,0.0,0.0,25.477733400809715,0.0,0.0,0.0,0.0,0.0,0.0,20.7773752669622,71.14975603695206,-2.3908129075466964,-3.228911911686208,0.055298452304246216,4,-1,-1
263,2023-02,ЖК Сугоново,0.0,1.6292558139534883,0.0,0.0,0.640173793906352,0.0,0.0,35.93733143084306,0.0,0.0,0.0,0.0,0.0,8.983729377857285,19.581916553100978,60.956827895298,-1.8369511662981948,-3.3388462695399377,0.03316589620355812,4,1,-1
264,2023-02,ЖК Уланово,0.0,2.04271425618233,2.8649905130687316,0.039315520282186954,4.13007135598696,0.0,0.062428112648221346,17.985309050592583,0.0,0.0,0.025581850669099754,0.07984025105409409,2.6277374227363977,9.883476015096749,10.538074979080793,29.47777354352722,-0.8836622330663259,-0.02867709253980146,0.7574881709231173,2,22,12
265,2023-02,ЖК Щучье,0.0,32.39686369119421,4.624158165761819,0.011012433392539964,4.8518463994253445,0.0,0.0,21.853044072313917,0.0,0.0,0.0,0.09605945452470614,3.1388185267047137,2.3561908187010787,11.054517663377268,31.85337564339028,-1.612649555497072,2.4793047537151387,0.3447650258881807,3,29,3
266,2023-02,МТФ Щучье,0.0,0.0,3.825311715398843,0.002841918294849023,2.555209399516093,0.0,0.0,19.80812931950259,0.0,0.0,0.0,0.0,3.3069205461778304,5.661811722912966,16.765891752248297,51.768022075120825,-1.8025248907298748,0.29303002890399277,0.6555245786384797,4,-1,-1
267,2023-02,РМ Кольцово,0.0,0.37638533674339303,2.2781649162756916,0.04291287386215865,1.099888053555213,0.0,0.007924252275682706,18.937399263686213,0.0,0.0,0.030375922437481637,0.11681438051950296,0.9254013791196447,7.012109882964889,9.433602233966822,26.486279581317984,-1.5163371986204544,-1.6147714887365632,0.21257176505432185,9,22,12
268,2023-03,ЖК Авангард,0.2534638255698712,0.5759052924791086,0.0,0.0,9.27367688022284,0.18830791505791505,0.08749408077994429,34.65722064777328,0.0,0.0,0.274109649122807,0.10668852459016392,3.8087051282051285,0.02927400468384075,21.737285115033913,57.73076319805613,3.4579680171029405,-0.040707289002247286,,5,18,-1
269,2023-03,ЖК Аристово,0.06428621908127208,1.4840989399293287,0.0,0.0,12.02981117154556,0.0,0.0,26.229138996516532,0.0,0.0,0.08356890459363957,0.09643109540636043,0.0,6.881960432713536,22.220015785679855,65.625661180525,0.09927966068689432,-1.1504374616066262,1.5238399442622137,5,-1,-1
270,2023-03,ЖК Бобров,0.0,1.0210480794282948,3.0634666066006413,0.0023090688679789874,3.674324945574135,0.0,0.0,26.145514419416834,0.0,0.0,0.05708218232044199,0.12964276032337704,2.6817559266811117,4.46230111331596,8.22704112519747,22.205115613416886,-0.736915376864404,0.14624613599640274,0.07879396824821205,1,23,14
271,2023-03,ЖК Бобров 2,0.0,1.3271845543609002,2.879769107271925,0.0028465998945703744,3.607413537955604,0.0,0.0,22.851715016502414,0.0,0.0,0.05833394411360513,0.11680445499007312,2.4995937806083846,7.876081366490832,8.376954959989002,22.82096191099134,-0.9480643646164598,-0.11512032776865817,0.22800560071504758,1,23,14
272,2023-03,ЖК Богданино,0.12698893075836082,0.0,0.0,0.0,9.05046173802021,0.2147288279045909,0.09768464437117287,32.20230081464228,0.0,0.0,0.0745874570793779,0.24242872653947575,3.1333531728784094,3.5154111726823425,24.275303467502308,64.54167839491436,2.5632041483931745,0.14956065167138952,0.23231241781213993,5,3,16
273,2023-03,ЖК Бодеевка,0.0,1.0911147198700846,2.895964970945174,0.005190590994982733,3.10597276297066,0.23005611712264074,0.0,20.72020958384046,0.0,0.0,0.008607359329225175,0.15048879232512974,2.289238263397709,5.352052333784129,10.057839993073541,24.690653785240862,-0.3270529812569277,-0.295718306314926,0.15873838157147951,2,26,4
274,2023-03,ЖК Болдасовка,0.20474661571345296,0.0,1.271996879875195,0.19017288444040037,5.586868782114355,0.0,0.09554140127388536,31.878328344526167,0.0,0.0,0.15522074697994015,0.2212634600465477,3.502957320409599,5.449013976802897,18.76724519940422,46.29027029115864,3.3163056625427463,-0.10516237463949256,0.3927583674361376,6,6,9
275,2023-03,ЖК Бушовка,0.12302102915405448,0.0,1.351054885750373,0.025045670153247386,9.48521800809888,0.0,0.09210339334076789,33.21935922579118,0.0,0.0,0.15322058726055546,0.24146165573009876,1.6941921772192245,3.678807725563097,18.169568393601896,43.80403747786149,1.9110719952033635,0.0014014777777878861,1.391468120834566,5,6,9
276,2023-03,ЖК Верхний Икорец,0.0,1.3825851321533076,3.963274742863918,0.0,5.98582807561138,0.0,0.0,27.04293172571807,0.0,0.0,0.04111715016116483,0.1370183378852907,3.0511295094392223,4.962028359055118,10.242172055670254,31.144772093880537,-0.45636705208491707,1.1234680008315552,0.05614297448155609,1,20,17
277,2023-03,ЖК Волчанское,0.0,0.0,4.018444990243571,0.017695635076681086,5.175972248071033,0.0,0.0,21.99550752602082,0.0,0.0,0.0,0.14211054628767808,3.2053240692041522,4.5156218087651645,14.726032508603481,44.092594859743635,-0.7515144031228753,1.1214709257708657,0.26413897127307073,1,9,2
278,2023-03,ЖК Высокое,0.0,1.068026849836779,2.9189581038716255,0.0,4.210250322415156,0.2190540714544795,0.0,25.966360548849686,0.0,0.0,0.021622391615054786,0.10811157694140068,2.9513944771140688,3.6971663278110456,12.270189495704628,30.089026762338897,-0.006113060659547861,0.15404214782187875,0.3361992971970734,2,24,0
279,2023-03,ЖК Гусево,0.0,1.4320793096938411,2.493223831063048,0.03352704514975414,2.7842689761244745,0.0,0.0038750205867821093,16.230520618796422,0.0,0.0,0.03728738046623676,0.11799235795988176,2.327031632354712,7.708434442527558,9.035419386611803,25.896652903985395,-1.1869847482701914,-0.4504411109735299,0.9211774587224202,2,22,12
280,2023-03,ЖК Детчинское,0.23755387630662023,1.6677893476717056,1.9538032556270097,0.04030676662063523,6.326486075259044,0.23960362761669485,0.10604773519163764,27.623034764175937,0.0,0.0,0.16110095308059622,0.1513619148560325,3.1299946652534887,5.73112761156002,12.073552402025266,39.956873605158236,2.6849034961667155,-0.04824063757476627,,0,31,5
281,2023-03,ЖК Добрино,0.0,1.0657625053412176,2.471645749367122,0.0020800399367667858,3.2382470116392055,0.2620544912662218,0.0,20.497496663534523,0.0,0.0,0.0046267001693341345,0.1470105438188424,2.633967812041572,4.97481862881941,9.970106632940235,22.667234410408966,-0.14171111365327496,-0.2662635146626943,0.18679630244496176,2,26,4
282,2023-03,ЖК Залужное,0.0,15.127423148673858,3.921137744458931,0.006554769894534995,5.0852672308096505,0.0,0.0,23.011764402053995,0.0,0.0,0.0,0.12247748990855918,3.352449101376018,4.418635130173273,10.58544924465942,31.619664409491158,-1.0831896830744197,1.704825187523054,1.4127233510387953,1,29,3
283,2023-03,ЖК Колыбелка,0.0,51.71345707656612,3.211911381788021,0.0019014709315900071,4.062802973459955,0.0,0.0,18.45229477867736,0.0,0.0,0.0,0.13084454230050707,2.9259506106212405,1.735241789900752,10.791769365375734,30.67254249315652,-2.0528253882992398,2.599403293267009,0.48224473266259005,3,29,3
284,2023-03,ЖК Коршево,0.0,5.7213870973186935,2.514937276962728,0.015831552283701415,3.759807526485343,0.0,0.0,16.693123128596103,0.0,0.0,0.053289569246180814,0.1249109833164813,2.164810154985335,5.562206991279803,9.129784802260662,25.40358620548359,-1.2158109682177223,-0.1222375903680103,0.37589944062883834,9,23,14
285,2023-03,ЖК Курская Васильевка,0.0602461825585341,1.1473469020300089,2.9412804251061044,0.004848581193863763,3.3736992804130996,0.21900845440944644,0.054292500848320324,22.465933645578787,0.0,0.0,0.07403719104798392,0.13023229426071453,2.365336194709118,2.1753271355628887,11.267166235249714,35.89025741775508,0.296198274664932,-0.27816928384692896,0.0527776114352012,2,31,5
286,2023-03,ЖК Наратлы,0.0,1.002517228941552,2.580635194068905,0.028670782769143425,2.9084713916651084,0.22826042522457454,0.0,20.35462434493105,0.0,0.0,0.039378346481147894,0.13531584435899105,2.0554745199586235,3.8149882903981265,10.732230966701547,28.719477610789987,-0.14070511334482716,-0.6476783927411998,,2,26,4
287,2023-03,ЖК Нестерово,0.241926499032882,2.4585341851494693,3.6664238996528167,0.013295152382900388,6.807254672093216,0.17432961984143117,0.10959465297720401,18.90580553026471,0.0,0.0,0.2896662271448664,0.1537907042095206,3.532847829047929,6.0609656856096565,11.986189117119476,38.2960118654352,2.451493553946461,0.8815168282160744,,0,31,5
288,2023-03,ЖК Огнева Заимка,0.10693743039384429,1.1824436055310952,1.7748398547629216,0.0,1.4393313204357627,0.24415310731776899,0.0,23.6827754077689,0.0,0.0,0.09129442057559885,0.15107640290370192,1.6595681647037561,7.4178545945075305,14.243960466842992,37.75354877275936,0.25961567669269736,-1.5889524169779732,,2,32,8
289,2023-03,ЖК Озерки,0.0,5.624138671282981,3.1632619598952525,0.1830028328611898,3.7374118274509804,0.0,0.0,19.530014871806177,0.0,0.0,0.05587952218430034,0.12406962345447733,2.9151341328453957,5.761313820438323,10.215669322430537,28.287276016428436,0.38995261027510714,0.2581797009717023,1.4642719282924308,6,23,14
290,2023-03,ЖК Песковатка,0.0,4.921475112375012,2.800671459576777,0.009608732416019679,3.4557058459361456,0.0,0.0,18.40247573949389,0.0,0.0,0.04809461653661228,0.12329550004955891,2.3491837897860717,7.105408000117454,8.915957695364828,24.916518884099837,-1.2181363582689728,-0.03961353493540745,0.10015552840135519,1,23,14
291,2023-03,ЖК Петровское,0.0,11.39823920576941,3.7353759731662106,0.004223046765611874,4.624997916838205,0.0,0.0,23.284387900201594,0.0,0.0,0.0,0.1087792347223614,2.7133848775727207,4.90153555031291,10.306990416654239,31.002171814969127,-1.2713339245103858,1.024482455468121,0.7771626199534266,1,29,3
292,2023-03,ЖК Петропавловка,0.0,0.9436045152203469,2.961127811715373,0.0014993686868686868,4.496939379865962,0.0,0.0,24.777885730970446,0.0,0.0,0.044741570813075615,0.10977369622475856,2.8260362106909134,3.7281275849659026,8.01844418701143,21.6619032632379,-0.7948039003969031,0.3211372170415456,0.14208605807085695,1,23,14
293,2023-03,ЖК Семено-Макарово,0.0,1.9260457264237558,1.0789247773366242,0.017008262689129736,3.419234902236906,0.0,0.0,17.07230553308374,0.0,0.0,0.011662914933529075,0.11427097519561678,2.0918167737799678,2.8257297018749825,8.049489256854303,21.92499017175151,-1.3230591152627265,-0.8101516592676149,0.16492102987585625,9,23,14
294,2023-03,ЖК Старая Чигла,0.0,5.201805036547199,3.3418537938454556,0.009148293843198244,4.098214621476577,0.0,0.0,19.42734976104382,0.0,0.0,0.0426496826423738,0.123953062433603,2.3968190001770044,7.3525642499214445,8.907315837448742,25.144611662808313,-1.1508940590575503,0.3086500926354065,0.07230085206960148,1,23,14
295,2023-03,ЖК Старое Резяпкино,0.0,0.0,0.0,0.0,0.0,0.0,0.0,22.123664503816794,0.0,0.0,0.0,0.0,0.0,0.0,20.726445645445235,71.02876429084773,-2.538561359525728,-3.2072629123922525,0.14932610030610813,4,-1,-1
296,2023-03,ЖК Сугоново,0.0,1.7294805486845064,0.0,0.0,0.7178372810633885,0.0,0.0,29.5250980311321,0.0,0.0,0.0,0.0,0.0,10.551957561901906,19.6210566475887,61.0558001162556,-2.1045031418237055,-3.3180936956825735,0.26835560163579375,4,1,-1
297,2023-03,ЖК Уланово,0.0,1.99737739312877,1.7292322143517092,0.0460710809615101,5.054197802266647,0.2402191328934967,0.0766567836412245,21.159986410187607,0.0,0.0,0.03159374717356568,0.11420731516465828,3.2169042770938647,8.035474369941435,11.393152660607118,33.33529421985634,0.787463653747625,-0.09925117983538974,1.6726154463526033,2,25,13
298,2023-03,ЖК Щучье,0.0,31.857715430861724,4.511200534323122,0.018253576714356193,4.870341979571028,0.0,0.0,21.573539845945515,0.0,0.0,0.0,0.1213017955801105,2.9179070705567134,2.9589930350854314,11.2158735977635,32.33500659606385,-1.4974376121487356,2.343046519879273,0.17843793929030247,3,29,3
299,2023-03,МТФ Щучье,0.0,0.0,3.72814598540146,0.0025170801869830997,2.690930858899635,0.0,0.0,18.725644178725286,0.0,0.0,0.0,0.0,3.6128156220767074,5.951456310679611,16.759028601281614,51.756753451581105,-1.7576917624942627,0.4429531502767611,0.15648307163889852,1,-1,-1
300,2023-03,РМ Кольцово,0.0,0.3416649099467867,1.5097663299781798,0.03425207385603425,1.1790274202787856,0.0,0.017775908865017776,17.401705811215074,0.0,0.0,0.02997982458221621,0.11849992465093727,0.8514771823381797,5.8535876753698535,9.755697510030137,26.443136552356904,-1.5751189349830832,-1.8712529208700257,0.2631311793745423,9,22,12
301,2023-04,ЖК Авангард,0.26071741449429964,1.8466262483130904,3.0219378427787933,0.030013642564802184,7.349592150975018,0.15412796298643683,0.08195669084410806,27.826686432061923,0.0,0.0,0.23606993530938195,0.15031614096916301,3.2332470297196325,1.4932177764013628,12.08223142343081,39.73595727459147,2.65918586055352,0.6536902656584755,1.0584143316964933,0,31,5
302,2023-04,ЖК Аристово,0.0,0.0,0.0,0.0,12.004767493032126,0.0,0.0,27.199220087037308,0.0,0.0,0.0,0.0,0.0,5.349897315534693,20.304857664286192,66.31697822636784,-0.7914719987149297,-1.2680303382346991,0.8984801630313093,4,1,11
303,2023-04,ЖК Бобров,0.0,0.8868750297321726,2.6327214261981893,0.001559882142238142,3.364764746723264,0.0,0.0,23.1696545552695,0.0,0.0,0.05560794701986755,0.1252019623577473,2.6412361670542315,4.996159094415617,8.104003861498189,21.694859614709564,-0.9095203785570539,-0.09730662995160137,0.29851371226501966,1,23,14
304,2023-04,ЖК Бобров 2,0.0,1.1336056403096317,2.6161858185198748,0.002755928116208302,3.7548249679410763,0.0,0.0,23.431501648502163,0.0,0.0,0.055602919110626106,0.11680270715307862,2.564545893908858,6.786743894374889,8.2766539160841,22.434790571707527,-0.8845022365242924,-0.1340582874631684,0.06632337781654365,1,23,14
305,2023-04,ЖК Богданино,0.12338756499133449,0.0,0.0,0.0,10.07973262394065,0.22034086264679437,0.09491204506065858,31.393302149088587,0.0,0.0,0.05884740625881026,0.22762044554133923,2.961493621159082,4.4884050498686054,24.230300996725475,64.49766864579605,2.4960799146641333,0.2020520637356223,0.08521156666913261,5,3,16
306,2023-04,ЖК Бодеевка,0.0,1.0959350178556972,2.922985108044108,0.006851134282091025,3.1129930822200365,0.20651089859256588,0.0,21.801728296378183,0.0,0.0,0.009967027343178827,0.15373304559664291,2.2861406869514855,4.490392707985962,10.036946350212828,24.87759774628837,-0.3459686839698406,-0.24672481330986495,0.05251824602897803,2,26,4
307,2023-04,ЖК Болдасовка,0.19290931689370588,0.0,0.6871756385468607,0.38117283950617287,4.267139312072584,0.0,0.1728395061728395,29.048978015833967,0.0,0.0,0.13793179198746022,0.202408095523489,3.2996169963837483,5.637828715027642,19.150060369063322,48.501220613694144,4.604320429443261,-0.89860646310651,1.5127906534868079,6,6,9
308,2023-04,ЖК Борково,0.11929951523545705,2.6245066586361503,1.83310283933518,0.0,17.72615994110955,0.0,0.0,2.7502281211115718,0.0,0.0,0.3131620498614959,0.11184418282548478,3.4726468144044325,6.942849227062839,13.856582859860048,38.37374341624408,1.6784224425537588,2.2425366383848404,,0,13,18
309,2023-04,ЖК Бушовка,0.10914003590664273,1.1089494100719424,1.0078840901873611,0.03270451248992748,6.334768088626717,0.21399893804135003,0.09318850987432677,32.979866839863085,0.0,0.0,0.12103404722679846,0.2507479406919275,4.300328826640385,4.547300337024555,11.507463230278109,38.22359684200747,2.871002669764221,0.6018555678456963,1.1322596938168128,5,31,5
310,2023-04,ЖК Верхний Икорец,0.0,1.137376704050735,3.602844029086991,0.0,6.254926564708315,0.0,0.0,29.114320037572227,0.0,0.0,0.043890192212912765,0.14003772299306244,3.386177936753418,3.5429569974918453,10.19028024506132,30.96282910804149,-0.2065578980628285,1.228680509630973,0.2710614052961047,1,20,17
311,2023-04,ЖК Волчанское,0.0,0.0,3.509573542210618,0.014059531348955035,4.7083632359075045,0.0,0.0,23.957291104090608,0.0,0.0,0.0,0.14732384958513417,3.2080832256786955,2.606965087542205,14.537380101779636,43.458935234829255,-0.7027577561000657,0.9028831477472601,0.22395943233140223,1,9,2
312,2023-04,ЖК Высокое,0.0,1.1037859781482713,2.974086989204652,0.01937483854301214,4.556217251246963,0.24252131551058084,0.0,26.6606240532527,0.0,0.0,0.031581459894532336,0.15790605051346102,2.9264839346524187,3.36538998981956,10.566243390669943,27.529580227256332,0.5424923713859474,0.29096504798995076,0.5654341700501132,2,26,4
313,2023-04,ЖК Гусево,0.0,1.7116798585260726,2.60203437943542,0.03404448479346346,2.326562979843795,0.0,0.165688396941234,18.85462685507496,0.0,0.0,0.03460539369803675,0.1178744374834554,2.3140349008108894,5.313738666175726,11.157488280083838,30.063680989619144,-0.6914839878811692,-0.40025327463550836,0.4980359650290241,9,22,12
314,2023-04,ЖК Детчинское,0.230279478619122,1.5201601199036612,2.1567306837378855,0.028095849948308965,6.365824236376905,0.24253641078838173,0.08505752956178993,26.523953171250394,0.0,0.0,0.15133456187229335,0.14306333879357416,2.9562032502801965,5.58819737458978,11.95733103573938,39.22386250949905,2.341896720737164,-0.04737901974144357,0.3430078576007692,0,31,5
315,2023-04,ЖК Добрино,0.0,1.0122049558335888,2.2692876235787645,0.011028600838173664,3.6756408719048332,0.23992822842310185,0.0,18.760626786361257,0.0,0.0,0.004691783722086194,0.11928334117343221,2.371340991085977,5.326384331836804,10.125148774368409,24.646305894646,-0.32819618757628805,-0.46559461753290066,0.2729644141047042,2,26,4
316,2023-04,ЖК Елбань,0.0076762658563301655,3.5821490569796786,0.0,0.0,2.9004860626071496,0.14777138617009997,0.004526059149853362,4.231901314523886,0.0,0.0,0.013619563146866468,0.04121344212330942,0.2991618832941774,4.130980599230718,18.836206690310497,48.8334175563171,-2.093614230110859,-2.436660080740559,,9,18,-1
317,2023-04,ЖК Залужное,0.0,56.56974248927039,3.416854772092628,0.0029868234627373194,4.691515821901634,0.0,0.0,23.65148655932487,0.0,0.0,0.0,0.1382382694704676,3.2831343969154805,3.5282836889487488,11.019150982002941,31.743933333837447,-1.7107141321553192,3.106576473702003,1.5358038945446857,3,29,3
318,2023-04,ЖК Зимитицы,0.1975330279898219,2.9632232291194684,0.0,0.0,9.865730403262347,0.13649723301542446,0.0,1.349157733537519,0.0,0.0,0.24348837033680715,0.16119929013744147,3.322637292464879,2.876581919160753,20.42466325936829,53.8832512007196,1.3696852549353695,0.28197811695517494,,0,19,21
319,2023-04,ЖК Колыбелка,0.0,52.73284671532847,3.32074158051297,0.002213644524236984,4.000809397491662,0.0,0.0,19.738814649243466,0.0,0.0,0.0,0.13850954853471795,3.1773747038820117,3.4343093190688703,10.893519810651405,31.28902028883875,-1.931243116186953,2.7717192106146373,0.21089102461541795,3,29,3
320,2023-04,ЖК Коршево,0.0,5.383856728361643,2.2288223297256287,0.01531745423910546,3.4904009634319006,0.0,0.0,16.616333943631513,0.0,0.0,0.05148598565013163,0.11928434843740013,2.3447957480972765,4.885653666824463,9.055613363704866,25.081089429200382,-1.222300747101025,-0.18803835870572116,0.0661200298229459,9,23,14
321,2023-04,ЖК Курская Васильевка,0.06112302143858946,1.1875032886068746,2.709039609460483,0.0035174839644113386,3.1036333391840727,0.20359758354755783,0.060508916048888,21.887407593450323,0.0,0.0,0.07644739906566383,0.12482357456832187,2.3054236503598204,1.6279755494705213,11.407201205456305,36.48509062844517,0.17658489542795602,-0.42559770952042103,0.18984862704021066,2,31,5
322,2023-04,ЖК Наратлы,0.0,1.0063617489649601,2.5276804684434104,0.24560496380558428,2.5378300171506707,0.20511463828183873,0.0,18.964866901614936,0.0,0.0,0.06345649441103524,0.15135992323212438,1.938300248937846,7.113236814891417,11.538411976608394,31.714145027575604,1.5736292230130935,-1.1276808503879276,1.7802653106103739,6,26,4
323,2023-04,ЖК Нестерово,0.24196686884950103,2.602598697044869,3.4611317415865965,0.002052376652163205,6.467583508052573,0.1764341321713871,0.10893701117318437,19.796109090115788,0.0,0.0,0.29217200035736623,0.1527162631644969,3.347886388817864,4.238616146732497,12.180421071239165,39.48334935652518,2.3339755369415154,0.6982901224872515,0.21767523977938164,0,31,5
324,2023-04,ЖК Огнева Заимка,0.10177771289537714,1.9076807011270316,1.364125527287589,0.0,1.5696632404423758,0.21068912009430987,0.0,27.78207902488619,0.0,0.0,0.06898546561926844,0.14844058919300832,1.3403722415987571,2.9112402877697843,14.120100201234875,37.92673442814587,0.12433023003186333,-1.718128876422783,0.18705269245033052,9,32,8
325,2023-04,ЖК Озерки,0.0,4.395201034269604,3.0063691582545533,0.09871513632090254,3.9296679151061173,0.0,0.0,20.0584291944611,0.0,0.0,0.06065897996970207,0.11656360741711931,3.5344681925498422,5.419127668338704,9.872402062742907,27.671946622247244,-0.0799510464896675,0.6041770184685427,0.5835439917914642,2,23,14
326,2023-04,ЖК Песковатка,0.0,5.66415980367508,2.6414872553204463,0.010923390620448586,3.6302741990257483,0.0,0.0,20.073735472641992,0.0,0.0,0.04773774173424828,0.12497322549156326,2.8731022352122477,7.043143804262036,8.992616810973367,25.260687542655955,-0.9880202058215098,0.23209269006588434,0.35605858551883934,1,23,14
327,2023-04,ЖК Петровское,0.0,42.44092508798391,3.4249790046796256,0.005665532583093431,4.533883528046291,0.0,0.0,24.61131005357329,0.0,0.0,0.0,0.11834512472980079,2.836037208709283,4.292869393331589,10.991491843077629,31.889664615926872,-1.6189319060610046,2.20979212175591,1.2352260367128496,3,29,3
328,2023-04,ЖК Петропавловка,0.0,0.765359581756186,2.5792484249957432,0.0012858979854264896,4.627801255057909,0.0,0.0,24.57897957653579,0.0,0.0,0.03301954457697495,0.09972621265727385,2.9474655733659807,3.511046561386634,7.777324209723376,21.27704915971784,-0.8227944454237043,0.25734964001518973,0.0696586361752128,1,23,14
329,2023-04,ЖК Плеханово,0.04811681872272908,0.4294930875576037,0.0,0.0,4.808289590927501,0.02047142512659754,0.003937142857142858,31.51223919829144,0.0,0.0,0.1049760144570396,0.08494154178479817,0.7382206021331174,3.415852534562212,18.74628529682664,45.155108022050456,-0.3060058745819811,-2.083334879561203,,4,18,-1
330,2023-04,ЖК Подболотье,0.2479027156906571,2.7293771716254693,0.8738244514106583,0.03918495297805643,4.152542313201241,0.1315624041411043,0.09795550366478563,30.491693315493116,0.0,0.0,0.24742139153704634,0.1614018787980153,3.502317478709229,1.9021401664113922,12.249978889963817,40.76893957543654,2.670976380770824,-0.5268526450328224,,0,31,5
331,2023-04,ЖК Семено-Макарово,0.0,2.0444375207424956,0.6980530570420129,0.01554138676989639,3.768832986553773,0.0,0.0,17.160313846989663,0.0,0.0,0.010309278350515464,0.1147750314201927,2.269045793708014,3.350813590177476,7.97822165816535,21.782899628209424,-1.2225241340253752,-0.8007007974078323,0.10097822162371085,9,23,14
332,2023-04,ЖК Старая Чигла,0.0,5.449907795988911,2.986297330581236,0.010469011725293133,3.996451195224743,0.0,0.0,20.329247131387426,0.0,0.0,0.04425047428237088,0.12352525442500993,2.6327863994138347,6.381962246492399,8.94232527536598,25.13565783651277,-1.0357198257286686,0.305593087822287,0.115214796364543,1,23,14
333,2023-04,ЖК Старое Резяпкино,0.0,0.0,0.0,0.0,0.0,0.0,0.0,24.914345688496255,0.0,0.0,0.0,0.0,0.0,0.0,20.769256298646322,71.13058937963005,-2.4156304246922,-3.225275498553183,0.12424358333229965,4,-1,-1
334,2023-04,ЖК Сугоново,0.0,1.7516986580069642,0.0,0.0,0.7795166607978925,0.0,0.0,29.53598854936943,0.0,0.0,0.0,0.0,0.0,9.948772161143498,19.62103487877205,61.08201615089098,-2.0992786351010726,-3.291799117098617,0.026808586934090564,4,1,-1
335,2023-04,ЖК Уланово,0.0,1.6455422554400716,2.554372563176895,0.04950914902998236,4.538959905860818,0.1776325196163906,0.026829600859433107,22.89651484545976,0.0,0.0,0.030336917504507285,0.10351521050248981,3.0724024771920933,6.623964746920881,10.733496456510235,31.371505808720556,0.2935119863230733,0.0650558766341716,0.5205622523360549,2,25,13
336,2023-04,ЖК Шацк,0.0,0.23445756640777388,0.0,0.0,11.734953229232662,0.0,0.0025023938716884774,30.454020795323547,0.0,0.0,0.08399544852697782,0.15359281018768461,2.6626631271496426,3.723754270462633,16.500348625153894,45.87625772098228,0.894089778234881,0.3886333180871193,,5,-1,-1
337,2023-04,ЖК Щучье,0.0,30.270142180094787,3.9445469524737473,0.014335664335664335,4.664596925984495,0.0,0.0,21.180725201194978,0.0,0.0,0.0,0.12103400744891922,2.7939693606868734,2.7607347509362334,11.068706556516096,31.990179883801055,-1.535216317433945,1.9791943155155711,0.36580822461141016,3,29,3
338,2023-04,МТФ Щучье,0.0,0.0,3.981917469924531,0.0030441400304414,2.9974012189435824,0.0,0.0,20.231241623528074,0.0,0.0,0.0,0.1361335948315644,3.0134428124401307,8.796803652968036,14.246996764300478,42.780663779599394,-1.265416934558491,0.5362738510514009,0.5010421732871033,1,9,2
339,2023-04,РМ Кольцово,0.0,0.3816103707859915,1.6982786409091795,0.039947526554102664,1.1853451746346124,0.0,0.019042782785324362,15.46546708280883,0.0,0.0,0.02747661452319567,0.10895554589459751,0.7774593666378711,6.042148025898185,9.856995564938073,27.120088909284792,-1.6887607606117168,-1.8571507101777818,0.11451347902590854,9,22,12
340,2023-05,ЖК Авангард,0.2595392781316348,2.5022737767283223,2.885885885885886,0.027182866556836903,6.386498813117252,0.13104112282234723,0.026111845377673557,25.749397781558354,0.0,0.0,0.21533180379746836,0.1514444858780471,2.989682363734809,2.2700358495394064,11.498508662749884,37.528383153842064,2.025467002687319,0.3692182494352164,0.694639416409239,0,31,5
341,2023-05,ЖК Аристово,0.0,0.0,0.0,0.0,10.603702769230768,0.0,0.0,30.060951518499362,0.0,0.0,0.0,0.0,0.0,4.344342061962296,20.22792398834484,66.11789406121908,-0.8448690825605567,-1.5073691938709095,0.24522303395168177,4,1,11
342,2023-05,ЖК Бобров,0.0,0.9344896663236808,2.3985957419836472,0.001760472220783928,3.5781913143447333,0.0,0.0,25.019250200737066,0.0,0.0,0.0543852214072263,0.1432180176844673,2.8341244827160237,5.739284702758519,8.130779628360346,21.97882838359358,-0.6718383594815679,-0.02649868956229082,0.24800505360571962,1,23,14
343,2023-05,ЖК Бобров 2,0.0,0.866906900568493,2.643118528722398,0.00333889816360601,3.78399458313592,0.0,0.0,20.71597481356409,0.0,0.0,0.05591968392499115,0.1304557661263985,2.654969302565546,8.689053211827137,8.310452787084095,22.86660541784821,-0.9104558550866066,-0.07721849457493986,0.062484817132282766,1,23,14
344,2023-05,ЖК Богданино,0.11666742976066596,0.0,0.0,0.0,11.170369327626602,0.21654681029582917,0.08974339229968782,31.127532339794783,0.0,0.0,0.04847579983593109,0.22138103460680625,2.211022258153296,5.30878662064765,24.15880720128972,64.22539922892301,2.331560515844953,-0.01765347692640658,0.27447615048564583,5,3,16
345,2023-05,ЖК Бодеевка,0.0,0.9766652661517081,2.6983200068644333,0.005169852840049512,2.851123743449754,0.0,0.0,20.89948230297001,0.0,0.0,0.011409002716336826,0.1561002503953611,2.1807486552730304,3.3771873627837,7.603960235484029,21.310681290417932,-1.2424107018135255,-0.21246755883161125,0.8970963442351358,1,23,14
346,2023-05,ЖК Болдасовка,0.1813794178794179,0.0,0.7236073896064885,0.3442857142857143,3.2147710979583692,0.0,0.2042857142857143,28.616648301886794,0.0,0.0,0.12205920280010132,0.20793644506873604,2.5492321152856405,4.3536599883291185,19.153988533773806,48.75253867688202,3.9825976767581484,-1.3324250259438846,0.7581145867668283,6,6,9
347,2023-05,ЖК Борково,0.13656512372276253,6.1645741538702605,1.9088699240085492,0.0,4.9243379916170475,0.0,0.0,20.999186858192548,0.0,0.0,0.35301784100286876,0.1451147090030259,3.0934885055212793,5.662449647462906,13.80004972262934,35.62959126665264,1.090020340715388,-0.10251776563055874,2.4177463041518297,0,13,18
348,2023-05,ЖК Бушовка,0.09472426095820592,0.0,0.9843311732275849,0.025679466099235902,5.96356207761622,0.21319099264705882,0.09472426095820592,34.52581665764083,0.0,0.0,0.09312703335654156,0.2500824102791316,2.343172340626179,3.8119293568810395,18.46733198816569,47.940711053217306,2.234534618748866,-0.4874247218778097,1.2615954698489567,5,12,7
349,2023-05,ЖК Верхний Икорец,0.0,1.2177839454279058,3.280825979834736,0.0,5.805882343780821,0.0,0.0,26.049729265251038,0.0,0.0,0.042309194684740925,0.134557422053729,2.9312229700872954,2.8991875109843313,10.108710698028748,30.60142345881069,-0.5099780707053978,0.8159781322005735,0.5122373019442751,1,20,17
350,2023-05,ЖК Волчанское,0.0,0.0,3.4267349968349903,0.011457967964456917,4.866749336777784,0.0,0.0,24.879008067370933,0.0,0.0,0.0,0.14820136206319082,3.388911068167178,3.3733103723139264,14.521452433140896,43.57381617205583,-0.6093019896999211,0.9765547003396455,0.11900200811251471,1,9,2
351,2023-05,ЖК Высокое,0.0,1.0580672634363788,2.8996984633818768,0.0034167008336750035,4.634942567383927,0.0,0.0,24.028515936378053,0.0,0.0,0.024751128304319792,0.18407013009390885,2.946620169832433,4.398037521394507,7.93476962186619,22.28711362187221,-0.5646671293522547,0.5923374939489925,1.147443903316498,1,23,14
352,2023-05,ЖК Гусево,0.0,0.685054578079051,2.1529548991447127,0.04553734061930783,2.04298453634938,0.0,0.005575968846178004,19.388629471264846,0.0,0.0,0.03499143499591169,0.11521425701721048,2.453551690575787,8.756866351029235,9.224293400951455,25.81306497839689,-0.9893167774063911,-0.734785882857862,0.44790226219614687,2,22,12
353,2023-05,ЖК Детчинское,0.21838912148368567,1.4980734899709136,1.8454114422141659,0.031977513652425314,5.858575107727664,0.22645275155653746,0.08106015315853903,22.648659961632564,0.0,0.0,0.14289020687179332,0.1340755418390966,2.756325080627224,8.132622217055165,11.924931888549864,39.22042003531556,1.943371519734601,-0.3915748837402443,0.5265862974176351,2,31,5
354,2023-05,ЖК Добрино,0.0,1.0204808226126902,2.1653983220817796,0.0036384805705137534,3.721675405489994,0.0,0.0,18.50270858387521,0.0,0.0,0.07394952705259175,0.11193546422881546,2.209993861781244,4.6360145603592215,8.374463912175967,22.436651284156174,-1.089869055695621,-0.4560863297312252,0.7617322138166734,9,23,14
355,2023-05,ЖК Елбань,0.008896521172489482,4.179933973570504,0.0,0.0,1.7784423295630778,0.1485514734865172,0.00980952354585975,5.041376296875619,0.0,0.0,0.025928280798320994,0.049242723636795625,0.36216982140735754,6.851694094889666,19.196128977861473,50.99871769892519,-2.0727927074798225,-2.6452959816643515,0.20967230374791362,9,18,-1
356,2023-05,ЖК Залужное,0.0,52.04854712969525,3.2014903560830863,0.00812217504451445,5.489743313772331,0.0,0.0,22.75276482943222,0.0,0.0,0.0,0.13092155506895622,3.3163806220937047,5.859390582072603,11.248968216334081,32.562842067163736,-1.5321924217106901,2.929185405950744,0.25166960884860073,3,29,3
357,2023-05,ЖК Зимитицы,0.18352195612799357,2.9112741930511454,0.0,0.0,9.410950303665567,0.08745292585356777,0.0,1.2071197411003236,0.0,0.0,0.23402930996850738,0.157970157536147,3.2367052023121388,3.896206381597255,20.23549198035149,53.696405603143724,1.000295440582886,0.18828862946538505,0.38108602049073076,0,19,21
358,2023-05,ЖК Колыбелка,0.0,55.33613163196777,3.0337814728179695,0.003432477812425042,4.352102376910017,0.0,0.008729565623540401,20.20379504331424,0.0,0.0,0.0,0.15487700688073394,3.1371927292448456,2.7329395114112125,11.880605365684218,30.635197129979314,-1.8005060002699955,2.8633066349692,0.15962596837039617,3,17,19
359,2023-05,ЖК Коршево,0.0,5.486008139465292,2.245860524644431,0.012186629526462395,3.3286420005572874,0.0,0.0,15.660250113301345,0.0,0.0,0.04969488974068499,0.12591876733436055,2.336848042177533,6.7548948126801145,9.006745250498218,25.171138548007917,-1.2889127487004528,-0.22611274009199922,0.07672559726082248,9,23,14
360,2023-05,ЖК Курская Васильевка,0.05905176336746303,1.176977814566254,2.786026126110702,0.012951932400609503,3.05800625018587,0.15807376149159255,0.055745164960182024,19.64598836131567,0.0,0.0,0.0650904192008371,0.1296016563688691,2.461190375407675,3.486354568685909,11.040561689786093,35.576669736969265,-0.046382550330407155,-0.29685414383941994,0.2574672553399109,2,31,5
361,2023-05,ЖК Наратлы,0.09569781931464175,0.7817091698103253,2.8144417981702077,0.12314841707812954,2.978721026299054,0.1672631839839759,0.05629198527329368,17.324018778023817,0.0,0.0,0.0520074971550974,0.13013866559485532,2.4361745656652456,7.426446848499156,11.52950050182005,38.74747861765468,0.840452498449677,-0.5648744382100269,0.9242830556870016,2,31,5
362,2023-05,ЖК Нестерово,0.23980863164049004,2.416275380088279,3.2781104778605874,0.0141287284144427,5.930024358858076,0.17008697024702077,0.10726430011520738,20.910424801957742,0.0,0.0,0.2727554226176726,0.14793227192453481,3.7471924094546094,4.33206378129715,12.01066613022678,38.570685471847284,2.378758358558863,0.7369931865488161,0.059189764991633,0,31,5
363,2023-05,ЖК Огнева Заимка,0.07114388776222613,2.293959425321953,1.2434610306473555,0.0,1.4578634499860867,0.16036480187619095,0.0,22.422822490459563,0.0,0.0,0.06678619144845085,0.12993221385192313,0.7508469659745974,2.003503438274019,13.917328947007528,38.08080015827983,-0.6358203226819753,-2.004102764565508,0.8121637319473347,9,32,8
364,2023-05,ЖК Озерки,0.0,3.41478380375351,3.0750744001922588,0.02044989775051125,3.8729980021942327,0.0,0.0,21.29731338039549,0.0,0.0,0.03909142905206493,0.13034056485745468,3.724427880864109,5.683612438884671,8.970921603944465,25.34239892383016,-0.6532767643483866,0.8372536453443283,0.618891826375183,1,23,14
365,2023-05,ЖК Пеньково,0.009469181242078581,0.24358346194677635,0.0024412167300380226,0.0,2.4084313208001076,0.008048801013941698,0.0,7.557388171809358,0.0,0.0,0.020651432292828276,0.06714895705916436,0.4500900984999678,7.036203997150547,12.467227119735906,33.90180898681006,-2.3365172204398754,-2.4874173597336218,,9,-1,-1
366,2023-05,ЖК Песковатка,0.0,6.007121631314684,2.329896085013434,0.01102049812651532,3.589665930497942,0.0,0.0,20.01438298278173,0.0,0.0,0.04561471312502765,0.12455900416306005,2.587586457366739,4.988443199755235,8.940551897575775,24.72332572785168,-1.062484280998453,0.02326586629711734,0.22170597830755287,1,23,14
367,2023-05,ЖК Петровское,0.0,50.38720057204147,3.307831073784086,0.01705516392525456,4.410434480808289,0.0,0.016034985422740525,23.92764375811828,0.0,0.0,0.0,0.16608178033941723,2.8900226343423565,3.678258909070413,12.420902454086407,32.58635041202518,-1.4487336323759552,2.6146247574851067,0.4391547737607089,3,17,19
368,2023-05,ЖК Петропавловка,0.0,0.6526983821729717,2.3488931043522396,0.0025074439742986993,4.106273218862502,0.0,0.0,22.661887017568127,0.0,0.0,0.022360094720224523,0.12431650682372199,3.16367230512519,4.3812898853560736,7.6662235908649965,21.421340746172596,-0.8435984304862506,0.256895819986452,0.020808934309597266,1,23,14
369,2023-05,ЖК Плеханово,0.04705467261671756,0.45804204262318876,0.0,0.0,4.4796438191024,0.0202357548714327,0.004083435121676219,33.19941844104681,0.0,0.0,0.10419145495553002,0.09342272586367238,0.9100678365997315,3.740414620576211,18.729452250967633,44.87790483239739,-0.20713333392234973,-2.044221755728454,0.10632786912398087,4,18,-1
370,2023-05,ЖК Подболотье,0.25225502198846433,2.8525840750028686,0.8526850507982583,0.019351717464925013,4.340874670072371,0.13459995097009175,0.09427096267576256,29.778196984109826,0.0,0.0,0.24721527402442978,0.15868261809534104,3.4580930779003225,3.6506633240002437,12.06466503033072,39.38998089285485,2.5032842224835474,-0.5445815804459566,0.16862673305833858,0,31,5
371,2023-05,ЖК Семено-Макарово,0.0,2.2240881572049447,0.5216812366120535,0.016499739477797717,4.41082712194224,0.0,0.0,18.601306823705173,0.0,0.0,0.010828064966818023,0.11701125487664542,2.4697311033320366,4.498610417045445,8.081681306064993,21.929322428976185,-0.9991743268723382,-0.6743524886946122,0.25661066125550974,9,23,14
372,2023-05,ЖК Старая Чигла,0.0,5.767417472919174,2.7497146319673083,0.0,4.122747972095586,0.0,0.0,21.06737701440505,0.0,0.0,0.042042278254530996,0.13100410373919383,2.5865117854730935,5.378768419512909,10.5322493964466,31.335016725423404,-1.0553989229650869,0.2829856744556922,0.029972687686767308,1,20,17
373,2023-05,ЖК Старое Резяпкино,0.0,4.075892857142857,6.220383261757621,0.0,0.0,0.0,0.0,22.255131689942825,0.0,0.0,0.0,0.1527777777777778,0.0,4.127207062600321,20.0995396287759,59.4286845108072,-2.4483301039391967,-0.4424323177990491,2.7830352922111214,9,-1,-1
374,2023-05,ЖК Сугоново,0.0,1.409850515925277,0.0,0.0,0.7864278730757147,0.0,0.0,32.83561417530632,0.0,0.0,0.0,0.0,0.0,6.623324008796733,19.458265465034206,60.71828564967283,-1.9620517822475394,-3.2443868366638426,0.14518654717332097,4,1,-1
375,2023-05,ЖК Уланово,0.0,1.3200306262257206,2.3515134943711327,0.05027996585782222,4.200542829657116,0.2346846485074266,0.00900625134727312,24.02028517943043,0.0,0.0,0.033276670031274304,0.10391743536203403,2.9730636462358873,7.866112416861937,10.470217537466972,30.15978935667927,0.498055251462841,-0.23292025852300205,0.3614245764156659,2,25,13
376,2023-05,ЖК Шацк,0.0,0.2402048706604488,0.0,0.0,10.740945337913288,0.0,0.0022687831320499026,29.438979237715387,0.0,0.0,0.07389397739679543,0.1651349517723449,2.6823276479419214,4.283397391598037,16.431708471240498,45.8165705074829,0.7304245986083162,0.26165952075998306,0.20714399877830977,5,-1,-1
377,2023-05,ЖК Щучье,0.0,29.926721415034745,4.076899129172714,0.010345622119815668,4.604335361705345,0.0,0.0,20.846302338686954,0.0,0.0,0.0,0.1528160721389736,2.711320207143725,2.215648732115714,10.968397672984834,31.790006732298806,-1.4923261038762201,2.061334670724696,0.09266395401076097,3,29,3
378,2023-05,МТФ Щучье,0.0,0.0,4.279310717727256,0.005413533834586466,3.2911715173686424,0.0,0.0,20.836300258340508,0.0,0.0,0.0,0.12153978306272317,2.5853674885392146,7.690225563909775,14.355872518474898,43.04458299535963,-1.3637294890671492,0.4551363825986637,0.12747018145800545,1,9,2
379,2023-05,РМ Кольцово,0.0,0.2911241835719538,1.6071636866793584,0.031959938115788615,1.2547609957529273,0.0,0.012417555573650355,17.35442225112595,0.0,0.0,0.02731588722326703,0.11920680618108401,1.033410165071826,6.536275547593844,9.479514701203971,25.92470903076125,-1.573074577534535,-1.7362705816940889,0.16731795605134953,9,22,12
380,2023-06,ЖК Авангард,0.26443832170646636,2.590613697152233,2.6666666666666665,0.022027189812424713,6.031714066315483,0.15732450518378888,0.027320311394196745,27.1268975285883,0.0,0.0,0.24131371649267716,0.18947196946998252,3.0305950295243655,1.9589638476436413,11.608149495688473,37.692492567202535,2.409469222153333,0.2880184896722903,0.3924934464935455,0,31,5
381,2023-06,ЖК Аристово,0.0,0.0,0.0,0.0,2.795744595406095,0.0,0.019055555555555555,30.47854986365407,0.0,0.0,0.0,0.0,0.0,4.405865703689245,22.749844733098502,73.44639733002481,-1.7465384177941403,-2.8740180197946557,1.6372955150183874,4,1,-1
382,2023-06,ЖК Бобров,0.0,0.9982477889869258,2.476804116219132,0.0013868251609707777,3.665923494361953,0.0,0.0,25.833158861814216,0.0,0.0,0.0,0.16214561604648314,2.8889443174847873,6.7769078380706285,9.18677968246977,29.115412603038024,-0.7895780700269129,0.1456356370436587,0.2085494325942541,1,30,3
383,2023-06,ЖК Бобров 2,0.0,0.8750198272438443,2.5852845852777357,0.0034318772368485562,3.6979873312252174,0.0,0.0,19.184279458049964,0.0,0.0,0.05707839802072059,0.14213845975925907,2.703267456488314,8.156190937348683,8.317718700781896,22.999542910612906,-0.9246759317381806,-0.03752675916644837,0.04216212091100656,1,23,14
384,2023-06,ЖК Богданино,0.12054614220877459,0.0,0.0,0.0,11.697980655376565,0.22267906924460432,0.09272667675239536,32.006001026322146,0.0,0.0,0.08584561283128914,0.2219317485898469,2.7751471652983386,6.6376648503385205,24.30812922292129,65.07677085426131,2.785857108864856,0.27610748802596463,0.5409999066166642,5,3,16
385,2023-06,ЖК Бодеевка,0.0,0.9139000677216718,2.538760198054499,0.006920657112897588,2.694777188490176,0.0,0.0,19.7797894484571,0.0,0.0,0.0,0.20703480959687545,2.188496431581905,3.1348211728990174,9.387876189969186,29.20932512959142,-1.1380358271026036,-0.1424770696772832,0.1256693401072145,1,30,3
386,2023-06,ЖК Болдасовка,0.1695613496932515,0.0,0.760014098201264,0.20673076923076922,1.2041965994611168,0.0,0.1955128205128205,33.087275520632254,0.0,0.0,0.048319542962309725,0.23238978566772744,1.3037460220083585,4.8945488683419365,18.874991404272674,47.24397182470821,2.2339393464228827,-2.0176237891828084,1.8781116317714104,6,6,9
387,2023-06,ЖК Борково,0.1293792070623473,5.1072514627867065,2.405189269371952,0.0,2.7194459977656327,0.0,0.0,24.335081961161464,0.0,0.0,0.325155227659322,0.13862771470390442,2.6650973535345543,4.3098525703947494,13.70070315395217,35.04714410285929,0.6652386570142432,-0.5327013440464231,0.6045638013863032,0,13,18
388,2023-06,ЖК Бортниково,0.0,0.0,9.569402436033679,0.04157549234135667,14.784828211681107,0.0,0.0087527352297593,17.80549508462787,0.0,0.0,0.0,0.23222961546204954,0.3011630763036038,4.582321783270801,16.570208760047162,47.14518261298349,-0.2404768892755201,3.5597187586402548,,1,10,20
389,2023-06,ЖК Бушовка,0.09986882055274425,0.0,1.2709541381128098,0.02662098049551924,6.337131345160686,0.2287488289275442,0.09875943947061112,35.548486368896086,0.0,0.0,0.10279703640378998,0.25172558238939946,1.3427366246348935,5.142611452481944,18.556554659380154,48.25858109251937,2.2293078144639,-0.9109369677584758,0.42354449812731493,5,12,7
390,2023-06,ЖК Верхний Икорец,0.0,1.2504687257818554,3.352397755882878,0.0,5.816959042285494,0.0,0.0,25.916710287007053,0.0,0.0,0.04085380395897925,0.18137308790860043,3.0377679900634345,3.52987012987013,10.155079952556354,30.91053558481063,-0.3187384391695092,1.0076344661335013,0.27074849400613915,1,20,17
391,2023-06,ЖК Волчанское,0.0,0.0,3.5102543695284902,0.010764814435103548,5.179372248980724,0.0,0.011158561785369886,23.566201491454603,0.0,0.0,0.0,0.15417140428746812,3.523663608772273,3.9561700981684016,15.996756976641695,45.14134834124786,-0.550995772679438,1.146916857351185,0.18006354290878565,1,10,20
392,2023-06,ЖК Высокое,0.0,1.2642854562571153,3.2789328731166214,0.019679874048806088,5.389487501252152,0.0,0.0,26.28611549896841,0.0,0.0,0.0,0.19488614271720292,3.455084621841488,5.238655067620388,10.127395088169548,31.216492693579234,-0.22099221949159337,1.1497387791904683,0.6548348161609787,1,30,3
393,2023-06,ЖК Гусево,0.0,1.0033016613984365,1.6882610198396906,0.033566789761874445,2.255839878096064,0.0,0.006479052591366357,19.27389439438345,0.0,0.0,0.047970496894409936,0.16401327583091774,2.5053233060604576,8.530931726324637,9.280575986102521,25.724420102085844,-0.7744694592756827,-0.7046477778514243,0.21695085960036412,2,22,12
394,2023-06,ЖК Детчинское,0.22370292267850536,1.065805434255216,1.6763011335138929,0.03272025536854324,5.958397105332856,0.2353226075358453,0.13127056740892573,23.36430252062675,0.0,0.0,0.150314325361195,0.139937217168363,3.0062371962758307,8.055433723990975,12.178563425086766,40.206964039102466,2.323089931319861,-0.3196787132750647,0.3864649161623745,2,31,5
395,2023-06,ЖК Добрино,0.0,1.08684739368721,2.327964917859554,0.009991207737191272,3.809198435915151,0.0,0.0,20.294255876803017,0.0,0.0,0.0,0.20332783937959786,2.387241444654108,4.083772172351885,9.621293790417887,29.87153646790364,-0.9033784072456191,0.046287222873078175,0.5358712049696,1,30,3
396,2023-06,ЖК Елбань,0.006651982156949442,4.428823274815526,0.0,0.0,9.82812713646158,0.1360648325511143,0.009681759698067892,4.754862680914378,0.0,0.0,0.016443711273418808,0.04454897437928167,0.41458441076307767,2.4236547094052763,19.021669366527654,50.07082319754983,-1.208011901817701,-1.0740614744916734,1.793494833661864,9,18,-1
397,2023-06,ЖК Залужное,0.0,45.52617079889807,3.2761854519184097,0.006784005468215995,5.980934483166327,0.0,0.012440191387559809,22.34832386483986,0.0,0.0,0.0,0.13549396818891993,3.472839050696329,8.077133017159287,12.132705179847873,32.58566134902816,-1.302470177210345,2.8339014065604444,0.24869931676240475,3,17,19
398,2023-06,ЖК Зимитицы,0.1798660142711519,2.5888740818135765,0.0,0.0,9.339792331560284,0.11851088245056664,0.0,5.5292624095467815,0.0,0.0,0.23676201772593983,0.1652824531408308,3.326809660307733,1.4242970268860544,20.152066830373123,52.36955248344801,1.3487462186682855,0.23174060962516888,0.3511495683154494,0,19,21
399,2023-06,ЖК Колыбелка,0.0,50.94825018615041,2.605364291828828,0.0030320629159104663,3.957206738460338,0.0,0.009030852994555354,19.663582676240647,0.0,0.0,0.0,0.14198411122144985,2.939913582525249,3.464275582573455,11.820724847924923,30.379212518773738,-1.8665370443529246,2.3106574878467394,0.5565798941732129,3,17,19
400,2023-06,ЖК Коршево,0.0,5.827800678770115,2.3498935048621794,0.008914562829838825,3.0895916702185957,0.0,0.0,15.18235327352265,0.0,0.0,0.04057331307187429,0.1828196582351568,2.416765714673821,8.18529909107589,8.8895929707519,25.30456751458279,-1.175967893708741,-0.04454997644499486,0.21382604474721217,1,23,14
401,2023-06,ЖК Курская Васильевка,0.054383018476230026,1.2196503476546285,2.8346255384150836,0.037694013303769404,3.2446035803237856,0.14297459157487882,0.06082624039858833,19.68783373767489,0.0,0.0,0.06489745806064669,0.19856547180489262,2.522467891241179,3.9826259538734075,10.962008664979603,36.324445281471796,0.3970122730166963,-0.06605047750892681,0.4998692846761108,2,31,5
402,2023-06,ЖК Наратлы,0.09688602150537634,1.0316775593531988,2.7577389045746505,0.0,2.7654826591070165,0.17232427775714815,0.05699139784946237,19.182439482817358,0.0,0.0,0.04564332549795868,0.16204403307673335,2.5085433451858794,6.171107944405795,14.123897923353347,40.00142582923321,0.03315536664426607,-0.3085298293409422,0.8470190183918463,2,-1,-1
403,2023-06,ЖК Нестерово,0.2532220424107143,2.667559936440929,3.2885645265636727,0.006042539477924589,5.637403643657028,0.20401269596397598,0.11352997584497193,21.602940147224444,0.0,0.0,0.2802016657308628,0.16037300882147615,3.6044520452334807,5.02922637495202,12.123917531143247,39.01400051750984,2.5483263320417953,0.5973804782488648,0.21964745832801189,0,31,5
404,2023-06,ЖК Огнева Заимка,0.08671475081392438,3.222944419520183,1.7831969461142123,0.0,1.7239401109319974,0.1735686710105337,0.0,22.979675474086577,0.0,0.0,0.09637213501109472,0.19924875908463827,0.9399425994290034,1.8807815641495735,14.138808791679889,39.15813335078669,-0.08864512185164909,-1.5089344532642341,0.7379650106344223,9,32,8
405,2023-06,ЖК Озерки,0.08612526939655173,3.668299639533776,3.060849539350299,0.010416080175665785,3.8544492387390235,0.0,0.0,21.21319608845162,0.0,0.0,0.058924826279216684,0.19884863695609975,3.4713735256122225,6.478392385609977,10.819997416301868,28.77251004690374,-0.1781159974708568,0.794446013444268,0.47708515773238347,1,14,15
406,2023-06,ЖК Пеньково,0.008337744206280156,1.4753713056991073,0.002149640117060824,0.0,2.242233712316968,0.008458997050147491,0.0,6.6263152894828705,0.0,0.0,0.011623556291684536,0.0528642054429167,0.4523809264869624,4.728524790994123,12.497358147170754,35.04777530745933,-2.5250255207315564,-2.4272676299954328,0.19787210330523033,9,-1,-1
407,2023-06,ЖК Песковатка,0.0,6.051254984059987,2.533410221157826,0.005488072588906776,3.7192777321763604,0.0,0.0,20.281939363627167,0.0,0.0,0.07735323544230907,0.18181199134146783,2.5855034785833904,5.937198950801978,9.041750825311496,25.144509206002915,-0.7269060607720468,0.20318759450062351,0.380768394394885,1,23,14
408,2023-06,ЖК Петровское,0.0,44.245261561789235,3.416063920689769,0.010397125483692649,4.466406424581005,0.0,0.01304588170259812,23.28379560489234,0.0,0.0,0.0,0.22286962485835274,3.009111940885838,4.518485598423951,12.181605291615098,32.40655457701575,-1.1928871707266244,2.6203068703864805,0.2559095511025457,3,17,19
409,2023-06,ЖК Петропавловка,0.0,0.7845270517618289,2.5185426600949863,0.0016690032712464117,3.9858626297966095,0.0,0.0,24.926521627417085,0.0,0.0,0.02139202510848043,0.19233199741308354,3.484441881334958,6.074206734243068,7.706871238174166,21.733239961654654,-0.4411376014872289,0.5918828785095877,0.5236325507992818,1,23,14
410,2023-06,ЖК Плеханово,0.044213534278959805,0.4455964653111654,0.0,0.0,4.212474977150212,0.01585246139346045,0.0,27.722011185845883,0.0,0.0,0.10240018289894834,0.10388422152170264,0.8331995061034372,9.793183180682766,18.441687069196632,45.90354642941297,-0.47848540394347233,-2.2108872987213255,0.3184483460874887,4,19,21
411,2023-06,ЖК Подболотье,0.2736871182805725,3.5616240116732834,0.8727810650887574,0.013448090371167294,5.524351788818077,0.2122657933887296,0.09982317699847092,32.13424086479166,0.0,0.0,0.28035687165969386,0.17280462383013712,3.614271697301129,4.052275499457458,12.2327920395893,39.279130679088595,3.3247479852170465,-0.32895493192166886,0.8492923907807577,5,31,5
412,2023-06,ЖК Семено-Макарово,0.0,1.9032390553580498,0.42836851959455097,0.010652721286073988,4.016205743056833,0.0,0.0,18.82660565239952,0.0,0.0,0.011522473392558711,0.16436523784042584,2.6883778116359123,5.01004450919145,7.913653928197732,22.02421877289663,-0.8354683444327687,-0.5632107748411616,0.19786896988862837,1,23,14
413,2023-06,ЖК Старая Чигла,0.0,5.832464217096078,2.748571329104788,0.0,4.144915206134535,0.0,0.0,20.42790194711305,0.0,0.0,0.057987711996375896,0.20901447693456657,2.66215815543543,6.637733638405087,10.744733601613232,31.91398623168817,-0.6855320426205608,0.47562266628140587,0.41702580231378017,1,20,17
414,2023-06,ЖК Старое Резяпкино,0.0,4.70840108401084,3.2527508041306925,0.0,0.0,0.0,0.0,26.606866753585397,0.0,0.0,0.0,0.18171779141104294,0.0,5.712938005390836,20.100143302397942,59.60181124526073,-1.9285268599648824,-1.5189999440379578,1.195488714422641,9,-1,-1
415,2023-06,ЖК Сугоново,0.0,0.0,0.0,0.0,0.6977464788732395,0.0,0.0,31.032611173534715,0.0,0.0,0.0,0.0,0.0,6.63180378374141,19.62393107385354,64.17536204059695,-2.0301960750214763,-3.304063942796894,0.09058146407557954,4,1,11
416,2023-06,ЖК Уланово,0.0,1.4602808607884212,2.2813056269384138,0.0870086626962642,3.2053064211744933,0.27350493801218745,0.008666174454171501,26.88997264088092,0.0,0.0,0.0,0.1964786140773912,3.168623768894507,5.674939114620961,13.18517597766594,33.83950549381772,1.195113557665323,-0.09255817818678237,0.7110497843626594,2,21,22
417,2023-06,ЖК Шацк,0.07607214665878179,0.34578568238743373,2.683406677644654,0.02752006671531325,9.468276064215988,0.0,0.0021315849629060077,26.578556069858802,0.0,0.0,0.22405936488673142,0.2541461546685327,2.820134533889754,8.564740657338946,10.412616427932491,29.081502295446434,1.7718527461236668,0.9594011648524661,1.2535613221291315,0,15,23
418,2023-06,ЖК Щучье,0.0,38.654242664551944,3.719425370148059,0.01038584523555745,3.907718523499963,0.0,0.011218705715635333,20.723668381641282,0.0,0.0,0.0,0.16046547054840893,2.944371095918934,2.0962973660052255,12.049724389567183,31.720382198023074,-1.5813748027580035,2.299183037129484,0.25397148693104304,3,17,19
419,2023-06,МТФ Щучье,0.0,0.0,4.445736255272327,0.0006090133982947625,3.3282195988656165,0.0,0.0,20.565214780534895,0.0,0.0,0.0,0.13888595700862402,2.4720721685971685,7.649817295980512,13.944521967777204,41.57045577795627,-1.3810505632223475,0.5164370562798056,0.06370080222141421,1,9,2
420,2023-06,РМ Кольцово,0.0,0.33860738660053985,1.4619855020937031,0.03558468921924383,1.3588141433204464,0.0,0.005930781536540638,19.385616148721706,0.0,0.0,0.030194979553212344,0.11551572669247673,1.0597901189864067,6.4974052830777635,9.130854082976734,24.91148038893054,-1.4457071804654174,-1.7884558275006528,0.13764357491744308,9,22,12
421,2023-07,ЖК Авангард,0.26034087045767984,2.3738843493395216,2.7072784810126582,0.02078862660944206,5.78668476513934,0.1690177871020706,0.02768126656437439,26.761018735765543,0.0,0.0,0.24255365992055986,0.19565896838914323,2.968904183235247,2.740175305900585,11.563201306231909,37.55660413918078,2.4066139428133186,0.20967617063019628,0.0783943338067412,0,31,5
422,2023-07,ЖК Аристово,0.0,0.0,0.0,0.0,0.9534534135589181,0.0,0.019891552484213034,28.811986178958655,0.0,0.0,0.0,0.0,0.0,5.8690218038841895,22.62510287098453,72.75870410817555,-2.041427978195199,-3.2212963495389952,0.4555898277437151,4,1,-1
423,2023-07,ЖК Бобров,0.0,1.097225107913669,2.516757143656769,0.0018297424637482274,4.0259748217573215,0.0,0.0,23.396749115067486,0.0,0.0,0.0,0.21561732426303856,2.5667785571570523,7.387554433585777,9.312990177525952,29.478380635223917,-0.7168597050854908,0.19149714976283486,0.08597231501271214,1,30,3
424,2023-07,ЖК Бобров 2,0.0,0.9059069912138465,2.441465752906702,0.00995757981692342,3.6883319287236436,0.0,0.0,19.82621266213036,0.0,0.0,0.0,0.19339364542207182,2.5522420097779888,5.412242429010265,9.627658361992255,29.9315023317248,-0.9399444500725463,0.09350651687980525,0.13191985098362022,1,30,3
425,2023-07,ЖК Богданино,0.12958373340864163,0.0,0.0,0.0,11.801270127688612,0.21262745965642893,0.09785037098103874,29.167347261769983,0.0,0.0,0.13673353509151173,0.2699556560368079,2.560097507513615,7.982318151000705,24.43829244541728,65.62032859529067,3.0484760265010906,0.2183964845666814,0.26888520937512517,5,3,16
426,2023-07,ЖК Бодеевка,0.0,0.9058130951937059,2.265497348501048,0.0065839025290751335,2.8617087486639616,0.0,0.0,19.830989278797738,0.0,0.0,0.0,0.20479027405572128,2.114952361918042,3.444928139163741,9.35435778802146,29.17463431371749,-1.121416813858976,-0.26758332197516055,0.12620525331860005,1,30,3
427,2023-07,ЖК Болдасовка,0.0,0.0,1.1399511604439958,0.04505632040050062,0.87690564805746,0.0,0.08635794743429287,33.330508273830965,0.0,0.0,0.020458962975031567,0.23435429914826378,1.3024627895325085,4.153724347605777,16.405220868126822,39.62564267054794,-0.09086154280813681,-1.5900574415912383,2.363791902042592,9,8,-1
428,2023-07,ЖК Борково,0.1380068422853233,4.566276205021232,3.7693792791374836,0.0,1.2557387627853345,0.0,0.0,26.463579332116517,0.0,0.0,0.34138321397654836,0.12256811206421657,2.8745967970410007,0.0,19.988138868546333,52.26125269294923,0.5504491974882523,-0.16765188390569644,0.3826718285519658,0,-1,-1
429,2023-07,ЖК Бортниково,0.0,0.0,9.043714708722696,0.04519675456389452,13.284445152439023,0.0,0.011300441474764349,19.399896323170733,0.0,0.0,0.0,0.23555129526438065,0.42657612549893253,6.067665966174771,16.68799481752681,47.09485137393228,-0.2343786148519919,3.124947376980961,0.43481414795390005,1,10,20
430,2023-07,ЖК Бушовка,0.09574512306289883,0.0,1.1988098780124963,0.03838143409699494,6.11335315598579,0.20933561007458001,0.09574512306289883,33.211599187088545,0.0,0.0,0.0937103496771719,0.2931527200664834,1.1722172217605318,6.353915024893515,18.536707735218204,48.35499207812336,2.186182493567155,-0.9612175237791403,0.06624143428545592,5,12,7
431,2023-07,ЖК Верхний Икорец,0.0,1.4534572896835767,3.5706458662563416,0.0,6.109876134189743,0.0,0.0,26.269438376173426,0.0,0.0,0.0,0.20222199040267055,3.351315440246531,4.54177897574124,10.793357541174139,36.17235003586856,-0.3134374261551037,1.3989280247804379,0.3913294644894025,1,28,24
432,2023-07,ЖК Волчанское,0.0,0.0,3.56891009403993,0.009386617100371747,5.4062840808957855,0.0,0.011152416356877323,22.88249630916587,0.0,0.0,0.0,0.19343884828545563,3.398221603512648,3.1034678511887774,15.965188415456502,45.0501274186267,-0.4486636164938331,1.2677960291563215,0.15837816884245995,1,10,20
433,2023-07,ЖК Высокое,0.0,1.2308924581594367,3.159545303988104,0.009645061728395061,5.836992820837541,0.0,0.0,25.117629889653927,0.0,0.0,0.0,0.2062560677492579,3.3130656213355785,4.706451734753622,9.847860814044253,30.739314760220154,-0.27890978542622097,1.1694181760128253,0.061169625657541256,1,30,3
434,2023-07,ЖК Гусево,0.0,1.612180768630714,1.5924237291970722,0.03067921155976236,2.351614855851409,0.0,0.00571583929110865,19.224071243347005,0.0,0.0,0.0,0.1577884231415792,2.4583724027217833,7.010273270702382,10.996033043431252,28.709842885373256,-1.0502037797653432,-0.6299449513253261,0.2856745137160176,9,17,19
435,2023-07,ЖК Детчинское,0.2129911583659765,0.9331836473092682,1.6140374204577834,0.039751318764129615,5.3881622728549665,0.1840207599530366,0.0802779248279513,19.8112679572156,0.0,0.0,0.20909805455928704,0.17689398792093702,2.8172987369499047,8.353128078971132,11.96333291904129,40.034763622463906,2.1405443683840493,-0.4946389737767618,0.2528516863743926,0,31,5
436,2023-07,ЖК Добрино,0.0,1.0602809141405616,2.2903494731363363,0.008613264427217916,3.7660460263701814,0.0,0.0,20.315340738047627,0.0,0.0,0.0,0.19845458294244392,2.261762471469834,3.8500295312423063,9.539489946754479,29.678981173599123,-0.964233780662193,-0.04769094979433215,0.1119610352380516,1,30,3
437,2023-07,ЖК Елбань,0.008027295499125273,3.7352102033511976,0.0,0.0,14.410036218227399,0.16486716921190503,0.0072644064054443675,0.0,0.0,0.0,0.0121755509156772,0.04836994406506693,0.46354417358878297,1.3177624380359663,25.22808355012528,68.31142590252787,-0.7209546422911752,-0.22696057079832974,0.977141092726925,9,-1,-1
438,2023-07,ЖК Залужное,0.0,50.98759221998659,3.9142589109739916,0.0067706227254346945,5.955757809581286,0.0,0.01293974929235746,22.212462893269386,0.0,0.0,0.0,0.18829797643516777,3.4690101556120396,8.165356118620547,12.22357016538267,33.05531328463721,-1.24017446105225,3.4124925230718395,0.5819350791605131,3,17,19
439,2023-07,ЖК Зимитицы,0.18246717521960243,3.355641012584564,3.3097643097643097,0.0,8.095303531124864,0.12789161579668618,0.0,26.09696131569539,0.0,0.0,0.24471472999717275,0.17554116458057994,2.9734285332144452,1.6681061532925514,14.494523589450854,39.92511606948507,1.8835067697378256,0.9577870437617464,0.901727382029978,0,32,8
440,2023-07,ЖК Колыбелка,0.0,50.09385999217833,3.1456161678819305,0.004893657552666965,3.9460679535750796,0.0,0.009342447333034513,19.15483206549489,0.0,0.0,0.0,0.16371362089466562,2.6654203425327343,4.038616822038044,11.923294047655878,31.162580678721366,-1.8768615376876407,2.3727544847437474,0.06294944150860768,3,17,19
441,2023-07,ЖК Коршево,0.0,5.859711471632545,2.382061122481374,0.011274320319546451,3.0538854289071677,0.0,0.0,17.820754176206634,0.0,0.0,0.059329524615601634,0.21406637806637804,2.4165709984863857,4.067308864595735,9.061249253873708,25.190521050785946,-0.8605973403398712,0.09393881850556014,0.34443828512382885,1,23,14
442,2023-07,ЖК Курская Васильевка,0.04867887473460721,0.9495002154777187,2.725962103318922,0.028886749129694096,2.861077193658306,0.13687234062897413,0.05484784147204529,20.12025621277602,0.0,0.0,0.04891517770182926,0.18992365671163375,2.4274818183068945,2.334643108795338,10.932493608247327,36.00904050204588,0.11606270880856855,-0.17719723187913516,0.3021361591001122,2,31,5
443,2023-07,ЖК Наратлы,0.09812256973795436,1.019467135054846,2.7261988958010694,0.0824639131056167,2.9010746060411416,0.2170028478322471,0.057055932203389836,18.889099513362343,0.0,0.0,0.05189910766625415,0.23383372710189998,2.226634824881117,4.931564553498248,11.50941030293554,38.3416655371849,1.122106101290635,-0.39333442395116264,1.0922479213776837,2,31,5
444,2023-07,ЖК Нестерово,0.2508870900733077,1.9622631681225942,3.665404227932076,0.024956515162973605,5.468401743198925,0.21346234693470545,0.11429898968451971,22.508950947145948,0.0,0.0,0.3101235455286385,0.19241096008047698,3.231082787591155,4.473655973237836,12.168587248600906,39.868258358495616,2.9066433906129117,0.4957253757136269,0.3724578826317233,0,31,5
445,2023-07,ЖК Огнева Заимка,0.09405646021804685,3.7479199077836567,2.192413234517882,0.0,0.9334367957899201,0.18183623026094747,0.0,24.517948230006972,0.0,0.0,0.09869772334837558,0.2013050462934576,0.8847875406217426,1.595028511922554,14.316533813841138,40.35825140797556,-0.09836635440564613,-1.515867728793863,0.011940379890884568,9,32,8
446,2023-07,ЖК Озерки,0.0,3.5190288366814566,2.7945719433787892,0.009739943508327652,3.636076569220398,0.0,0.0,20.831867561772707,0.0,0.0,0.06734495946152669,0.19506667825705032,3.0455337468446393,5.563067394214077,8.959888501679673,25.231765704263758,-0.5485079525637377,0.47763389328772576,0.48740139502837915,1,23,14
447,2023-07,ЖК Пеньково,0.009531797297398916,2.123816758254789,0.10838294597723871,0.0,1.1750078286993402,0.0,0.0,6.430081966725864,0.0,0.0,0.015169520466726748,0.06045953076473664,0.5520125703391655,3.772370565335722,10.985431275184661,29.7163214572534,-2.650986923512261,-2.450717430643437,0.1281255951826723,9,13,18
448,2023-07,ЖК Песковатка,0.0,5.831806799301324,2.4936303651923954,0.013260201313965403,3.538384775379264,0.0,0.0,20.562001529589747,0.0,0.0,0.19038473344929907,0.22016045679592353,2.557691743006593,6.244142219825095,9.710522498577689,26.766912603566233,-0.015640326074935134,0.04695206674934466,0.7282228268091728,1,23,14
449,2023-07,ЖК Петровское,0.0,37.975051975051976,3.4772269508154117,0.01123413693346191,4.287021942889669,0.0,0.010125361620057859,23.784107950331983,0.0,0.0,0.0,0.22240520758844065,2.955924454490133,3.9440398890140385,12.015540486480933,31.946878674290442,-1.116655215177798,2.34409429797401,0.2865391704558252,3,17,19
450,2023-07,ЖК Петропавловка,0.0,0.8625340155202269,2.407500092795159,0.0022468467548383804,3.775001821867292,0.0,0.0,23.96420149301492,0.0,0.0,0.01634039668191003,0.1914032492022048,3.252633068497659,5.297356249318157,7.615669645711745,21.636054751982208,-0.580802854490414,0.4231005340767234,0.21907501612164207,1,23,14
451,2023-07,ЖК Плеханово,0.04005206766421239,1.770454684009437,1.4268629254829808,0.0,3.9563664818858837,0.02277083141515514,0.0,29.066241489499518,0.0,0.0,0.08409275911992008,0.1468264880452433,0.6368076760339902,4.074400825780463,12.685302459678155,33.50438477082832,-0.5491206172585037,-1.5139841938195555,0.7004736047716483,9,32,8
452,2023-07,ЖК Подболотье,0.2537390379361311,3.0808118742538797,0.8237119801365611,0.02110490378646803,5.692371245468669,0.21680461587100855,0.08706589189781822,32.3013033175904,0.0,0.0,0.30902827519788123,0.2175840278742418,3.1707142942135387,3.6640305944950375,12.190867750883967,39.85850617352977,3.545028796190099,-0.4985530382767398,0.27800567145684574,5,31,5
453,2023-07,ЖК Семено-Макарово,0.0,1.827201740044064,0.617598845977313,0.016589076126155664,3.7740745340939372,0.0,0.0,18.046590656587767,0.0,0.0,0.01146274607525542,0.20574779475711266,2.700059057502935,5.877812445875067,8.106608985419514,22.50037866835292,-0.6987505687379597,-0.451686655975364,0.17643519852832273,1,23,14
454,2023-07,ЖК Старая Чигла,0.0,5.369470395687911,2.683101781649792,0.0,3.6277365760341924,0.0,0.0,20.080267728161964,0.0,0.0,0.15903820692264045,0.24091521438759136,2.5771308229875745,6.33608161205823,11.181966617575096,32.379538996395965,-0.1955137579168993,0.24128426977315237,0.5431688535087207,1,20,17
455,2023-07,ЖК Старое Резяпкино,0.0,6.451066961000736,4.959676810390395,0.0,0.0,0.0,0.0,27.811891250952826,0.0,0.0,0.0,0.17811296534017973,0.0,5.923986486486487,20.3248543405614,60.3990815118163,-2.0422247279106864,-0.8352423074416804,0.6931462405431833,9,-1,-1
456,2023-07,ЖК Сугоново,0.0,0.0,0.0,0.0,0.7597829719270226,0.0,0.0,28.343264401990297,0.0,0.0,0.0,0.0,0.0,7.147871490877818,19.641389007928193,64.23490385995252,-2.1386751710085403,-3.2884080627351397,0.10960301477002672,4,1,11
457,2023-07,ЖК Уланово,0.0,1.6104473447693428,2.5900087175261306,0.044910336471246155,2.8639758742311163,0.2596308298247997,0.019515518687668935,27.87321340347002,0.0,0.0,0.0,0.19185744229056784,3.10174259306616,4.323695288354393,13.298242989024365,34.53621723022575,0.7685241485499295,0.019513846548416543,0.4410653723629498,2,21,22
458,2023-07,ЖК Шацк,0.08374918149466191,0.4355789309292255,2.6527383850121296,0.030121568485985354,6.762228720521975,0.0,0.020294764232770858,23.69157324660407,0.0,0.0,0.20201400911914358,0.24786868094209522,2.4448972519640098,7.451295866953452,11.202382990603986,32.726759459050626,1.190921827613135,0.33748194581002544,0.8510371596445419,0,15,23
459,2023-07,ЖК Щучье,0.0,36.05974842767296,3.6991778669121516,0.01225197457137353,3.78755291797274,0.0,0.012136389905605857,21.23042683617597,0.0,0.0,0.0,0.19129229327502342,2.941863207244236,1.7813650490969664,12.099867379956095,32.17156279864018,-1.3964663100585677,2.246610496068316,0.19223689226057905,3,17,19
460,2023-07,МТФ Щучье,0.0,0.0,4.608936059672691,0.0015276504735716467,3.060528921968461,0.0,0.006721662083715246,21.371846910925484,0.0,0.0,0.0,0.1368005333333333,2.433399284482208,8.377024136877482,15.468229825291369,43.68428231577402,-1.3777758507379358,0.4823187702380145,0.0342750810981541,1,10,20
461,2023-07,РМ Кольцово,0.0,0.6744056942324087,1.7157312824691862,0.028156372581610266,1.459336402632647,0.0,0.005784189880991955,16.814217489732545,0.0,0.0,0.025712103351446674,0.12913108905955478,1.1733947644328693,6.844225782860182,9.007132752695776,25.339405507181695,-1.571016727935603,-1.5440489029998032,0.27465838314376406,9,22,12
462,2023-08,ЖК Авангард,0.2558542236473954,2.1101852638369936,2.6429540316503393,0.011944260119442602,7.082902394140704,0.18892098421541317,0.032823238925199706,24.65260469664484,0.0,0.0,0.24164212406872435,0.1925785789897777,2.965343773171282,3.8753128659205163,11.569042992318467,36.959302646024454,2.4811271768642578,0.3776356459571827,0.18374604050386117,0,31,5
463,2023-08,ЖК Аристово,0.0,0.0,0.0,0.0,0.9310318856450522,0.0,0.020106937264374562,26.950558027913047,0.0,0.0,0.0,0.0,0.0,7.114401547100352,22.661267679017847,72.85523367231659,-2.120206819296727,-3.243478492519649,0.08184224625774841,4,1,-1
464,2023-08,ЖК Бобров,0.0,1.3862025030525031,2.825599203912026,0.0016252512724006672,5.284139283359334,0.0,0.0,23.643281875915974,0.0,0.0,0.0,0.23989212392206963,2.6943503332519105,7.861999491467962,9.461628645803671,29.896064312284253,-0.45278895922808965,0.6542057374207264,0.5327594165381264,1,30,3
465,2023-08,ЖК Бобров 2,0.0,1.1695840790638214,2.5003462735632334,0.00666516550326503,4.362238069602,0.0,0.0,19.277258939639104,0.0,0.0,0.0,0.19426822119520637,2.512892591856625,5.3738604182717,9.577194684910655,29.93121492720064,-0.920765406783802,0.23409730762961506,0.1418929390249153,1,30,3
466,2023-08,ЖК Богданино,0.1188877175778377,0.0,0.0,0.0,12.045115597627557,0.2132748535044773,0.09785274095306343,29.414845779566576,0.0,0.0,0.23032606030889924,0.27140332361975267,1.027250295345357,5.393395305039788,24.51041976328967,65.99602105590705,3.125928462920422,-0.6155030972523875,0.8374887416946621,5,3,16
467,2023-08,ЖК Бодеевка,0.0,0.932326258817335,2.1424814533438172,0.00510061675595372,2.9026306290490256,0.0,0.0,18.073394242859,0.0,0.0,0.0,0.20263196905365932,2.086715021837104,4.015255522571936,9.281254591763147,29.04226490039218,-1.2093435697946031,-0.32623743549513634,0.10569493574517916,1,30,3
468,2023-08,ЖК Болдасовка,0.0,0.0,1.032720753025549,0.0,0.8590906054279749,0.0,0.028543307086614175,30.666327662721894,0.0,0.0,0.011863981556821264,0.2346101686746988,0.9684349084796414,4.9160584474137226,16.026565523764564,43.35930737574584,-0.8452338362254684,-1.7533362278671292,0.7718403456178309,9,-1,-1
469,2023-08,ЖК Борково,0.13035882901628756,5.323751241003272,3.1586229945643223,0.0,1.3062839090465577,0.0,0.0,24.46276986695747,0.0,0.0,0.30605429089112174,0.11077717015318729,2.4969825598335067,0.0,19.91784195211291,51.992293733693174,0.18742117597347488,-0.5183808339674875,0.5047773180486421,0,-1,-1
470,2023-08,ЖК Бортниково,0.0,0.0,9.78651288601698,0.032890477475047204,13.30481799451836,0.0,0.006824925816023739,20.36490374037747,0.0,0.0,0.0,0.23388988854818868,0.22320593797624075,5.976149914821124,16.44416532862867,47.41667281612477,-0.40979858569710775,3.305037048308471,0.2514049639329978,1,10,20
471,2023-08,ЖК Бушовка,0.031906724942882686,0.0,1.1874934424509496,0.029640121708110378,6.130716767516534,0.208127787592493,0.08534309335170513,37.22716201055138,0.0,0.0,0.11228916857360795,0.2867103681922782,1.1436330861672206,3.2918633016437546,18.175822384213134,47.11359375178314,2.102899958738848,-0.9260553884275909,0.09040108611022797,5,12,7
472,2023-08,ЖК Верхний Икорец,0.0,1.26659948522829,3.4501460600739184,0.0,6.748948344490682,0.0,0.0,24.50050501863554,0.0,0.0,0.0,0.21621287892819657,3.2530768302601825,5.083443854995579,10.783857525343738,36.17781013342348,-0.2655682058580683,1.4398549981835993,0.06297999209105375,1,28,24
473,2023-08,ЖК Волчанское,0.0,0.0,3.4407072322894203,0.006793118659020732,5.583258888798428,0.0,0.009263343625937363,20.737022619725327,0.0,0.0,0.0,0.20960357500108728,3.0948556439452086,5.565270686119757,15.867390944986466,45.02672134961583,-0.5340087129293164,1.0877269787551334,0.1992702898024881,1,10,20
474,2023-08,ЖК Высокое,0.0,1.2037775389411274,3.0886705497236027,0.009871018689128718,5.828303155408913,0.0,0.0,23.661648350345054,0.0,0.0,0.0,0.1890044619422572,3.243308271624156,5.819230441621516,9.859314979063443,30.75108297145777,-0.4144448030782614,1.0420601354806247,0.1859833634982994,1,30,3
475,2023-08,ЖК Гусево,0.0,1.2385032922924277,1.6800526668440294,0.02523914437906127,2.5654170179416553,0.0,0.005335081016259029,18.86262928723529,0.0,0.0,0.0,0.13209422069674928,2.3763838569494906,7.458688667645076,10.854614125128384,28.316964497604708,-1.2011129622916732,-0.6839989575243037,0.16029790066287297,9,17,19
476,2023-08,ЖК Детчинское,0.20113505983912103,0.665881210756811,1.5454488239033692,0.0430162547316856,4.984711827767239,0.19880388340725988,0.0781333400053376,19.555284375089727,0.0,0.0,0.20124887882518466,0.16995353805461497,2.4223635045508054,7.838437316519883,12.066379295043356,40.59681299691696,1.975689410354298,-0.8141000778696815,0.3594892963848275,0,31,5
477,2023-08,ЖК Добрино,0.0,1.0415204363500166,2.3140569057614395,0.00818491356731273,3.886784747859227,0.0,0.0,19.56803633090941,0.0,0.0,0.0,0.18249204221986742,2.2026835822444304,4.1019986426124975,9.515790148376334,29.615318845054695,-1.0610882889039468,-0.09060157429130122,0.1059344960882518,1,30,3
478,2023-08,ЖК Елбань,0.017863705128958348,4.200395690779483,0.0,0.0,1.7701153971587202,0.18218750455225993,0.005406466512702078,23.31135490616779,0.0,0.0,0.03693533015656909,0.0757588783393289,0.5815989237195199,1.9071934286839958,19.236738157962133,49.107373085178,-0.940977220922368,-2.5128204165978025,2.296424431533925,9,18,-1
479,2023-08,ЖК Залужное,0.0,52.52131147540984,3.8960460210543295,0.006865130680265914,5.509668744881515,0.0,0.005919315180766779,21.039467688634932,0.0,0.0,0.0,0.2014854348511936,3.203287141129077,7.993385437812965,11.898088622656521,32.38506072279501,-1.4005480950161477,3.290253650651625,0.20164831861771557,3,17,19
480,2023-08,ЖК Зимитицы,0.1744890494121263,3.6092434260653024,3.265705343170132,0.12286363636363636,6.422737776134578,0.1215478652986927,0.2707093023255814,21.04051386796633,0.0,0.0,0.22969884760818676,0.1718935459473087,2.5621283050932178,2.8632264933183063,12.410166860305724,41.594699869141,3.0113666497387706,0.3725484128411488,1.270658161756167,8,31,5
481,2023-08,ЖК Колыбелка,0.0,49.49977053694355,3.589098480842611,0.006356147666022577,4.569918016674575,0.0,0.008593511644462525,19.626381998268872,0.0,0.0,0.0,0.17601310015626004,2.6130833989062436,4.307508660026495,11.949177334683537,31.616232176079098,-1.75506622735534,2.6155549537247813,0.27163608993716476,3,17,19
482,2023-08,ЖК Коршево,0.0,3.885468677732263,2.2197201958819126,0.014912019087384432,3.1599525002308617,0.0,0.0,18.10704278772402,0.0,0.0,0.1577112186788155,0.20984873210998278,2.283068769131074,3.836893694176744,9.483502946081652,25.75081028119024,-0.3667499750532262,-0.2502624568744236,0.6019632365633041,1,23,14
483,2023-08,ЖК Курочкино,0.0,0.0,0.0,0.0,0.0,0.0,0.0,28.409245167414564,0.0,0.0,0.0,0.22751872626855368,0.2966029117898944,0.0,20.70965364855298,67.36177127169866,-1.3141510378338979,-2.518832164016398,,9,-1,-1
484,2023-08,ЖК Курская Васильевка,0.0648243350535927,0.7956529491188488,2.8577459867643777,0.005820298290287377,2.467883183139599,0.1727946040034813,0.06153235410877332,19.529309691395905,0.0,0.0,0.05183475728529826,0.1697591209267078,2.5875324158981057,3.23476502082094,11.152229849797763,35.27632027430263,0.03397567029772674,-0.2000838276032078,0.08521782768480764,2,31,5
485,2023-08,ЖК Наратлы,0.09573082358987536,1.0543661377607938,2.232263312045192,0.06676096181046676,2.955982432888825,0.18440173189898526,0.0,17.866081283851752,0.0,0.0,0.06386572527797742,0.2300297918037898,2.455572098969767,4.8993310392652765,11.792781776269948,35.05791546549766,0.7820183236341928,-0.42791799622642646,0.34184165922633847,2,33,10
486,2023-08,ЖК Нестерово,0.22319382193378287,1.6388340143607292,2.639806469042415,0.014729709824716454,5.679026603718839,0.22022744703102606,0.0853394979024358,22.641734767677818,0.0,0.0,0.25418280242300045,0.18189915844193613,2.9844715148651026,4.547507402254936,11.993204256403702,38.86575858057387,2.445792025351445,0.07374956077472782,0.6248580392830886,0,31,5
487,2023-08,ЖК Огнева Заимка,0.09361290634674922,3.8177369553559455,2.1752193807022393,0.0,1.0372740725750351,0.18343227302171763,0.0,26.0435957533182,0.0,0.0,0.10658181687612209,0.19203191705172998,0.6456123552658948,5.760673529646477,14.301511861113484,39.6988964826704,-0.04992481281887434,-1.7752066554144112,0.26382430102627225,9,32,8
488,2023-08,ЖК Озерки,0.0,3.4050326321807503,2.7217904454561914,0.03983005841741901,3.3588744617264856,0.0,0.0,21.831943420131996,0.0,0.0,0.004391478029294274,0.18947849609577852,2.3150564522229153,6.2036458565493255,8.555523930053422,23.759965860622437,-0.7579005411238627,0.025184755898846688,0.4985533853739743,1,23,14
489,2023-08,ЖК Пеньково,0.00927207293666027,4.4737983790476905,0.10849853210735735,0.0,1.013001232730301,0.0,0.0,13.551719550091416,0.0,0.0,0.015227776338448878,0.0709754248152088,0.44532630308485394,1.3061338609772883,11.122511072266281,29.15380732329827,-2.3896153029296587,-2.402343623553286,0.2658103633389242,9,13,18
490,2023-08,ЖК Песковатка,0.0,4.2804882047932065,2.436948541024687,0.004204507231752439,3.2813973483776646,0.0,0.0,20.12168964524835,0.0,0.0,0.18880979006224285,0.2205091354697827,2.4589535078556817,6.172519908635001,9.346547265654731,25.408452945066628,-0.14007561308377642,-0.11289329720535606,0.20257018791219858,1,23,14
491,2023-08,ЖК Петровское,0.0,46.28154379020287,3.678449925395739,0.012632466979122283,4.3774830563125375,0.0,0.006646783127396676,24.22846158012077,0.0,0.0,0.0,0.20688665467245212,2.9617107564830443,3.970123314722471,11.94880595184857,31.846535970624515,-1.2896099784292472,2.7202959713952244,0.4140544036914556,3,17,19
492,2023-08,ЖК Петропавловка,0.0,0.6663990232649813,2.3162882597628363,0.0014199676834940997,4.0503840727946425,0.0,0.0,21.225693389285517,0.0,0.0,0.01867518564501394,0.19504562552177623,3.2511307609860665,6.220505837193665,7.578051541141289,21.424511436405336,-0.6355899508572244,0.43083893359241276,0.055330902354566606,1,23,14
493,2023-08,ЖК Плеханово,0.029930864260037465,2.600412820905947,1.1318532416093392,0.0,3.6073342419591974,0.020892518382855427,0.0,25.70842779107329,0.0,0.0,0.07218669778296383,0.1433721788776682,0.6036790406955326,4.481109894485368,12.523429380680648,33.28902928185417,-0.8433454981167107,-1.6424090254171282,0.32103149049102797,9,32,8
494,2023-08,ЖК Подболотье,0.22267847752597972,1.8363182190019867,0.8851374472453519,0.01710961560396943,7.471414456450557,0.21448653755314123,0.06402870979759095,31.41503848750844,0.0,0.0,0.24146722511385818,0.20649082919161843,2.8285949665793515,2.6681437396551497,11.990250448513653,39.183994914284725,3.109873856446192,-0.27588531462210775,0.4888156469887793,5,31,5
495,2023-08,ЖК Семено-Макарово,0.0,1.9385737487299668,0.6619554030874786,0.017221269296740994,3.8331474393475204,0.0,0.0,18.100868489063718,0.0,0.0,0.012227552734739593,0.21618066822110216,2.1171493508151187,4.425457070475842,8.1200211917868,22.311716680662805,-0.7843103249583057,-0.6699088013888935,0.23439576923094976,9,23,14
496,2023-08,ЖК Старая Чигла,0.0,4.326586248553302,2.6981107136212175,0.0,3.9515517849337027,0.0,0.0,18.836858646177678,0.0,0.0,0.1362320311307798,0.22921690010417872,2.4957205643826086,8.324306467845153,11.074193287031806,32.29237622116606,-0.35232024790918776,0.18246795694928455,0.16747427849642088,1,20,17
497,2023-08,ЖК Старое Резяпкино,0.0,7.206572769953052,7.813668921607641,0.0,0.0,0.0,0.0,28.394975688816857,0.0,0.0,0.0,0.21815600599416357,1.533239480681996,4.520690778755295,17.161587621654938,51.1433676285082,-1.741086039807523,1.2029845906893872,2.0603527362414154,1,4,25
498,2023-08,ЖК Сугоново,0.0,0.0,0.0,0.0,0.7420244803473547,0.0,0.0,27.76148153478944,0.0,0.0,0.0,0.0,0.0,6.7721804541038475,19.612324640438345,64.15057645441503,-2.1681493167494748,-3.278614570329534,0.0310586181382318,4,1,11
499,2023-08,ЖК Уланово,0.0,1.2950815212463047,2.1624203467894882,0.029117945383615083,3.6427458305094733,0.2615915883859949,0.010214936247723133,27.950714606088773,0.0,0.0,0.0,0.20187756570803467,3.089257650519094,3.0977961155201705,12.932365973831008,32.67522482771115,0.7896208825886184,0.048663454511956944,0.03598293806135451,2,21,22
500,2023-08,ЖК Шацк,0.08375699338031176,1.2558377744688418,2.666294883083847,0.03460017196904557,6.465566859185018,0.0,0.019442480983031012,22.890785213645238,0.0,0.0,0.1428992278497579,0.2466612004603836,2.587546270127238,7.591318638204952,11.049549818927787,31.766104630565938,0.900493341095484,0.47634438240518234,0.3219184401025785,0,15,23
501,2023-08,ЖК Щучье,0.0,35.50189753320683,4.058331340002199,0.009313725490196078,3.857208709723309,0.0,0.01088935574229692,21.982659472499716,0.0,0.0,0.0,0.18321261802978345,3.0333721523991497,3.462152247993844,11.9937593778518,31.66705998732017,-1.4027943238836538,2.356830935191077,0.11040194273374314,3,17,19
502,2023-08,МТФ Гилево,0.10100857142857143,2.025714285714286,1.6760256410256413,0.0,10.892461197339246,0.0,0.0,26.848368522072935,0.0,0.0,0.29024248496993993,0.20355145631067964,2.0459518599562365,6.0,13.381417352552754,34.47901818563114,1.772757250701232,0.349035324723973,,0,13,18
503,2023-08,МТФ Щучье,0.0,0.0,4.4206709285905115,0.007558139534883721,2.677269153818995,0.0,0.011627906976744186,21.09646260518158,0.0,0.0,0.0,0.17330048400107556,2.235552091208758,7.719186046511628,15.956641698418258,44.84304436745556,-1.267712907820896,0.34290240084614226,0.17762537954349472,1,10,20
504,2023-08,РМ Кольцово,0.0,0.6582102845560557,1.4920455622166984,0.03310390036053753,1.184991319897466,0.0,0.0050803015404785315,15.322954580073837,0.0,0.0,0.02179327667200695,0.14809484982494933,0.9276722082192526,6.453949524745985,8.987834847279208,25.274694581465823,-1.6183355004957392,-1.7406957916838073,0.20225989485238285,9,22,12
505,2023-09,ЖК Авангард,0.24258901639344263,2.8496575607892365,2.7963503649635038,0.02116252821670429,9.248914412925126,0.19699164126720237,0.07046224182444062,23.381915262475694,0.0,0.0,0.2390642621555485,0.1939634627937337,3.1691905235621385,3.928428754395867,11.797573934231531,38.17838882734625,2.888347459530487,0.9629939438866287,0.713072714082948,0,31,5
506,2023-09,ЖК Аристово,0.0,7.561669829222011,0.0,0.0,0.9976556805247893,0.0,0.0,27.96855915505024,0.0,0.0,0.0,0.0,0.0,7.620555875117796,20.099938053253858,62.07352416359818,-2.24314693333328,-2.9577513200743573,0.31105351422689664,4,-1,-1
507,2023-09,ЖК Бобров,0.0,1.0971777610394502,2.6694379490580635,0.0014335983318128503,5.278771500170863,0.0,0.0,24.076503401091287,0.0,0.0,0.0,0.23405185979540444,2.712114064341268,6.7790421880322995,9.33084658763983,29.57308660267747,-0.4430311725534652,0.6021514330886254,0.05296097620216671,1,30,3
508,2023-09,ЖК Бобров 2,0.0,1.0918354274830266,2.623006656040123,0.005376864948653362,4.58199768994318,0.0,0.0,20.376284171591763,0.0,0.0,0.0,0.20743532047535554,2.405914104954187,4.802452086844951,9.5003835607852,29.804701245043656,-0.839065217246347,0.30024952612894407,0.10512391251679633,1,30,3
509,2023-09,ЖК Богданино,0.0996441095890411,0.0,0.0,0.0,13.99788032700258,0.23227121351039604,0.0996441095890411,32.18609865157187,0.0,0.0,0.1915849315068493,0.25259070853880095,0.8074230469763821,5.177882918057221,24.457585332067847,66.16012335832602,3.2147751422356197,-0.3998286340518788,0.23325781123504769,5,3,16
510,2023-09,ЖК Бодеевка,0.0,0.9995801982103338,2.0878426628384608,0.009492685963274199,3.026844634526856,0.0,0.0,19.94079583112658,0.0,0.0,0.0,0.21382141131852364,2.116661090744014,4.07542762586725,9.52376705524068,29.549688647638796,-1.0227654653424294,-0.29759445938460416,0.18876389787624848,1,30,3
511,2023-09,ЖК Болдасовка,0.0,0.0,0.2854599627560521,0.0749063670411985,0.4705530851203789,0.0,0.04307116104868914,28.586834080614377,0.0,0.0,0.007888134442369717,0.2382156238113351,0.521982685452385,4.17074784714747,16.047082791904728,39.81567675282051,-0.3920879476615372,-2.3862891174975025,0.7784411068371417,9,8,-1
512,2023-09,ЖК Борково,0.136455623565417,5.128504719439997,3.998294223887086,0.0,1.4358463623784559,0.0,0.0,22.629528698290947,0.0,0.0,0.3213349275895515,0.11573370346834343,2.056269973749748,5.030437603269849,13.813295767221849,36.58488060806508,0.09195516267764167,-0.5471618103034407,0.09971010126085973,0,13,18
513,2023-09,ЖК Бортниково,0.0,0.0,9.08308818214926,0.0338791095003883,13.503112585875602,0.0,0.007345327465700233,21.129030520386408,0.0,0.0,0.0,0.23738465475015533,1.7250769976920761,6.630653082835807,16.47518221291433,46.71961374708553,0.06889551733948861,3.859612022076676,0.7325991030652553,1,10,20
514,2023-09,ЖК Бушовка,0.03194762103505843,0.0,1.378692145682437,0.029588534442903373,6.420825029844807,0.18836149979942896,0.07902023070097604,34.562099515819256,0.0,0.0,0.13865113759479958,0.26155845276008494,1.0401135217622082,5.053251624450833,18.141601887022723,46.89749045191491,1.916333054584457,-0.9695019079556881,0.1915588937764548,5,12,7
515,2023-09,ЖК Верхний Икорец,0.0,1.1110193189663675,3.2733898990475647,0.0,6.632331712806662,0.0,0.0,24.09085454182036,0.0,0.0,0.0,0.2098513990124618,3.180900468809623,3.6041433370660694,10.653876205615854,35.73913496323444,-0.3301245315273783,1.3317726683137732,0.12589403962861756,1,28,24
516,2023-09,ЖК Волчанское,0.0,0.0,3.395358516544526,0.006921348314606742,5.469121988681341,0.0,0.0044943820224719105,20.710729975211976,0.0,0.0,0.0,0.1991601114206128,3.0472487186854127,4.9582163753283215,15.559869610417206,44.50002083157995,-0.6128057567268341,1.0129076123582361,0.10865961392928415,1,10,20
517,2023-09,ЖК Высокое,0.0,1.099349615380931,2.852840751062115,0.009612919764163036,5.265184268979869,0.0,0.0,21.020569406671868,0.0,0.0,0.0,0.20233311376062185,2.9718409475822036,6.289821291690098,9.798278793395733,30.54643695163854,-0.5924713069827816,0.7469359312497158,0.3446617646554276,1,30,3
518,2023-09,ЖК Гусево,0.0,2.0232801452099047,1.808981071673079,0.049612195774271194,2.8584938897482775,0.0,0.0038446108585183203,19.30060053194961,0.0,0.0,0.0,0.12258097026428633,2.142617643296909,4.862332390084893,11.01346022685684,28.600881295470515,-1.0760481868624256,-0.6737665119212602,0.12548267209534297,9,17,19
519,2023-09,ЖК Детчинское,0.20957445405850847,0.5751044309229977,1.4322116871070802,0.03925513366912049,5.168158467847215,0.2221979870596693,0.047643179451579316,22.507964296488474,0.0,0.0,0.21016998032635112,0.17869469232199295,2.325887036925305,5.702160947268279,11.97796598233445,40.34808860623807,2.1804463704169925,-0.8653951935867652,0.2110843470997907,0,31,5
520,2023-09,ЖК Добрино,0.0,1.0509403353176037,2.3616237060600915,0.0017465418471426576,4.041509664974827,0.0,0.0,21.485733566326804,0.0,0.0,0.0,0.20115959490320792,2.2396669114886136,3.5104291743556164,9.104844144931144,28.8015932389475,-0.9348544359846008,0.031718485057251,0.1757759441502062,1,30,3
521,2023-09,ЖК Елбань,0.01881858162035378,4.899216130288719,0.0,0.0,1.254678090799602,0.1940589556231963,0.0,25.03177634357927,0.0,0.0,0.03696342353449681,0.08186704386522568,0.6262561089509627,1.5694694174348023,19.00447430551247,46.850583017188555,-0.8741242342358704,-2.5520233610443475,0.07749963020675595,9,19,21
522,2023-09,ЖК Залужное,0.0,50.89996912627354,3.9140198119312157,0.006617879417879418,5.0194382561031565,0.0,0.006860706860706861,21.547980310799264,0.0,0.0,0.0,0.20799161900745855,3.213071535863931,7.20741906625664,11.926890678988137,32.29114847701104,-1.3903353463589216,3.1851595068796215,0.10558920063295395,3,17,19
523,2023-09,ЖК Зимитицы,0.18411571048172357,3.678404976076555,3.370519324492803,0.02020272904483431,6.525978845596055,0.13642642469633684,0.0,19.898218026420846,0.0,0.0,0.2443160833613035,0.1835630808374841,2.0848475874632166,8.172313621092194,12.041775964379664,35.765578021991914,1.4614095142625672,0.11454465570492318,1.5712838892160788,0,33,10
524,2023-09,ЖК Колыбелка,0.0,48.91632771644393,3.68936234403041,0.0014446771378708553,4.9624244874214956,0.0,0.004071204188481676,20.24699864224754,0.0,0.0,0.0,0.1806162101101384,2.720456133366001,4.522838721430937,11.463244897070439,29.853525578019422,-1.6864524111533914,2.7632876601566325,0.16288894475523594,3,17,19
525,2023-09,ЖК Коршево,0.0,3.954736817076213,2.240778937151177,0.011358473421172195,3.2971599660934854,0.0,0.0,16.832615945431748,0.0,0.0,0.1531693536348709,0.19694761506700104,2.2509269313501523,3.872288455802603,9.395719086628217,25.57687789080807,-0.5146078220135754,-0.2464571131840862,0.147906806970983,1,23,14
526,2023-09,ЖК Курочкино,0.0,0.0,3.8271099744245523,0.0,1.4657738095238095,0.22940649149922718,0.0,27.636300747124164,0.0,0.0,0.13204364876385338,0.22550474364549156,0.8259008581609631,0.0,21.953582775278306,62.521297823094244,0.16585073171312675,-0.9500698993545889,2.156715159887641,9,-1,-1
527,2023-09,ЖК Курская Васильевка,0.05968358208955224,0.6992138735036627,2.8850817796743615,0.009103234553554135,2.1328390164373774,0.21416102453877844,0.050203527815468114,20.65051041635873,0.0,0.0,0.046296243669617806,0.18649470882989044,2.7375826424870464,2.9759193642005624,11.137039832124907,35.30063496053588,0.25494217483351245,-0.16526818465301873,0.22369247890977123,2,31,5
528,2023-09,ЖК Наратлы,0.14290696368401348,0.7787747321369881,2.433100204784169,0.042441010649404885,2.990603313036773,0.18240269466573664,0.0,24.68393356837146,0.0,0.0,0.09688282445287034,0.235418820156408,2.4767886504295347,2.9386178369804155,12.003873837991687,35.76934564022832,1.1830780676942614,-0.36920700329347106,0.4053343052305113,2,33,10
529,2023-09,ЖК Нестерово,0.21373634189482077,2.6861766439304446,2.8406560297623726,0.04129129129129129,6.985326851689367,0.2589674435573869,0.0,22.44512521646896,0.0,0.0,0.2514985413019922,0.1896203645230875,3.0419943106106135,4.402134573552071,12.498720987970504,37.46991557804029,2.689016192770965,0.3907126285570501,0.39952920037826994,0,33,10
530,2023-09,ЖК Огнева Заимка,0.08751895722066522,3.4404228992883734,2.1263574917682817,0.0,1.0345090257066616,0.18310001133658316,0.0,25.51177702908557,0.0,0.0,0.11535838189002745,0.19566839848715742,0.5790441176470589,5.744464686098655,14.292091263531768,39.63173912723917,-0.04583851645040343,-1.840047477039616,0.06496945410762354,9,32,8
531,2023-09,ЖК Озерки,0.0,2.2482409312039517,2.7430276413271057,0.04145936981757877,3.1920429771572008,0.0,0.0,23.342932609942594,0.0,0.0,0.0,0.1921643380529483,2.198608356212635,5.658561384405729,10.44598513211304,31.279783125443018,-0.7205895613383085,-0.08895584864610655,0.1200840822858943,1,30,3
532,2023-09,ЖК Пеньково,0.010680608667941365,3.443459672605589,0.7158437738246506,0.0,0.889322178144144,0.0,0.0,18.920787830956,0.0,0.0,0.028625249307891523,0.07140149858659736,0.40698886050193467,3.3712801864966533,11.333348984092066,30.04552344554326,-2.13060830973448,-2.3622568039490046,0.26209077746077525,9,13,18
533,2023-09,ЖК Песковатка,0.0,4.656241200634481,2.374060203305832,0.0029467232437529467,3.2911657051437437,0.0,0.0,19.624117294630807,0.0,0.0,0.1900934047254802,0.22301627148974243,2.461758521050353,5.809396289435083,9.312664031310867,25.149238384148873,-0.15768544666239726,-0.10017866958094951,0.02172022086199963,1,23,14
534,2023-09,ЖК Петровское,0.0,49.43266475644699,2.9033491167023553,0.00740006746500253,3.5830329482061622,0.0,0.0048251813121942995,20.444818824263262,0.0,0.0,0.0,0.2087479773311957,2.550700550746246,3.543095871830839,11.69371969834857,30.771836417928206,-1.6840893807353923,2.2443722067872165,0.6181564757910993,3,17,19
535,2023-09,ЖК Петропавловка,0.0,0.6421122088657939,2.3351769166671326,0.003249579295537631,4.122434403465097,0.0,0.0,24.002210788603435,0.0,0.0,0.016593665099831817,0.19781383688527807,3.2955811770557943,5.486751224506183,7.651959240497058,21.734388532428902,-0.48223071007808793,0.4805714330852317,0.16122151915348143,1,23,14
536,2023-09,ЖК Плеханово,0.030057162037842807,2.689986681540074,1.1639917510983593,0.0,3.5327095746050827,0.01894842234667395,0.0,24.866242981627746,0.0,0.0,0.07421192918389632,0.13524583720277306,0.8162182035432799,3.426668397603781,12.470126367694379,33.27268941891827,-0.8792697525262657,-1.5179167897390478,0.12957186731312148,9,32,8
537,2023-09,ЖК Подболотье,0.23445422186176443,2.4295076738574877,0.9021601016518425,0.020214855030611066,8.068514401778431,0.23617316707294206,0.0,32.09208354018264,0.0,0.0,0.21159421034600892,0.21303859519493862,3.179414874867818,2.052697557152188,12.472004967678073,37.09203068266277,3.132269745768899,0.06788397722224716,0.3444980433525337,5,33,10
538,2023-09,ЖК Семено-Макарово,0.0,1.3188684057909326,0.6988554631309025,0.015144766146993319,4.346827419472557,0.0,0.0,19.66225191720665,0.0,0.0,0.010406615870656014,0.2273038592340677,2.3407303741458496,6.075399073554183,7.970285658363608,22.18572783518682,-0.5680736896753714,-0.48907426128335235,0.2818854613733516,1,23,14
539,2023-09,ЖК Старая Чигла,0.0,4.681932499089026,2.806397847025496,0.0,3.950167741982624,0.0,0.0,20.354587957429203,0.0,0.0,0.16811943840221477,0.22910187482445463,2.587716054845531,7.1882066986318485,11.193069116284292,32.460773084889645,-0.14004089202158057,0.25695002546053214,0.22496689415505466,1,20,17
540,2023-09,ЖК Старое Резяпкино,0.0,5.464328899637243,11.101915612870915,0.0,0.0,0.0,0.0,23.604730332936306,0.0,0.0,0.0,0.22700075260724656,1.1189613674575005,2.131406044678055,17.000377749838844,50.16845691875729,-2.238132424704778,2.2533596577473887,1.1620425509578085,1,4,25
541,2023-09,ЖК Сугоново,0.0,0.0,0.0,0.0,0.9592852636435045,0.0,0.0,28.050496864207073,0.0,0.0,0.0,0.0,0.0,6.719474333877785,19.669651723923888,64.37287611905302,-2.128493285820684,-3.2411500978981453,0.054554445131331605,4,1,11
542,2023-09,ЖК Уланово,0.0,1.3284993087492594,2.3819520949655137,0.028124580888516344,3.7839068800490065,0.23876247935983744,0.009310142497904442,24.166462759715607,0.0,0.0,0.0,0.20994458543697184,3.2030849226458207,5.623940920460954,12.838010083058851,32.14799855541813,0.5910727211648309,0.22171503861896966,0.2633784789361365,2,21,22
543,2023-09,ЖК Шацк,0.0,2.2561474980317247,2.3835892682566913,0.029247338997504816,8.69709073014668,0.0,0.0,22.174733663137253,0.0,0.0,0.1962080671426782,0.22512914653138433,2.9631698364544468,7.966053540264273,9.789789591806821,27.65659750412922,1.039300528711835,0.9136137166561464,0.45877217222739464,0,23,14
544,2023-09,ЖК Щучье,0.0,36.788770053475936,3.9769987837778076,0.006261770244821092,4.016520061334015,0.0,0.010091023226616447,22.100490715000554,0.0,0.0,0.0,0.19077391632430618,2.916531646383615,3.460041528459599,11.896978138697847,31.303761688746924,-1.4164301131936952,2.365358051624599,0.016082489383757666,3,17,19
545,2023-09,МТФ Гилево,0.10100852757248437,2.0318362706083,1.6887755102040816,0.0,10.801777777777778,0.0,0.0,26.65644409937888,0.0,0.0,0.2924270749395649,0.20452662490211432,2.058098591549296,6.0,13.384736672014618,34.494786155801336,1.7683097688881504,0.345127142665556,0.00592064029302771,0,13,18
546,2023-09,МТФ Каширинское,0.0,0.0,2.9017857142857144,0.0,1.4285714285714286,0.0,0.0,29.89815164089023,0.0,0.0,0.0,0.0,3.1625408687529193,6.514285714285714,16.492221345662617,51.18722512256903,-1.4827732152234308,-0.4075256803399652,,4,-1,-1
547,2023-09,МТФ Щучье,0.0,0.0,4.252297026733156,0.013333333333333334,2.5452135296824667,0.0,0.00909090909090909,19.571079961896224,0.0,0.0,0.0,0.19483369995600527,2.1038823456097715,6.677272727272728,15.958214855220099,44.88214384263152,-1.25098451757912,0.2681982946961166,0.07655418026310153,1,10,20
548,2023-09,РМ Кольцово,0.0,0.6691470546867151,1.3041666847986573,0.030605361263980117,1.0595448855764176,0.0,0.005325758920646192,13.210810120223702,0.0,0.0,0.016800895072916374,0.14083929540202939,0.7948361139948428,6.913580685247648,8.950220485608353,25.283812727737203,-1.811638960561205,-1.9079300240231039,0.2556042177652689,9,22,12
549,2023-09,РМ Пеньково,0.0,0.4594084329767149,1.1094358021079374,0.0,1.2789769696877078,0.0,0.0,10.886216121218604,0.0,0.0,0.0,0.17900991052257567,1.3014418473152953,5.485177274668945,9.681510627309224,32.14057792783438,-1.9502305848891648,-1.4727598469797465,,9,-1,24
550,2023-10,ЖК Авангард,0.22520424001514291,2.8722619021774527,2.978336342174698,0.03303509979353063,9.112653238727397,0.19470609189701044,0.0,22.197099442892988,0.0,0.0,0.23833551874606518,0.19724768949310792,3.32270906964902,4.536463947203509,12.302086965605335,36.57215390161913,2.680459548677002,1.0694338772265743,0.23355265549429877,0,33,10
551,2023-10,ЖК Аристово,0.0,0.0,0.0,0.0,0.9445390415031514,0.0,0.0,27.348222202402187,0.0,0.0,0.0,0.0,0.0,6.450101094065882,19.645460154333843,64.30279578605932,-2.162438292606696,-3.2326402522432454,0.28649225071000495,4,1,11
552,2023-10,ЖК Бобров,0.0,0.8199295572589428,2.6199672795093627,0.0023117427972087845,4.429692019582399,0.0,0.0,21.84697154645413,0.0,0.0,0.0,0.22011618691500873,2.6117538390118717,6.648220370153646,9.291570391629104,29.445342630129986,-0.7095665044139197,0.35228270586323335,0.3653429402290401,1,30,3
553,2023-10,ЖК Бобров 2,0.0,1.1424161124649277,2.6338277805832595,0.005572508955817965,5.445179646121568,0.0,0.0,19.661424409399558,0.0,0.0,0.0,0.2081837714060326,2.5831846080549767,5.095807128909716,9.567058906950518,30.008132192383613,-0.7181157457576517,0.5504454569466265,0.27789706448813245,1,30,3
554,2023-10,ЖК Богданино,0.10074565217391304,0.0,0.0,0.0,13.836024224412874,0.24044775644732277,0.10074565217391304,33.70123606163999,0.0,0.0,0.19370338164251208,0.2602036425403416,0.9246957629517788,3.5000512617487063,24.465885120622143,65.78229847937591,3.3586396274528005,-0.32657050794794784,0.161442693074242,5,3,16
555,2023-10,ЖК Бодеевка,0.0,2.415770924431104,1.9887975211784834,0.014880338633526889,3.0474340061619163,0.0,0.0,19.20780876135558,0.0,0.0,0.0,0.19955247840380264,1.9080214936515794,3.297327367168518,9.881360755887929,30.04565792780438,-1.1302111135435977,-0.4050054885753464,0.15192661553915993,9,30,3
556,2023-10,ЖК Болдасовка,0.0,0.0,0.2350230414746544,0.004962779156327543,0.4249526592057047,0.0,0.07196029776674938,29.120369217981267,0.0,0.0,0.015407223796033995,0.25174598571505286,0.7178669097538742,3.4962384569995577,15.754588305892074,38.38954112247308,-0.7231664700678616,-2.172808701284621,0.39393765509935735,9,8,-1
557,2023-10,ЖК Борково,0.1484359382860976,6.420545839145296,3.6821776286353467,0.0,1.5970702914223283,0.0,0.0,20.289831945296747,0.0,0.0,0.3337318758815233,0.12580500705218617,2.4188996473906914,8.492560565471013,13.933663249767955,37.424372762859576,0.24127730851366522,-0.4623563019270265,0.17172384076783498,0,13,18
558,2023-10,ЖК Бортниково,0.0,0.0,8.503404494662744,0.03437007644278462,8.326939810459566,0.0,0.00822197584174593,18.848646371206577,0.0,0.0,0.0,0.23923403761733109,2.439978837271532,8.57250565802311,16.49113861283106,46.762399463896614,-0.4505545630086597,3.087207117842386,0.930826365150279,1,10,20
559,2023-10,ЖК Бушовка,0.07853403908794789,0.0,1.5225735879077167,0.018297533810660304,10.106082034570699,0.19441280650888904,0.07853403908794789,34.71426918888258,0.0,0.0,0.13287987608994953,0.25871029758397174,1.053065556865056,6.1698153172084815,18.350359032882963,46.87237297640721,2.418505061659774,-0.3072541731459414,0.8311129808580136,5,12,7
560,2023-10,ЖК Верхний Икорец,0.0,1.063646574377931,3.5196153666106955,0.0,6.736632317864799,0.0,0.0,23.786065807618197,0.0,0.0,0.0,0.2143091296508769,3.521650357622226,3.55605641995056,10.686068415733123,35.83997456907133,-0.2532434072338437,1.6349236713869963,0.3127478823860192,1,28,24
561,2023-10,ЖК Волчанское,0.0,0.0,3.3869535852522468,0.006510543193081334,5.4555378787878785,0.0,0.004664269750267224,20.092091131933035,0.0,0.0,0.0,0.2003378020738427,3.077076573011476,4.68584237904053,15.553061988374573,44.442741824273206,-0.63377979264766,1.0373689438430955,0.03222214953755056,1,10,20
562,2023-10,ЖК Высокое,0.0,1.2237712163643004,3.0470912486583184,0.00494890417121923,5.615646091975481,0.0,0.0,21.714360331901574,0.0,0.0,0.0,0.19194765256973484,3.160247582564447,7.6327095484913245,9.684864257085934,30.436977593072648,-0.563484642534765,0.9284398545516551,0.18380397408603052,1,30,3
563,2023-10,ЖК Гусево,0.0,1.7504767860097716,2.101361788868985,0.02662272937328925,2.7450529617492148,0.0,0.003947851125093314,18.618474458849875,0.0,0.0,0.0,0.15245863806889234,2.5482112516624578,7.59945836154367,10.839214218391271,28.819068333441287,-1.1029910953022892,-0.3369543231825922,0.3378881039606618,1,17,19
564,2023-10,ЖК Детчинское,0.21920537658631822,0.6009470160829455,1.3212402823697613,0.03649527186761229,5.691404819982438,0.2604466248900616,0.007268063274903805,23.411890419179205,0.0,0.0,0.22196697974139748,0.18124120123315754,2.178297523564194,5.138764145859529,11.51988851938685,38.209467018563345,2.361197138277035,-0.9414813725327245,0.19611207690652677,0,31,5
565,2023-10,ЖК Добрино,0.0,2.2270854088604803,2.268170658975362,0.008330001332800213,4.291308106333757,0.0,0.0,22.04984176098899,0.0,0.0,0.0,0.19050375488735338,2.2256292182102086,2.977493365253561,9.718983597370716,30.02040745978827,-0.8840714002221682,0.0533134362815068,0.055183862130395465,1,30,3
566,2023-10,ЖК Елбань,0.019191509619804318,4.8487590178266,0.0,0.0,1.285557970138949,0.20573682155754505,0.0,23.7106973461638,0.0,0.0,0.04056106898984295,0.08824033670205308,0.7444148176940625,2.870156909786371,19.05678462297454,47.10769724913176,-0.8069630878116525,-2.5090221726511417,0.07974786387260295,9,19,21
567,2023-10,ЖК Залужное,0.0,51.01377952755905,3.371009799549338,0.005591090349777828,4.400401667085111,0.0,0.007586988720519539,21.89750770206082,0.0,0.0,0.0,0.19634783100716713,2.9338320969664857,5.538231479120991,11.89329749329497,31.62247296186213,-1.5360720810302533,2.7413273880302174,0.46714681370529937,3,17,19
568,2023-10,ЖК Зимитицы,0.19142578369905955,4.363124204914888,3.568170050510053,0.004591108190976785,6.2872481971686245,0.16640744745874278,0.0,21.92802611487217,0.0,0.0,0.21845483746980013,0.1974930643380508,1.762335219055721,6.682994560608276,12.075499828481032,34.50071792736422,1.3678407822666983,0.0878667885127924,0.09729756525851872,0,33,10
569,2023-10,ЖК Колыбелка,0.0,48.83701657458563,3.800600366598778,0.0022310643320873503,5.228562759795963,0.0,0.005844776706669289,18.644497724367664,0.0,0.0,0.0,0.10688780642350798,2.766588110547314,5.400106277221798,11.661282978271467,30.591189642995104,-1.9900531122357252,2.675792812249225,0.31595685482044056,3,17,19
570,2023-10,ЖК Коршево,0.0,4.256808688350388,2.193181641959006,0.012941447141378121,3.2738231595317395,0.0,0.0,17.420020554230135,0.0,0.0,0.16995223235717716,0.191975020357031,2.2356583076507164,3.112373109232702,9.498497846914962,25.562212882344514,-0.43054976240949955,-0.28859593401789857,0.09402891898595081,1,23,14
571,2023-10,ЖК Курочкино,0.12323095265130012,0.0,3.411614223586595,0.0,5.154633163698049,0.18578346967926243,0.0,28.740008360444193,0.0,0.0,0.21719748455428065,0.20668246669453483,1.5931507098322215,0.0,24.015497299784936,67.15712677645101,1.3989177519915705,-0.2599136653286517,1.4130710894584264,0,-1,-1
572,2023-10,ЖК Курская Васильевка,0.06179387690018071,0.7906822779946018,2.732531971397884,0.03412910945245285,2.3770932883327083,0.18950632954730257,0.0,22.3639199529352,0.0,0.0,0.046998071947662444,0.20783353979424193,2.643687058043289,1.3316820305350865,11.549153553643947,33.880305635058455,0.39287227192253005,-0.16910346754553546,0.1379834087050014,2,33,10
573,2023-10,ЖК Наратлы,0.15782817679558012,0.5738426316409471,2.187426004215812,0.04688593421973408,2.627963955607553,0.16739901994450065,0.0,21.671371278363925,0.0,0.0,0.182534423660758,0.21515882860665847,2.253992570277497,4.121089125229883,12.243591548264487,37.13138854072199,1.3107446198951158,-0.835175146485111,0.4831408273167547,0,33,10
574,2023-10,ЖК Нестерово,0.16892650112866817,2.813811253594833,2.8791754625605366,0.016644474034620507,7.383064159420196,0.21844506261506405,0.0,22.202975977590107,0.0,0.0,0.23917613906237817,0.19711535393639162,3.4006773534336228,4.874384084768212,12.129348044499947,35.554082364543305,2.283514748658377,0.7907610112791835,0.5696227959764154,0,33,10
575,2023-10,ЖК Огнева Заимка,0.08992832632545551,1.992008705069616,1.8752112592416639,0.0,1.4602522656567023,0.2034834377594069,0.0,27.69542730558793,0.0,0.0,0.12167179368183777,0.18544876606302715,0.8227750325372724,5.687697559742066,14.222513984226378,38.49630692392287,0.2772224960926702,-1.8543657822956177,0.3233781558651728,9,32,8
576,2023-10,ЖК Озерки,0.0,1.2523089413087443,2.7653159085006243,0.04515352197471403,3.2631654612668437,0.0,0.0,23.554077091599414,0.0,0.0,0.08212873687045516,0.2007203096182865,2.311698149878875,5.141272833789685,9.33889674053987,25.309386409616554,-0.23192308342280468,-0.13821467633667556,0.4911429107131577,1,23,14
577,2023-10,ЖК Пеньково,0.02103286833429517,2.2147330708618718,0.0,0.0,1.8002170052310784,0.0,0.0,19.524986147503263,0.0,0.0,0.05446435172220667,0.09728487739125927,0.6467321412071637,4.558941984887672,17.257689172046067,46.181510667900284,-1.6096377762881386,-2.4021814200839215,0.5224981068797148,9,-1,-1
578,2023-10,ЖК Песковатка,0.0,5.3271533506770306,2.5167680065237334,0.007742814667988107,3.277898834094567,0.0,0.0,21.790328296810202,0.0,0.0,0.2233344066598602,0.22818690246759626,2.297371707637059,4.20046067354764,9.60745373800928,25.8399898914135,0.07889154440526508,-0.12603041908052395,0.23798526352448282,1,23,14
579,2023-10,ЖК Петровское,0.0,46.48224476854788,2.9553752903612382,0.007046152431736692,3.9962203239010496,0.0,0.0061746805185253295,20.028577929601102,0.0,0.0,0.0,0.21077978255840848,2.4163617966956195,2.175149250873043,11.7586504876183,30.78457192456665,-1.6355306288141644,2.190586668225834,0.07246265622018916,3,17,19
580,2023-10,ЖК Петропавловка,0.0,0.8116492332850401,2.454445304574724,0.002321294463029972,4.270754402577072,0.0,0.0,23.12763618360468,0.0,0.0,0.015550445859872612,0.18654717481131056,3.186242152366136,4.576007468939022,7.580629858119109,21.566067162563524,-0.5983567409515526,0.5020588197096657,0.11809726004600092,1,23,14
581,2023-10,ЖК Плеханово,0.031219095406025892,2.579619012397292,1.6368681085853014,0.0,3.7022452631795972,0.021636802742287315,0.0,23.19227680762015,0.0,0.0,0.0794168269803708,0.14396155551407103,1.0578410311493018,3.908225804610819,12.529776582969287,33.5952921130964,-0.8365040733843478,-1.1776850780288677,0.3429089105953774,9,32,8
582,2023-10,ЖК Подболотье,0.20040404111683485,3.3417920534002676,0.9035532994923858,0.025380710659898477,7.964753050927012,0.21713158849129593,0.0,32.73274504296101,0.0,0.0,0.23995093711641957,0.23443388254178077,3.7398058554329974,3.5708388650199243,12.310766508775414,37.06062839227496,3.339443720455914,0.3841550386137558,0.378085228568014,5,33,10
583,2023-10,ЖК Семено-Макарово,0.0,2.2757001676841093,1.9180366095371342,0.015836957227234372,3.3616514292950077,0.0,0.0,21.02754239631547,0.0,0.0,0.0,0.22128424228415713,2.7362530839262966,4.104866178108934,9.973380896849191,30.52448357657078,-0.7192367678498794,0.07880017629054897,0.5876492602335743,1,30,3
584,2023-10,ЖК Старая Чигла,0.0,4.091057037053934,2.634509061498838,0.0,3.9049018597032186,0.0,0.0,19.299158621851113,0.0,0.0,0.1596773489932886,0.22072522491108165,2.454395739733693,6.66190602450792,11.094583675945774,32.186155418304935,-0.2732223828963814,0.10170601337431043,0.2045434252188557,1,20,17
585,2023-10,ЖК Старое Резяпкино,0.0,3.0,5.503879287281288,0.0,0.0,0.0,0.0,25.964110871771137,0.0,0.0,0.0,0.2966093766879119,0.897081750510529,4.916666666666667,16.780919335152852,49.89097935391347,-1.4507550967239833,0.0413523708155836,2.347964926070571,1,4,25
586,2023-10,ЖК Сугоново,0.0,0.0,0.0,0.0,0.9982268041237113,0.0,0.0,30.17744753094014,0.0,0.0,0.0,0.0,0.0,6.414979196909677,19.68412176936992,64.42988155359066,-2.0312517262726493,-3.240644638236247,0.09724287322371665,4,1,11
587,2023-10,ЖК Уланово,0.0,1.573210033931687,2.154368304856978,0.04544121112158341,3.3552691283924845,0.2541097666068223,0.00900624410933082,22.997168530606924,0.0,0.0,0.0,0.21927195081200293,3.3211471556271515,6.980310266591038,12.991702978957779,33.13078422478285,0.767340585912286,0.09498748848532303,0.21709498406343491,2,21,22
588,2023-10,ЖК Шацк,0.0,2.012796143809973,2.4286802362845807,0.042190950689385276,9.716368387275185,0.0,0.0,21.430208949943527,0.0,0.0,0.23363664353435637,0.23341494590875983,2.7022489184625966,6.872171219754815,9.992039626663924,27.99793101697928,1.3753036339720728,0.9421672233375444,0.33721415967946394,0,23,14
589,2023-10,ЖК Щучье,0.0,34.984313725490196,4.263682407325489,0.007394248270840917,4.082837969341309,0.0,0.013361849290134693,22.777358243688255,0.0,0.0,0.0,0.23486666422930683,2.8994738352870453,4.717110391046624,12.062850823038751,32.121812326387904,-1.1801922057210035,2.478971568029209,0.2621380934486567,3,17,19
590,2023-10,МТФ Каширинское,0.0,0.0,2.9774906210921217,0.0,1.4362397820163488,0.0,0.0,34.40519227361332,0.0,0.0,0.0,0.17320297744695035,4.010241067832691,6.666666666666667,14.432318920518274,45.19638327544221,-0.4250998621650653,0.4736997991381736,1.3766739873518354,1,-1,-1
591,2023-10,МТФ Щучье,0.0,0.0,4.252467498569794,0.009791921664626682,2.808522458168881,0.0,0.009791921664626682,19.65865148719062,0.0,0.0,0.0,0.18188160442600276,2.163295857265062,6.375458996328029,15.910395566382189,44.75719878491002,-1.2786328685121395,0.3249641018703377,0.0631410181534654,1,10,20
592,2023-10,РМ Кольцово,0.0,0.5664646571144671,1.5752726717453638,0.018224001796205515,1.0659714212341331,0.0,0.005800246978258429,15.372219764605122,0.0,0.0,0.02402741887339559,0.15025386052788664,0.962925936259116,6.607791041424989,8.878872755603087,24.816508307275242,-1.726656716122784,-1.697310949409717,0.22711753886653274,9,22,12
593,2023-10,РМ Пеньково,0.0,2.76077500048485,1.3244896108476703,0.0,1.5457762830677366,0.0,0.0,11.572328487124976,0.0,0.0,0.0,0.16716322319172794,1.2227995141909693,5.627530364372469,10.316657406887765,33.65194010541889,-2.0021292263840156,-1.3343890125180284,0.14778347951866347,9,27,24
594,2023-11,ЖК Авангард,0.23850308489227623,2.8631298815881125,3.3027944817828088,0.045141545524101,9.045104135799855,0.2257775351883681,0.0,24.618331260779456,0.0,0.0,0.2522722080334339,0.20735775363617115,3.484632706321643,3.3842231103872447,12.47159159877394,37.30380043738722,3.1500416029717866,1.2303893025026493,0.49640100185385627,0,33,10
595,2023-11,ЖК Аристово,0.0,0.0,0.0,0.0,0.9605760878749473,0.0,0.0,31.013301901140682,0.0,0.0,0.0,0.0,0.0,4.636752152393117,19.578610751525613,64.1420979949967,-2.0068378184383304,-3.2093326554750554,0.15733642816756951,4,1,11
596,2023-11,ЖК Бобров,0.0,1.0716231926298583,2.6582424310619017,0.0015953067105804858,4.435992217762431,0.0,0.0,27.280742004217913,0.0,0.0,0.0,0.22287023516849191,2.546824814853163,2.7067651589064416,9.16070944277785,29.001729872572845,-0.5032375584834247,0.41197360731107696,0.21478975218674962,1,30,3
597,2023-11,ЖК Бобров 2,0.0,1.3309014673124475,2.745199927495633,0.005928646379853095,5.966066005774332,0.0,0.0,23.255774975011178,0.0,0.0,0.0,0.2062514262428688,2.5775471236415375,2.5423557348208536,9.570105485574741,29.898693071880885,-0.5228396938139899,0.7213183055635538,0.2594807639443954,1,30,3
598,2023-11,ЖК Богданино,0.109754326328801,0.0,0.0,0.0,12.229064606581643,0.23171201335106523,0.109754326328801,35.57565062225696,0.0,0.0,0.2110247218788628,0.24927969247083775,0.7161537645811241,2.857539522118179,24.523585366194556,65.99285507058252,3.2452749989129916,-0.7622678511430343,0.4502040802471983,5,3,16
599,2023-11,ЖК Бодеевка,0.0,3.6419666383479283,1.8947869914728972,0.012413221078889928,2.8567491663781635,0.0,0.0,18.570810033320367,0.0,0.0,0.0,0.1888069561895246,1.9173586962772526,2.3740269072259363,9.895987293412421,29.876217943176236,-1.257916303269191,-0.41733300926472766,0.12829880455092665,9,30,3
600,2023-11,ЖК Болдасовка,0.0,0.0,0.24577226606538896,0.05665024630541872,0.33718996697593956,0.0,0.0665024630541872,34.08772399817742,0.0,0.0,0.017242854025747326,0.2725322134387352,0.7594202898550725,2.286320667193052,16.32899259965591,40.493228745529294,-0.02182927469229108,-2.1852727840712722,0.7014479417440639,9,8,-1
601,2023-11,ЖК Борково,0.16057977243994942,6.32691749160381,3.3155517029134183,0.0,2.1386312202332074,0.0,0.0,28.797878957972078,0.0,0.0,0.37829605184207366,0.14351014040561624,3.23196879875195,2.768881973816717,13.96218700601317,36.312440566575276,1.1794796885697854,-0.019454885231804026,1.0374899377119777,0,13,18
602,2023-11,ЖК Бортниково,0.0,0.0,8.141818747110495,0.02839710934723374,5.2932981751995145,0.0,0.008748963392962918,29.210676762746594,0.0,0.0,0.0,0.24607006689210142,2.4731612701054098,5.563462374945629,16.373770957626608,46.43220094652196,-0.37223271475373404,2.4702385909416007,0.621919990915385,1,10,20
603,2023-11,ЖК Бушовка,0.08096073679108094,0.0,1.2932746392761065,0.01804842259721203,6.838256058706779,0.21302514775201592,0.059987720148650836,39.47716233480176,0.0,0.0,0.12596928773687652,0.25801693105552165,1.1098542556436852,5.678792949756889,18.30026394917728,46.92379273452734,2.2388268622513916,-0.9680435934204213,0.6847823838923732,5,12,7
604,2023-11,ЖК Верхний Икорец,0.0,1.395431360908563,3.280057869054641,0.0,6.768815475295786,0.0,0.0,26.98289929955075,0.0,0.0,0.0,0.20458011259890446,3.3735528764225413,0.776129244971975,10.591534618662479,34.92595213722864,-0.1793766764520402,1.5083814750078584,0.14652379117688621,1,28,24
605,2023-11,ЖК Волчанское,0.0,0.0,3.4682644469702035,0.0047831286009348845,5.686127805517105,0.0,0.0047831286009348845,20.212409638120278,0.0,0.0,0.0,0.20456626341950568,3.0908107519203125,4.583217808524883,15.509029742710409,44.32341258408735,-0.6002302728566207,1.1300491158591202,0.09856563581253487,1,10,20
606,2023-11,ЖК Высокое,0.0,1.1934149599739932,2.78404098331571,0.0017641662550278738,4.8690226301107575,0.0,0.0,24.409419570286353,0.0,0.0,0.0,0.21722724458204334,3.48154852851395,5.606153707535207,9.377605989978195,29.716849477494904,-0.38162258664282656,0.9682640054228867,0.18617134679068414,1,30,3
607,2023-11,ЖК Гусево,0.0,1.440331968711163,2.7089662784280693,0.02496981670508177,4.7441395271568565,0.2707735718307419,0.004993963341016354,21.595179249439884,0.0,0.0,0.0,0.2018136113598567,2.7708106747861208,4.772024298765222,12.694933718224243,31.793307242029528,0.5265843070446028,0.2785660564035938,1.7419475679881866,2,21,22
608,2023-11,ЖК Детчинское,0.2092347875394266,0.4748677248677249,1.4045069936107752,0.03914491948917268,5.446839831006134,0.24420658873538786,0.0,24.108358081054327,0.0,0.0,0.22627967744596603,0.1775294609277058,2.5929258454855724,4.566358939612095,12.549232760307067,37.9779292656417,2.3596600365540863,-0.7298618180694626,0.2116251367700353,0,33,10
609,2023-11,ЖК Добрино,0.0,3.552724298477413,2.1283817557729305,0.009373125374925014,3.837074779605562,0.0,0.0,23.582905575499623,0.0,0.0,0.0,0.20343372779184457,2.3435310393842603,1.6993552765524262,9.865038243159157,30.039361009358558,-0.8041963587903171,0.08865779917552351,0.08734555645322704,1,30,3
610,2023-11,ЖК Елбань,0.01795096618895848,5.836690228768727,0.0,0.0,1.4971475877894018,0.15622510276078586,0.0,23.629862276745133,0.0,0.0,0.04393198994915687,0.07280223278020924,0.7333067708942823,2.028007949854762,18.95768901084829,46.72936227524565,-1.0498097587770394,-2.4163866384545996,0.2599150780444444,9,19,21
611,2023-11,ЖК Залужное,0.0,52.947180403164076,3.1492364409783766,0.008150336278517738,5.990177339699864,0.0,0.010171040485296056,25.387905115542303,0.0,0.0,0.0,0.21341705718713244,2.7563363212821472,2.4437652350417496,12.086215863458037,31.81820287127548,-1.157521983251466,3.012129852034811,0.46543973942852,3,17,19
612,2023-11,ЖК Зимитицы,0.19168108588100977,4.281007892340383,3.4394542911289596,0.011220901126408011,6.344571135711358,0.21421567344473527,0.0,21.85277159108699,0.0,0.0,0.21896863071492123,0.21394403587825198,1.5309084278957057,6.44898402532391,12.242398435950198,35.914796970381,1.6378094703402266,-0.08107273410383356,0.3184708068914253,0,33,10
613,2023-11,ЖК Колыбелка,0.0,55.49525816649104,3.6193226831444876,0.0015771978021978023,6.066558669094172,0.0,0.007495192307692308,19.18537367593795,0.0,0.0,0.0,0.1476425480626741,2.8968475949663675,4.429311027684863,11.79339162166547,30.640376757902096,-1.7708964835298733,3.2102491264704254,0.5776445098125879,3,17,19
614,2023-11,ЖК Коршево,0.04169010561423013,4.427013010300106,1.9864546762414506,0.012159533073929961,3.314636070092084,0.0,0.0,17.339483592256823,0.0,0.0,0.08867385663314953,0.20933134059811076,2.1203526120389666,2.7905311109426303,10.618797409845047,29.30225208644251,-0.621009613121822,-0.26604919495626594,0.1917897551374252,9,14,15
615,2023-11,ЖК Курочкино,0.1230045266259555,0.0,0.0,0.0,7.245487255465183,0.1751477011494253,0.0,26.076717832675293,0.0,0.0,0.24069524990173252,0.18216301752524228,1.8817865447338442,0.0,26.631395164754608,81.44130879759074,1.8291630492512303,-1.0827618743221625,0.9285419704342295,5,-1,-1
616,2023-11,ЖК Курская Васильевка,0.0832596843615495,0.8842670584970864,2.8682559890753025,0.02105705201271822,2.5532880558988973,0.1496398326681733,0.0,22.051010417484278,0.0,0.0,0.051017559185812876,0.22471481148669317,2.937354539101944,2.074974002666393,11.406793927045513,32.91352933854927,0.3462372866367212,0.13336778190657103,0.3060452231251552,1,33,10
617,2023-11,ЖК Наратлы,0.16333545387815024,0.6268484955366637,2.64456865855086,0.03976758750260942,2.2875446227709193,0.1814779411764706,0.0,22.170734960723667,0.0,0.0,0.20058044192031235,0.23848294139832624,2.3002318406800404,3.8315331348122568,12.298839907714628,37.07373640824139,1.4514337115752236,-0.6674487714641474,0.21891906585641807,0,33,10
618,2023-11,ЖК Нестерово,0.18826970898940928,3.133669187858076,2.761247979848364,0.02444788525792519,6.413210644558432,0.19568263473053893,0.0,22.839597288590603,0.0,0.0,0.22603939329784659,0.19596819315133343,3.358012941604463,4.353597601583945,12.186414212590655,36.31623836696417,2.151051357341968,0.5907821469511376,0.23987099911614804,0,33,10
619,2023-11,ЖК Огнева Заимка,0.08248480816145487,1.2902934700297082,1.8027869614951928,0.0,1.0457824521023804,0.1903151893378464,0.0,26.38792575444775,0.0,0.0,0.11707301466721205,0.1947020565315627,0.9604338256177223,2.4226473049899995,14.155127740615951,38.37800108294047,0.14168402885020712,-1.7748740407119525,0.15712928779333415,9,32,8
620,2023-11,ЖК Озерки,0.0,1.4687951374561583,2.4544040113758996,0.048638132295719845,3.5481172677288284,0.0,0.0,24.377870253164556,0.0,0.0,0.0,0.20338104491604875,2.507408747770246,3.610179876762551,10.359407365532736,31.0001759078394,-0.43395376241119044,0.06039528382635075,0.28330603863749015,1,30,3
621,2023-11,ЖК Пеньково,0.020812939376395667,0.642734596656432,0.0,0.0,1.6670283344128343,0.0,0.0,25.32872800059788,0.0,0.0,0.05594509540367589,0.09653279056525262,0.8329100107312586,2.9373581876691293,17.029159545012792,45.47761973840606,-1.3072241033273502,-2.3907233099227385,0.30263066249489745,9,-1,-1
622,2023-11,ЖК Песковатка,0.0,4.9334777320652,2.2156023975414008,0.02069108214359611,3.131864922231115,0.0,0.0,20.422038435106742,0.0,0.0,0.19272258662483957,0.2073944582774692,2.2902452017966803,4.184959420444013,9.759057008779811,26.347862667268746,-0.08658052548635557,-0.29939271236120063,0.239657027115319,1,23,14
623,2023-11,ЖК Петровское,0.0,48.940182054616386,2.942555265160894,0.01371013152486642,4.887953137125012,0.0,0.005277949034114262,22.45085202863962,0.0,0.0,0.0,0.19722508498062227,2.4694019490851233,2.178981024166088,11.863025675239989,31.38118649019308,-1.444478364881288,2.408068585848027,0.2894811773613336,3,17,19
624,2023-11,ЖК Петропавловка,0.0,0.8030966448276876,2.33431280232889,0.0026308304891922638,4.197576315020239,0.0,0.0,27.572158803928037,0.0,0.0,0.012942999835869539,0.18296954031782117,3.2065427171877254,2.8094651959576042,7.479115742527654,21.36827091664163,-0.4288067578626806,0.4635139744681208,0.17387611066541436,1,23,14
625,2023-11,ЖК Плеханово,0.03879572867370465,2.0295981795817957,1.9480611256648408,0.06306953966699315,3.784655345951432,0.03875761928390483,0.0,23.91162629854646,0.0,0.0,0.0990835605398083,0.1517580247782627,1.1793560295501497,3.798194723399315,10.783052602915047,33.42386209615852,-0.06271937664674927,-1.1186494292050657,0.7760334817115462,9,33,10
626,2023-11,ЖК Подболотье,0.20043406066559089,2.7884575381085974,0.8997414858941216,0.02753737214791503,7.797261485743295,0.17784878808760524,0.0,31.57606435248586,0.0,0.0,0.23146414221356387,0.22156107174754391,3.4970852105073766,2.3503037054049916,12.285037921991323,37.06097158606555,2.9903133800865285,0.2524740745659804,0.3731378711133388,5,33,10
627,2023-11,ЖК Семено-Макарово,0.0,4.86652938459352,2.3487612930639994,0.018852699530516433,4.580570123164856,0.0,0.0,20.83292164775719,0.0,0.0,0.0,0.23885985669716037,3.047363307184844,3.2173387226981207,10.358925112471447,31.31166552085996,-0.4889255799557884,0.782990100453848,0.7408958716056528,1,30,3
628,2023-11,ЖК Старая Чигла,0.0,4.290007323341108,2.655643736894117,0.0,3.9076915248048927,0.0,0.0,26.013578932002154,0.0,0.0,0.16978919769271106,0.22663212415476133,2.6879930445037266,1.0437958113437216,11.056960609854498,31.92725482098523,0.1155039785823373,0.3353971776544145,0.45356338517463474,1,20,17
629,2023-11,ЖК Старое Резяпкино,0.0,26.0763723150358,8.42881460023175,0.0,0.0,0.0,0.0,28.445148231166552,0.0,0.0,0.0,0.26060714712085636,2.078787513074262,5.998173515981735,17.77004245801016,52.96786289910925,-1.7881965905121038,2.5358496848118297,2.5172174342444964,3,4,25
630,2023-11,ЖК Сугоново,0.0,0.0,0.0,0.0,0.9550599832128893,0.0,0.0,35.343698113947376,0.0,0.0,0.0,0.0,0.0,3.855600988888298,19.558185486053667,64.09106168347174,-1.8201537103721905,-3.2192280972601117,0.21218162159926296,4,1,11
631,2023-11,ЖК Уланово,0.0,1.3585686659413776,2.045127993083487,0.049378261703760556,6.019485757034043,0.23513795663415507,0.008743284727551804,23.4783861590116,0.0,0.0,0.0,0.20912841756420877,3.408710159516804,3.957457881014458,12.934194776648663,32.502386614371176,1.056709750471197,0.6154416667711249,0.5954889294459397,2,21,22
632,2023-11,ЖК Шацк,0.0,2.5386323314490555,2.79177034707742,0.026684414020409455,9.38003289842873,0.0,0.0,26.770832418707954,0.0,0.0,0.18961926192619263,0.22709826253027765,2.5247344223913157,4.622468684208721,9.745368575433893,27.03855091206676,1.1352830567988275,1.0340301098435787,0.2569993528859525,0,23,14
633,2023-11,ЖК Щучье,0.0,30.453482190324294,4.275685611175786,0.008300448430493273,5.172097855405704,0.0,0.010226350629938074,26.4770862009866,0.0,0.0,0.0,0.20831267605633802,2.8719371799196542,3.7021651455180438,11.897927874529763,31.587208448241206,-0.9254064799029963,2.4130860357846977,0.26316661915932893,3,17,19
634,2023-11,МТФ Каширинское,0.0,0.0,3.2587064676616917,0.0,1.4236827810972297,0.0,0.0,33.371280783667494,0.0,0.0,0.0,0.1595519224947018,4.778971845148316,0.0,18.177631722890588,54.15452042771219,-0.3993962171837636,1.118396612430833,0.6452090036841047,1,-1,-1
635,2023-11,МТФ Щучье,0.0,0.0,3.9149775315693494,0.0006393861892583121,2.8398789496465158,0.0,0.009910485933503837,22.34154978828412,0.0,0.0,0.0,0.17776141634546286,2.30173641151025,5.84462915601023,15.472083942042588,43.21046670594875,-1.1918034469806955,0.2752949731176493,0.10003184890091922,1,10,20
636,2023-11,РМ Кольцово,0.0,0.36132125873725224,1.7046584095929316,0.03126210583404354,0.9425091218242005,0.0,0.005849539009839622,18.415006321045006,0.0,0.0,0.048183682823421566,0.1706000718490876,1.0464633319316232,6.814403037111645,9.30411725081019,25.620182563546177,-1.3015364109022782,-1.6601856667540924,0.42673828106116274,9,22,12
637,2023-11,РМ Пеньково,0.0,5.469683694334073,0.7196456530027825,0.0,1.3202954034527732,0.0,0.0,13.660265769472213,0.0,0.0,0.0,0.17110430533491525,0.653498659400618,7.167801960458548,10.491790352658672,33.45234295855056,-2.0444127091115942,-1.8354908571736728,0.5028826420039401,9,-1,24
638,2023-12,ЖК Авангард,0.24847211148705234,3.212171740097908,2.8741466043837587,0.022699705423670075,8.8560623403576,0.233970758854879,0.0,25.086312594121257,0.0,0.0,0.23960229149679066,0.209738663250697,3.4090701388507765,3.159421553188844,12.422230582327899,36.75762101205719,2.988997603224569,1.0546500886841914,0.23836828884755526,0,33,10
639,2023-12,ЖК Аристово,0.0,0.0,0.0,0.0,1.0438670057876105,0.0,0.0,32.814615226610925,0.0,0.0,0.0,0.0,0.0,6.331307468313135,19.714095248087034,64.52875894430753,-1.9097414098310979,-3.2476364568740355,0.10437860779889321,4,1,11
640,2023-12,ЖК Бобров,0.0,1.6636550915469268,2.5503665328920446,0.0009758897818599311,4.343663287247081,0.0,0.0,27.697764317578198,0.0,0.0,0.0,0.22820274925472012,2.7608777803563602,1.9917882095241706,9.183802049468502,28.829788209507107,-0.4364802678180684,0.5212268281167809,0.12803437863870296,1,30,3
641,2023-12,ЖК Бобров 2,0.0,1.172526718496984,2.7968665684221414,0.006320386118133762,4.1519116835592085,0.0,0.0,25.040040506726545,0.0,0.0,0.0,0.2099737477752352,2.6440783447186647,2.6989591902093104,9.522648595954594,29.76753541031847,-0.6388783452139293,0.4454153598490167,0.2993115501825405,1,30,3
642,2023-12,ЖК Богданино,0.1090681236921646,0.0,0.0,0.0,9.280608407448582,0.25841432580443013,0.1090681236921646,36.44554504271899,0.0,0.0,0.18907044873285284,0.290172096908939,0.9282460781583589,4.978539558669209,24.52566350968895,66.07526432988885,3.133267409453536,-1.1128098758420348,0.368001917354506,5,3,16
643,2023-12,ЖК Бодеевка,0.0,3.571693089941245,1.9207015771213733,0.007635735754940206,2.9452221062223263,0.0,0.0,20.438989665200012,0.0,0.0,0.0,0.19280101185132606,2.1204989156877048,5.464918669579995,9.847459326681463,30.21334846175438,-1.1287919388252672,-0.35825297067435347,0.14199842412114067,1,30,3
644,2023-12,ЖК Болдасовка,0.0,0.0,0.5464895635673624,0.04743833017077799,0.3578926163459957,0.0,0.10815939278937381,32.38011808371709,0.0,0.0,0.013074047274481427,0.2725794458762887,0.6661082474226804,3.281980603574568,16.475651545372635,40.76358495043535,-0.10529204500360956,-2.103050256199218,0.11716048018726559,9,8,-1
645,2023-12,ЖК Борково,0.15672460034851127,6.095320398257623,3.149122380254348,0.0,1.6555760958947436,0.0,0.0,28.416888934968497,0.0,0.0,0.3682683157814986,0.13936877793772257,3.21948632472157,3.0837165296941365,13.937174439280607,36.26389452875063,1.0437629589522701,-0.1808875759337242,0.2109017409253313,0,13,18
646,2023-12,ЖК Бортниково,0.0,0.0,7.334506659745653,0.028683331413431632,0.9433168085305397,0.0,0.008990899665937104,31.492192226354913,0.0,0.0,0.0,0.2568674720020134,2.866615794921575,6.262740010856265,16.31560751204301,45.63608406880911,-0.6182129702503641,1.6106844900440045,0.8940579055430707,1,10,20
647,2023-12,ЖК Бушовка,0.08523931926963305,0.0,1.4400623018301162,0.028703343160705344,6.438540007893363,0.21444777942796914,0.08523931926963305,40.33288898074472,0.0,0.0,0.1503553901616467,0.25409682224429,2.9811022581106186,6.259603228629778,18.417470252378262,47.460799318116614,2.917888472150176,-0.06803716188451829,1.1274467822670473,5,12,7
648,2023-12,ЖК Верхний Икорец,0.0,1.3816940484675695,3.2149190316812617,0.0,6.496723398138142,0.0,0.0,27.51829236288363,0.0,0.0,0.0,0.25559716003581934,3.297178284170548,0.07945597709377238,10.769121044139306,36.95448107965697,-0.007892961587232253,1.5371609913552775,0.17388192840265523,1,-1,24
649,2023-12,ЖК Волчанское,0.0,0.0,4.1079651079403545,0.012403100775193798,5.5356782268321565,0.0,0.005994832041343669,20.644638810468155,0.0,0.0,0.0,0.21465377162133065,3.096508253900634,3.695699895797152,15.820797159237909,44.9958956648009,-0.5457570695266812,1.3798162881540503,0.25563835830569376,1,10,20
650,2023-12,ЖК Высокое,0.0,1.2766366048019158,2.9469188513727635,0.00590876861262113,5.321455264051622,0.0,0.0,27.499087653006917,0.0,0.0,0.0,0.23391164522681113,3.9116248004257583,3.704956049598722,9.689782385600125,30.469390696685867,-0.014525442128814351,1.4021793403453253,0.5683685700240589,1,30,3
651,2023-12,ЖК Гусево,0.0,1.6206697886963517,2.2902917416867163,0.04305752840909091,4.956059749359813,0.26477094216704566,0.0038618607954545455,22.124390469367476,0.0,0.0,0.0,0.18910265084969824,3.0285113641866697,3.2419235397574746,12.74044518820363,32.28094896180339,0.7264611014367602,0.2860008077606298,0.20001502059651852,2,21,22
652,2023-12,ЖК Детчинское,0.2070854006660776,0.46334843435048995,1.4521796784352727,0.04062832830085095,5.8701591685749515,0.22821336453717073,0.0,23.759901203365978,0.0,0.0,0.23349954836590572,0.1730280510462035,2.7144662396967174,4.479734146872957,12.520045928947571,37.92437254942515,2.378507224818386,-0.5777828292432262,0.15324240714593493,0,33,10
653,2023-12,ЖК Добрино,0.0,3.229154956275284,2.3533842887576255,0.006328579866677918,4.226418302866818,0.0,0.0,25.082547584510593,0.0,0.0,0.0,0.20230953136906274,2.562243768131937,2.7065837221358215,9.785271125449896,30.222043718437746,-0.6756833871148263,0.31093927909197144,0.2567579408756655,1,30,3
654,2023-12,ЖК Елбань,0.018292760682631498,4.79480932330175,4.173666823973573,0.0,1.410560135816947,0.1549110265042385,0.0,25.60646882525276,0.0,0.0,0.044436632053676144,0.0716814434026896,0.6865217674592414,2.682924635877257,13.363727709428934,38.38692025883674,-1.2795631561097545,-0.9710274753219985,1.4635059733521067,4,32,8
655,2023-12,ЖК Залужное,0.0,53.1072319201995,3.5855454197970213,0.0056309236947791165,5.888179389266113,0.0,0.012923694779116467,26.185321361488423,0.0,0.0,0.0,0.20150073458422532,2.9057278901476957,2.8099239695878353,12.146795370771914,31.65004280151795,-1.1926870031383525,3.202591775657274,0.19368098247792434,3,17,19
656,2023-12,ЖК Зимитицы,0.17614009305932532,4.085875878587977,2.898870926756353,0.25116625916870416,5.900206128939001,0.17436540997771613,0.0,25.303374619598298,0.0,0.0,0.21081996953330562,0.20024355470343475,1.9331661815474175,6.7779713511420825,12.592196860641943,39.343403458827375,3.5126855383734297,-0.48271939501544364,1.917415007426689,6,33,10
657,2023-12,ЖК Колыбелка,0.0,59.808714133900104,3.7402729065734786,0.001919802356518434,5.640533786353609,0.0,0.004695679716204232,21.142807646970777,0.0,0.0,0.0,0.20264290995120507,2.8714965666279983,3.0283140649519003,11.638176241133566,30.26487877047337,-1.6196851377447181,3.4959500079304546,0.3232489207425068,3,17,19
658,2023-12,ЖК Коршево,0.0,4.947640406419315,2.0959880567034324,0.013780748294632399,3.595454205618377,0.0,0.0,19.27837753047373,0.0,0.0,0.05730256953132519,0.20945042897356123,2.2599373125825415,3.087710632049,9.01800205056822,24.815866195608756,-0.7398162187281895,-0.03448569629269304,0.2602626816295826,1,23,14
659,2023-12,ЖК Курочкино,0.1208642410536118,0.0,0.0,0.0,6.444320644952778,0.17273877242177416,0.0,29.114302539913844,0.0,0.0,0.23029601034222716,0.19380344386395137,1.8622276006681593,0.0,26.6073352096493,81.41911803984739,1.8404597876427824,-1.2054017663522651,0.12315908174163362,5,-1,-1
660,2023-12,ЖК Курская Васильевка,0.06855227272727273,0.9127268666085949,3.3640441116925186,0.01603874457513051,2.3872019189541986,0.12100468079082716,0.0,24.57848104334458,0.0,0.0,0.04488277269842359,0.2044523652248967,3.0919334132509975,1.1948433968095127,11.214892470959406,32.29709405648211,0.12626568300627153,0.37600290100900846,0.3275046677920876,1,33,10
661,2023-12,ЖК Наратлы,0.17288535178777392,0.8988645515031444,3.4517629803461425,0.03484721640853914,2.1868246664435382,0.18176969672495258,0.0,21.545438426619206,0.0,0.0,0.20161769451416278,0.23769711704866828,2.727312304483837,3.887944472431336,12.275423123282573,36.556016165136484,1.4374103543943977,-0.1467445380129997,0.5208930343943643,0,33,10
662,2023-12,ЖК Нестерово,0.21694475709039113,2.9479716185814238,2.346993863860363,0.13039534356338348,6.6401639778380535,0.22198531747647945,0.0,22.23938577215557,0.0,0.0,0.21915937615791423,0.18587585516531288,3.231215177591403,4.759566737492756,12.629413430634504,38.80652082285241,3.1368824054825164,0.19941031069574183,1.0606765622430867,0,33,10
663,2023-12,ЖК Огнева Заимка,0.030703028472169776,1.2858044428035198,1.7048438266993917,0.0,0.907698855765985,0.14664583950251703,0.0,23.316850050789945,0.0,0.0,0.08516646616120639,0.18945865935861125,1.1248530913021473,2.7724852942602523,13.469855553650282,36.286692749180844,-0.4604211321590303,-1.6362632928987197,0.6178539991966575,9,32,8
664,2023-12,ЖК Озерки,0.0,1.0952466072468312,2.5053282762888016,0.02297794117647059,3.412980490181448,0.0,0.0,25.365422154029932,0.0,0.0,0.0,0.20084449529537138,2.7718549855872854,3.5324811464865733,9.964446801668771,30.453925884506333,-0.5622075182601216,0.20436423658172045,0.1928110091432414,1,30,3
665,2023-12,ЖК Пеньково,0.0178662642721603,0.5372886588130836,1.883047206323249,0.0,1.1708128413847774,0.0,0.0,26.045344071650018,0.0,0.0,0.061466672201466725,0.08377844694700078,0.8333922680227586,0.0,18.02815605143155,47.519893658428636,-1.5213157806308217,-1.7502280397897687,0.6753291326111438,9,-1,-1
666,2023-12,ЖК Песковатка,0.0,5.018195777421237,2.272000472537787,0.008932399599828498,3.126801163511002,0.0,0.0,21.744207648873267,0.0,0.0,0.21188674844505873,0.20771,2.3281462857259974,2.991966179525818,9.56694834825288,25.38045650303256,-0.03840492062594841,-0.24652288309457338,0.07152697218775866,1,23,14
667,2023-12,ЖК Петровское,0.0,47.610673135233476,2.7704514132367355,0.008217201333793262,4.8219568548053875,0.0,0.010654593538001609,20.45077965123606,0.0,0.0,0.0,0.18752714755124394,2.32802622991707,2.3375490846040083,12.032494638771807,31.383969133408165,-1.6047963114809134,2.1983231462626662,0.263998093608224,3,17,19
668,2023-12,ЖК Петропавловка,0.0,0.8983272354815144,2.455845613654774,0.0032998855141760388,4.884204861847969,0.0,0.0,29.655504136035887,0.0,0.0,0.010686962862649096,0.19790352478909048,3.394814059233859,5.548117718364873,7.585553677860214,21.933378764289177,-0.1539306709265138,0.6923749654162633,0.3576789291349225,1,23,14
669,2023-12,ЖК Плеханово,0.050001004245218424,2.6278654005659643,1.597663683076413,0.0,3.4939655487223735,0.044479479317949544,0.0,23.325792349288204,0.0,0.0,0.10912354053152451,0.14624051783659378,1.0726008096662973,3.889255309127123,13.157023920334337,35.548192733698656,-0.5605836709501972,-1.287652389619327,0.525766921906518,9,32,8
670,2023-12,ЖК Подболотье,0.19780421536526663,1.0402552591104952,0.9028356964136781,0.033882402001668054,6.9342091124288645,0.17974151436031333,0.0,29.701117470700463,0.0,0.0,0.23377501858034375,0.2108094739711093,3.4257624343802835,3.284370951113125,12.28617876924022,36.778332742201584,2.834529268981885,-0.05387245684169528,0.34368137362705287,5,33,10
671,2023-12,ЖК Семено-Макарово,0.0,5.93035511077105,2.426445463202285,0.0178969638058208,4.834659499816409,0.0,0.0,20.42024834967313,0.0,0.0,0.0,0.22130469724074375,2.9951646139199277,4.15281812899477,10.437719192101905,31.525276188753022,-0.5813944662322565,0.8077928179773571,0.09573750427999149,1,30,3
672,2023-12,ЖК Старая Чигла,0.04526203712428154,5.367350200624164,2.6285362183795673,0.0,4.573182170062325,0.0,0.0,28.653051564465322,0.0,0.0,0.19347277706185567,0.22241730221557177,2.6861107258540278,0.599754600792752,13.025920219975708,34.94522464803134,0.5272417332387694,0.4069215388357415,0.41790395170651023,1,13,18
673,2023-12,ЖК Старое Резяпкино,0.0,1.3311049333686347,6.686609152288072,0.0,3.890798952193844,0.0,0.0,27.27980872600349,0.0,0.0,0.0,0.26017614003113493,1.8321601661666282,6.152122079160706,10.899251736119675,36.22769739511846,-0.8898779873840215,1.4635397919338018,1.398865547181028,1,28,24
674,2023-12,ЖК Сугоново,0.0,0.0,0.0,0.0,1.0307650830208057,0.0,0.0,34.6791771329737,0.0,0.0,0.0,0.0,0.0,3.5321972471516005,19.54362560426169,64.0650859316542,-1.8413651211238349,-3.1938065152629527,0.03310862089114033,4,1,11
675,2023-12,ЖК Уланово,0.0,1.6444585121823179,1.953354227985045,0.03479280195201301,5.911257470093844,0.23294540263508928,0.008646299308662057,24.70175191535716,0.0,0.0,0.0,0.21221397272866555,3.627465801533529,4.095600725024717,12.847001410645419,32.10967848807329,1.0350387423868133,0.7072302727803434,0.09431214547718117,2,21,22
676,2023-12,ЖК Шацк,0.0,2.628811896440975,2.8665692233863873,0.0280684796531678,8.815686064960675,0.0,0.0,27.773128758661898,0.0,0.0,0.12123331830477908,0.218665978998843,2.476195059519442,6.0137577856932785,9.554716167431847,26.83234475644626,0.7674678629028286,0.9762541243473276,0.37232523599779566,1,23,14
677,2023-12,ЖК Щучье,0.0,37.56924019607843,4.402977118967882,0.0014144736842105264,5.336077978072517,0.0,0.01074561403508772,27.25945298824345,0.0,0.0,0.0,0.20201969286359528,2.9564978256367778,2.1252791983028136,11.790499705016183,30.106334943338872,-1.0585045884335487,2.841437782084245,0.44855359217409274,3,17,19
678,2023-12,МТФ Каширинское,0.0,0.0,3.4137472283813746,0.0,6.22965019433648,0.0,0.0,34.70721600191258,0.0,0.0,0.0,0.15565432098765433,5.083328703960891,0.0,18.499627572117056,55.73389145756157,0.30295510021300115,2.160694172496456,1.2568538406544025,1,-1,-1
679,2023-12,МТФ Щучье,0.0,0.0,4.5151575068037495,0.005005005005005005,2.820036373826538,0.0,0.010343677010343676,24.080943800300094,0.0,0.0,0.0,0.20219987429289754,2.2209051792103827,6.588922255588923,15.831179858162885,44.651965404904374,-1.0462066318154313,0.4793717121145997,0.2506905422745293,1,10,20
680,2023-12,РМ Кольцово,0.0,0.37690412813314905,1.676859950621124,0.029436874637161492,0.8551068030148934,0.0,0.004678482395929379,18.05375271817755,0.0,0.0,0.050747296122661274,0.18007734065126602,0.91697262211706,6.333845575931428,9.219448987660673,25.587131521768825,-1.3281172336762492,-1.717568330630449,0.0632401000385687,9,22,12
681,2023-12,РМ Пеньково,0.0,3.065547961645569,1.3199517480893468,0.0,1.131485484867202,0.0,0.0,10.538898383611453,0.0,0.0,0.0,0.1567425006862117,1.624367727789614,9.815001968762305,10.495799458024962,33.98879388129059,-2.0345340286626015,-1.3053697577108085,0.5302131349024931,9,27,24
682,2024-01,ЖК Авангард,0.2564540852013456,2.496374035960126,1.5133646525190345,0.008261785193584966,7.657779744118861,0.4201402279906606,0.0,26.07537946195798,0.0,0.0,0.21777912146881828,0.20696034441453756,3.4344506637902423,2.9656026094603165,12.6826202157078,36.388435831212526,3.5339826116955493,0.1925517871685109,1.0199128104570192,0,33,10
683,2024-01,ЖК Аристово,0.0,0.0,0.0,0.0,1.029996747670382,0.0,0.0,32.921201047566846,0.0,0.0,0.0,0.0,0.0,5.489798404287716,19.665702524220194,64.39783141383931,-1.9104237754438238,-3.2302623487700717,0.017387502846517404,4,1,11
684,2024-01,ЖК Бобров,0.0,1.0985184674489816,2.5060861836054262,0.0009007994595203243,4.829699684112728,0.0,0.0,27.888135897408755,0.0,0.0,0.0,0.2283754622080338,2.9945909369972057,4.960584973360879,9.198246499553816,29.16971454371227,-0.28892573348809125,0.6183640941700524,0.1766578304453003,1,30,3
685,2024-01,ЖК Бобров 2,0.0,1.2109039135379012,2.6173128757302004,0.007320384910561427,3.6728614550084986,0.0,0.0,24.34993017733494,0.0,0.0,0.0,0.21030559698085644,2.709439471509579,2.926479411835487,9.55614992254992,29.807022766832958,-0.6912425139254119,0.3290714056286751,0.1275849593348274,1,30,3
686,2024-01,ЖК Богданино,0.10621642468239564,0.0,0.0,0.0,1.2913623380773296,0.2202594046284025,0.1044587114337568,34.22510892948029,0.0,0.0,0.20421914700544463,0.2826105733432614,1.0724744767105154,5.345483418313598,24.433367207027043,65.16628821224973,1.9375156124818538,-2.4362535073620406,1.7836270366228102,5,3,16
687,2024-01,ЖК Бодеевка,0.0,1.0311356336720925,1.893052865711652,0.006132996439646261,3.2199790255298626,0.0,0.0,22.778648210326462,0.0,0.0,0.0,0.17719807195982035,2.120291664542929,5.223042432195975,9.390496575794591,29.40866912507274,-1.0226853558919191,-0.46715059292374955,0.15204374065828438,1,30,3
688,2024-01,ЖК Болдасовка,0.0,0.0,0.18385345997286295,0.09656301145662848,0.27704342182890856,0.0,0.04091653027823241,32.21952791076216,0.0,0.0,0.01076818100197522,0.2508388199837719,0.9412801586427234,2.921970750762195,16.19747060374072,40.637293877248155,0.07180454122643341,-2.2307788442682828,0.21835245147341922,9,8,-1
689,2024-01,ЖК Борково,0.08881527510356496,5.162708676118792,2.142871171013478,0.0,1.5806077940055545,0.052435147335868904,0.0,24.02123716696309,0.0,0.0,0.21013374953809053,0.07890765700060291,1.880642569578155,5.2457041807452764,13.863629013891662,38.95809866393272,-0.3139681954702052,-1.272666663640412,1.7422443755234323,4,32,8
690,2024-01,ЖК Бортниково,0.11482242990654207,1.3501335113484647,7.432918147794193,0.026353670689846086,1.6528656098460142,0.12678082851637765,0.007690178274831138,31.260092759035068,0.0,0.0,0.1746849132176235,0.2288041762540267,2.7274532927471173,5.525378352270113,10.616547475495125,34.28429899911785,0.906536674796605,1.2725426569368194,1.5617942820256274,0,31,5
691,2024-01,ЖК Бушовка,0.09982932750667638,0.0,1.3996156043841879,0.02903745259986494,5.983667275840916,0.2236614946008679,0.09938957816377171,38.702485826735824,0.0,0.0,0.17860650802752295,0.2807093004642228,1.2188801024491756,4.772720218555157,18.660624325425367,49.01530003094752,2.7393730287095446,-1.0367840891255233,0.9850575478547913,5,12,7
692,2024-01,ЖК Верхний Икорец,0.0,1.505390408705555,3.250697272254526,0.0,6.537395657674983,0.0,0.0,29.06302082156475,0.0,0.0,0.0,0.23664063056644105,3.2836463688038413,0.0,16.579095771966998,49.91487102480019,-0.016108387238861745,1.4996604960129736,0.03838984721974823,1,7,26
693,2024-01,ЖК Волчанское,0.0,0.0,3.4216796181373432,0.009410758207678322,5.810724074723634,0.0,0.007699711260827719,24.16637185977815,0.0,0.0,0.0,0.20589750488722594,3.0643320498503592,2.231421187662151,15.787132836726027,44.676328706995605,-0.37225909909567545,1.1501392109856736,0.2878421538279038,1,10,20
694,2024-01,ЖК Высокое,0.0,1.241898429937216,2.6726628945840814,0.006833194138637917,4.943633587426696,0.0,0.0,26.28285123015649,0.0,0.0,0.0,0.22532758620689655,3.6444267979210214,2.857602718672086,9.643224395370016,30.202731834972923,-0.184824125566073,1.0964178067668156,0.34998822408296226,1,30,3
695,2024-01,ЖК Гусево,0.0,1.5827779387033667,2.0358133790177844,0.05062146892655367,2.8213286673957194,0.25037620768203595,0.0014011299435028248,20.752614113281822,0.0,0.0,0.0,0.18354858713037772,2.826835658490861,3.268762019045992,12.502188564881779,31.4451134666684,0.34834404820619524,-0.2946568977691251,0.692918376819987,2,21,22
696,2024-01,ЖК Детчинское,0.22114601917188123,0.4727335086315308,1.482159523296719,0.03940466024155179,5.995802091575217,0.2203957409508095,0.011141516810007818,24.706124886260238,0.0,0.0,0.23916029383336557,0.18144864095102473,3.2448782131483163,5.293637718678905,11.499026951974672,38.456810431055885,2.65101870585683,-0.27254716424193526,0.40918372216712934,0,31,5
697,2024-01,ЖК Добрино,0.0,1.1946349439547286,2.2873695253068758,0.002339947585174092,4.115903435317872,0.0,0.0,26.625200999453362,0.0,0.0,0.0,0.19127497604216578,2.51481151891324,2.6902064500848697,9.190704023590053,29.041951594602267,-0.6702059814436241,0.12962653621848802,0.18139545942826912,1,30,3
698,2024-01,ЖК Елбань,0.01738030241553734,4.334287566459926,4.751548439873788,0.0,1.2908428887708112,0.14747236039361866,0.0,23.80200009224899,0.0,0.0,0.0508171727506129,0.07005564818770181,0.7329254318878126,0.7089871611982882,13.474387844008271,39.503071210495094,-1.4171404078957195,-0.716282300048552,0.2895213369236848,9,32,8
699,2024-01,ЖК Залужное,0.0,55.57142857142857,3.077847005185264,0.002809512513343613,5.636782499342639,0.0,0.01167109476930376,24.285727419607987,0.0,0.0,0.0,0.1857468562943715,2.7931732848319224,2.9883597258331362,12.003843035530046,30.872688526587226,-1.4215241335761906,2.978355234423019,0.32038798150324843,3,17,19
700,2024-01,ЖК Зимитицы,0.1589404491352413,3.4864780463836476,2.4622656006560066,0.02823678566923174,6.02304027732557,0.1384268540696886,0.0,22.515287081088644,0.0,0.0,0.18904848502205165,0.18327488352393054,2.111721164404364,6.922581738099272,11.938687968445759,35.930888151887814,1.3299488216272892,-0.21162354468186606,2.199507339087507,0,33,10
701,2024-01,ЖК Колыбелка,0.0,56.152353226589035,3.500465669533958,0.0032420749279538905,5.800914620718029,0.0,0.004418828049951969,20.907286025621065,0.0,0.0,0.0,0.17265363468562225,2.841978774254398,1.9194034242997977,11.623525492725667,30.449744298194243,-1.6520353941111154,3.2260766265144194,0.271805410328596,3,17,19
702,2024-01,ЖК Коршево,0.0,4.531769007226888,2.023732816403894,0.010255709011349652,3.8253175945243583,0.0,0.0,18.97539761064299,0.0,0.0,0.17429945507540234,0.206632916914535,2.185966177691125,3.0560725982730204,9.457723363980055,25.43309094540189,-0.24192886070975894,-0.24527148815351787,0.5406685410905353,1,23,14
703,2024-01,ЖК Курочкино,0.0,0.0,0.0,0.0,5.603317632602908,0.21963301829881357,0.0,32.62752443785134,0.0,0.0,0.21274585295924636,0.23633187851680856,1.3334295195498485,0.0,24.50267312417098,74.47387314130243,1.6681314097475546,-1.4976153489369006,0.33924305103413394,5,-1,-1
704,2024-01,ЖК Курская Васильевка,0.06992098734805259,1.0342705198816176,3.056597391680088,0.03689506468615237,2.71003633578011,0.07154250009561326,0.0,23.340216551897882,0.0,0.0,0.047082431915411636,0.19341177070023752,2.7864881382264026,0.9894789023768535,11.156124293619369,32.76184722106449,0.006770483510744323,0.1587640714620313,0.2479350958727232,1,33,10
705,2024-01,ЖК Наратлы,0.1766160867084997,0.9871887922070322,2.7968784152007102,0.027368100957883532,2.4451866983685595,0.15988156085411098,0.0,17.169086946673225,0.0,0.0,0.06301155394401253,0.21141407985969188,2.5468358633673827,2.8463888852380013,11.968763669361211,34.81346543851775,0.41700450022901314,-0.22297611440127324,1.0232494126329266,2,33,10
706,2024-01,ЖК Нестерово,0.17373762093889022,2.0701559133586955,2.3095788857612662,0.022989318808799605,6.763061720316923,0.21090714729163432,0.0,22.91002799843066,0.0,0.0,0.22813007973472213,0.18253370731791171,3.192166467087819,4.69380966998382,12.170782163352037,35.82961290963206,2.172845367361729,0.3045883292100938,0.9697576122141581,0,33,10
707,2024-01,ЖК Огнева Заимка,0.029705969027213952,1.3329545590555465,1.4453202690517661,0.0,0.8253086500655308,0.13839589146374393,0.0,20.39388082888696,0.0,0.0,0.08977857017971676,0.1901123791027384,1.161479004978086,2.2278635349069167,13.470089515565835,36.366094328213876,-0.5874051328226845,-1.6912012363895388,0.13835864287982647,9,32,8
708,2024-01,ЖК Озерки,0.0,1.1421577099682494,2.4788615691413596,0.019719198611768417,3.4178285190986037,0.0,0.0,26.717376126680993,0.0,0.0,0.07201518488466442,0.19135201387668396,2.7104270598829356,3.1629258856156985,8.891227110865682,23.888697165129095,-0.2551135843477749,0.04147299198790619,0.3476208305195225,1,23,14
709,2024-01,ЖК Пеньково,0.015621826025591522,0.6269815873687551,2.043798807592643,0.0,1.1303472727828934,0.0,0.0,26.952326547328216,0.0,0.0,0.09037201908697587,0.09088406548358943,0.8891803602126365,0.0,18.13384834620792,47.88146985630766,-1.3362457550113147,-1.6926752558181861,0.19381237660604816,9,-1,-1
710,2024-01,ЖК Песковатка,0.0,5.171277542388883,2.4278266562754043,0.005446227579696463,3.27709599423187,0.0,0.0,25.131913593267114,0.0,0.0,0.20829563604097764,0.20822031280169917,2.5813670344776924,2.5226872243624383,9.462534825515165,24.924205575994023,0.12902279259841712,-0.02120482598193172,0.28071385077433575,1,23,14
711,2024-01,ЖК Петровское,0.0,50.758944705457175,2.7763186343068695,0.0072802651156499395,5.466700583670429,0.0,0.010585283376166646,22.958510055983158,0.0,0.0,0.0,0.18316145396702563,2.435324445829253,2.139874507190849,12.039573203970287,31.44223018914738,-1.4650806022169611,2.473254212142296,0.30839515301126014,3,17,19
712,2024-01,ЖК Петропавловка,0.0,0.8626601421558759,2.4029692528453688,0.002758430453072202,4.931249168810724,0.0,0.0,28.643159332299284,0.0,0.0,0.005039485710803729,0.16910198538520108,3.290696068148805,5.346389904144542,7.277278973056033,21.365895328118878,-0.35397788369017696,0.5722376583988017,0.23334922299403132,1,23,14
713,2024-01,ЖК Плеханово,0.06278223342499237,3.1119104890620175,1.6182496542783058,0.0,3.5174884102361426,0.04523830023154943,0.0,22.64509439778678,0.0,0.0,0.11112460482197031,0.16095687476796686,1.2648129901749547,3.780467669417761,13.286529959751304,35.970192054394005,-0.44519355214090617,-1.1216444292108385,0.20217201200415602,9,32,8
714,2024-01,ЖК Подболотье,0.20676462572877344,1.330637810245592,0.9843301699404106,0.03310527477378062,6.67983749139711,0.19082537120723048,0.0,32.17442587695717,0.0,0.0,0.23315998428608842,0.22001915755055465,3.4724067635492357,2.883723968039508,12.322569503713211,36.71795833274273,3.0079041515648663,-0.027962871054542378,0.17530018980686923,5,33,10
715,2024-01,ЖК Семено-Макарово,0.0,5.7838444408399035,1.5345013979496738,0.0328014677266915,5.090488611999247,0.0,0.0,19.72365677131223,0.0,0.0,0.0,0.19114751845906902,2.613189173781251,4.196030395136778,10.564958820254503,31.44919861362976,-0.5950647008662243,0.21940679271410743,0.5885448071642746,1,30,3
716,2024-01,ЖК Старая Чигла,0.0,5.545048345305881,2.5453652869707137,0.0,4.477934116268729,0.0,0.0,28.277680767341565,0.0,0.0,0.1045654318922987,0.20827182420921775,2.6296503128639923,0.7126783754116356,10.908445069906637,32.30551468150584,-0.10471688341803233,0.45408433594237574,0.6337160425598362,1,20,17
717,2024-01,ЖК Старое Резяпкино,0.0,0.7575056600059061,6.456256109481916,0.0,0.9709143968871595,0.0,0.0,27.321068146262153,0.0,0.0,0.0,0.25490189484576087,2.0756683695677074,5.230282861896838,10.570547969735559,34.76810164747345,-1.1957474159538268,0.9815567376805096,0.5708447879423542,1,-1,24
718,2024-01,ЖК Сугоново,0.0,0.0,0.0,0.0,0.9704988928039219,0.0,0.0,34.27147136336336,0.0,0.0,0.0,0.0,0.0,3.2972611771771776,19.505372952199096,63.94431418922041,-1.8678741235120606,-3.1960079533104926,0.026600254455476813,4,1,11
719,2024-01,ЖК Уланово,0.0,1.6146569028597029,2.0257900616511377,0.05186022020105314,4.650036670201095,0.22850781362007166,0.009321804691239827,23.76471135966364,0.0,0.0,0.0,0.2059665406116409,3.4286223646732408,4.009019873179249,12.968630132805565,32.99404115010576,0.8836137578585307,0.3808030733982214,0.3598391896887362,2,21,22
720,2024-01,ЖК Шацк,0.0,2.571184854997166,2.1116542225557327,0.03109692206941716,8.227810581553163,0.0,0.0,24.23138189925128,0.0,0.0,0.17185085266983507,0.2098138894342692,2.2719904671891586,6.196168958742633,9.722911581439801,26.951425825030633,0.7671095448040968,0.4002166411922335,0.5760375945990983,0,23,14
721,2024-01,ЖК Щучье,0.0,38.66482504604051,4.3727550223610425,0.0022094316807738817,5.472317075062035,0.0,0.010193954050785974,26.908363155884825,0.0,0.0,0.0,0.21201295215869312,3.0430788739895984,2.428638534408518,11.813441274122491,30.479320023458975,-1.0075459639173112,2.9618735068266893,0.13077287641871574,3,17,19
722,2024-01,МТФ Каширинское,0.0,0.0,3.006735518634935,0.0,1.1707741374311396,0.0,0.0,34.07193063562316,0.0,0.0,0.0,0.14999070113446158,4.813029608214535,0.0,18.11712090198531,53.888829105674716,-0.4107296872139675,0.9695581126562177,1.388578801817313,1,-1,-1
723,2024-01,МТФ Щучье,0.0,0.0,4.602189781021898,0.0003872966692486445,2.7678186195826644,0.0,0.011231603408210689,23.648530451220516,0.0,0.0,0.0,0.16577902209167125,2.195606037961441,7.465917893106119,15.557501364702672,43.17934178146824,-1.255731561708701,0.38556398296410055,0.2295660826323284,1,10,20
724,2024-01,РМ Кольцово,0.0,0.49366144257533584,1.4839171673290814,0.03292481462983595,1.1532420999720747,0.0,0.0034192631295862307,19.129625452864605,0.0,0.0,0.042647495612258675,0.19287785434498766,1.0863128513604678,6.342656268008759,8.981903580502046,24.902974471353893,-1.1548899943500301,-1.611309422383876,0.20322064862197642,9,22,12
725,2024-01,РМ Пеньково,0.0,2.5258201102937017,1.3573989606915275,0.0,0.5086840511385028,0.0,0.0,10.769259574635155,0.0,0.0,0.0,0.16550373069046073,1.3270589054583004,10.679525222551929,10.406637115702887,33.27308533634999,-2.1266016840627615,-1.5797563672167265,0.28942091259450436,9,27,24
726,2024-02,ЖК Авангард,0.23987880057248578,2.787382311548949,2.6557943622421427,0.005346607669616519,8.131210077253565,0.3841763307749443,0.0,25.972769077166568,0.0,0.0,0.22828825739373554,0.2076156150034498,3.4795909976033554,2.4128309846865323,12.597170771776478,35.52441106445524,3.340737484886312,0.7832808196110251,0.6215339643221337,0,33,10
727,2024-02,ЖК Аристово,0.0,0.0,0.0,0.0,1.0397581174992474,0.0,0.0,36.31982644487711,0.0,0.0,0.0,0.2828333333333333,0.0,1.9443913544215996,19.19500135783559,60.32061033522041,-0.6810181425437664,-2.4532524552683523,1.4543667298195266,9,1,-1
728,2024-02,ЖК Бобров,0.0,0.8998372628998921,2.2222319637548167,0.000277069710739222,4.205599804346901,0.0,0.0,23.912345630572187,0.0,0.0,0.0,0.19735414882423472,2.575088675597797,5.0117508813160985,8.94653421489491,27.98396579481954,-0.7383639777801223,0.12033847896235696,0.6708384670211652,1,30,3
729,2024-02,ЖК Бобров 2,0.0,1.0830172991592217,2.459339004185736,0.008331391284082964,3.5157289354585957,0.0,0.0,23.44218041649782,0.0,0.0,0.0,0.1951989868458468,2.6817013797602223,3.2837703908070606,9.54937458393017,29.75223598830104,-0.7922046642323383,0.18070541462723755,0.17945980909506462,1,30,3
730,2024-02,ЖК Богданино,0.10104993221870764,0.0,0.0,0.0,4.130328348474261,0.20841547494780793,0.0,34.765653124583125,0.0,0.0,0.18274333971791748,0.27810179640718563,1.3990840084536809,3.598299688697318,23.08884240959085,64.41991059328598,1.9019584991857024,-1.720508379859166,0.7166277945000888,5,3,-1
731,2024-02,ЖК Бодеевка,0.0,1.015718556938133,1.841449138615248,0.004658417873687914,3.424031529637272,0.0,0.0,21.867381300506608,0.0,0.0,0.0,0.18233212150475028,2.2119351347565512,5.145849757855614,9.306668722772285,29.270922844409213,-1.004756460352142,-0.3801075804869318,0.08887030611712922,1,30,3
732,2024-02,ЖК Болдасовка,0.0,0.0,0.05277973258268825,0.04655172413793104,0.2992044590390598,0.0,0.0706896551724138,32.305018764701224,0.0,0.0,0.01151190774630233,0.2705644655137878,1.6738533467034344,1.9334187141947805,16.326288123127195,42.232165387764,0.013358245351071068,-1.7415956284544134,0.4926623469837624,9,8,-1
733,2024-02,ЖК Борково,0.06099420226268451,4.660336112068696,1.4323022031401798,0.0,2.2320244758532075,0.05674878121210622,0.0,23.521086036332488,0.0,0.0,0.13621856947360725,0.05459610141339434,1.2134297324683736,2.7016035885247547,13.616242283442373,38.188235250030544,-0.8527837786178499,-1.674597590587035,0.6722132865980172,4,32,8
734,2024-02,ЖК Бортниково,0.0,0.0,6.8861529617481345,0.023911751106413897,2.2676016837268316,0.0,0.006004359601030452,30.559716074281674,0.0,0.0,0.0,0.23026024592785943,2.72330341287095,3.8183873471764023,16.046298332344975,45.36658443162252,-0.6540245825733875,1.6035846342235047,1.5952868797586501,1,10,20
735,2024-02,ЖК Бушовка,0.10828486150907354,0.0,1.2043849869936827,0.04335439118047814,6.776361232009826,0.23652951498368657,0.0,37.49778643368813,0.0,0.0,0.1782495808074294,0.3168689917462373,1.334648163133193,4.003201695449493,18.284970855805856,44.43018715659998,2.864079044630026,-0.8523055374018189,0.2226744854105088,5,-1,-1
736,2024-02,ЖК Верхний Икорец,0.0,1.2917365705245225,2.9791828248155343,0.0,6.438488610886457,0.0,0.0,28.942227776932235,0.0,0.0,0.0,0.19409582741981266,3.2937143432679483,0.0,16.478752082987715,49.52502239059757,-0.17258210797383314,1.2717627174769663,0.2764442488862679,1,7,26
737,2024-02,ЖК Волчанское,0.0,0.0,3.0663570656672494,0.006695853721349472,6.0960259887807995,0.0,0.010301313417460727,22.491291008169444,0.0,0.0,0.0,0.19506885493303153,3.0320262765612704,2.4937619683166017,15.814529409913323,44.59845446760511,-0.4465785678209475,1.0318578161173984,0.13969206063191833,1,10,20
738,2024-02,ЖК Высокое,0.0,1.0675866032929147,2.4331005431299126,0.0018427065674062062,5.041446037139471,0.0,0.0,25.27958684466194,0.0,0.0,0.0,0.1855936736687836,3.3383109351948472,3.639668321159649,9.230560260853725,29.280185357761127,-0.4566898960589026,0.7492946723824622,0.4409143540308908,1,30,3
739,2024-02,ЖК Гусево,0.0,1.6580528158453656,1.9317260691770317,0.08144740114399403,2.36940637557455,0.26478854453577394,0.0018030340711265853,20.950967216400276,0.0,0.0,0.0,0.19312737208549224,2.682947361128157,6.002827971564258,12.742960368951808,32.43975035918271,0.6301465375664927,-0.5835090698937674,0.40354457046376496,2,21,22
740,2024-02,ЖК Детчинское,0.2142351415013826,0.514396891773811,1.5908957845433256,0.03949757869249395,5.247034025497052,0.1949211721007016,0.007112590799031477,25.164931321509457,0.0,0.0,0.2310130130523667,0.18610158175158176,3.111312082708315,4.780423943622741,11.313162057313695,37.69557323923203,2.3846993603867865,-0.3736185510044711,0.28485332891453885,0,31,5
741,2024-02,ЖК Добрино,0.0,1.1342075518541088,2.1608483606776043,0.0044782803403493054,4.437570264095878,0.0,0.0,24.881636278560364,0.0,0.0,0.0,0.1797056764336138,2.5139767471322143,2.9627811143746436,9.338212555271152,29.374183717772983,-0.7229909455016157,0.10860751287212288,0.05681594646785802,1,30,3
742,2024-02,ЖК Елбань,0.011299294407402067,4.132567682608521,2.4110775007823095,0.0,1.5296645887877653,0.1570074684145762,0.0,23.750119356436308,0.0,0.0,0.041690832785146424,0.0533228747772033,0.5974290855883061,1.2940092165898618,13.184879278008774,37.63353024429018,-1.3286350170570538,-1.6756269846286553,0.9634186151614483,9,32,8
743,2024-02,ЖК Залужное,0.0,55.85093896713615,3.2504779909312873,0.0012753169064235864,5.836478952483249,0.0,0.010292408488819257,25.004929854603194,0.0,0.0,0.0,0.18319426169992736,2.901709258279108,3.521994391868209,11.901781207747124,30.29753893705144,-1.3812872777629681,3.1239057697182124,0.15100981057683452,3,17,19
744,2024-02,ЖК Зимитицы,0.16043334472739704,3.252696422238448,2.216563103085889,0.030948531257845847,7.331555037898904,0.1676316605793766,0.0,23.980852972338898,0.0,0.0,0.1940086651344804,0.19301519822364024,2.1315482485572406,6.923395818312906,12.021345798564907,36.096856934897914,1.7862830605727786,-0.09571282574010778,0.47082505498279753,0,33,10
745,2024-02,ЖК Колыбелка,0.0,52.61220825852783,3.3384724731387276,0.0019903536977491964,6.392962675490557,0.0,0.005228057639633202,20.57124974664433,0.0,0.0,0.0,0.18837313567341052,2.9788939835784163,2.1953658631811237,11.613559958993365,30.130903799957675,-1.4393569787267921,3.2391051949929017,0.21307710333817023,3,17,19
746,2024-02,ЖК Коршево,0.0,4.492096005953857,1.9201542276315042,0.005538734214607488,3.5377067361345826,0.0,0.0,19.67657565892319,0.0,0.0,0.17512200589214807,0.19931440827311103,2.3040289407034127,2.1857088223170553,9.29695937928275,24.699421886821547,-0.27823552905043136,-0.2699548188592847,0.043902630681199914,1,23,14
747,2024-02,ЖК Курочкино,0.0,0.0,0.0,0.0,6.057356257046223,0.23111993769470404,0.0,33.539600226053324,0.0,0.0,0.23232313979706878,0.24434306039488968,1.5783630389325898,0.0,24.593032280942747,74.85655672916181,1.9854243774365066,-1.3126633876262563,0.3672629239897711,5,-1,-1
748,2024-02,ЖК Курская Васильевка,0.0714550922761449,1.713941979244062,2.796515309215098,0.010254020041948263,4.2090884708497045,0.07281169251320156,0.0,18.255479681182962,0.0,0.0,0.057482062025363816,0.21718718697245826,2.5266339595176914,1.3381038335003275,10.955760035242877,31.570463935322373,-0.14569991151172162,0.3158501429626043,0.21891380773672076,1,33,10
749,2024-02,ЖК Наратлы,0.17666586682663468,1.1276777921114105,2.679522169590339,0.026942893945899528,2.1782333025750305,0.1710082823367495,0.0,16.69142874112813,0.0,0.0,0.03753402876240632,0.21782741088441696,2.5362159096002985,3.8870871555184023,11.884918076033555,33.98542311565295,0.32185936186875536,-0.292441007270326,0.11780479062797733,2,33,10
750,2024-02,ЖК Нестерово,0.17558417667431295,1.7710314718574545,2.7657373533493126,0.06743088334457181,6.2993240443822165,0.2294857272408747,0.0,23.01637898429325,0.0,0.0,0.22121818858376124,0.18286582782713162,3.269226028610499,4.0777418103109895,12.391838126824029,37.10253370521691,2.5135104444726406,0.3709656479703553,0.3470715246297002,0,33,10
751,2024-02,ЖК Огнева Заимка,0.032231678823218674,1.5721486536655676,1.881284915029023,0.0,0.9935782972713583,0.13441852118844422,0.0,21.637040360808136,0.0,0.0,0.10621122014401124,0.178581883134687,0.9982876422166131,2.4976630883051314,13.540068046313236,37.097150295467415,-0.5621779842567117,-1.641184499547398,0.05601859502973647,9,32,8
752,2024-02,ЖК Озерки,0.0,1.310029536702529,2.429295456317668,0.021222410865874362,3.467850535092143,0.0,0.0,26.684072045689508,0.0,0.0,0.06452973249275856,0.1931372253302777,2.7843183372880507,3.1010738181619297,8.889363351351038,23.985786569475074,-0.24741842898784416,0.09250800837981722,0.051611900896364,1,23,14
753,2024-02,ЖК Пеньково,0.020676197925944283,0.8367059216092858,2.1520244966295103,0.0,1.1206417347650257,0.0,0.0,23.60964421194159,0.0,0.0,0.07815159201362794,0.09582935302039017,0.8929903233110483,0.42992801581642576,11.889984684649413,31.14915861936214,-1.5136491434532924,-1.605362057921732,0.1977259637923168,9,13,18
754,2024-02,ЖК Песковатка,0.0,5.150934881701758,2.2694884351270357,0.0038314176245210726,3.1874152249733374,0.0,0.0,25.281494518899404,0.0,0.0,0.24406278520849725,0.2046933638715496,2.5005196269350694,1.8084046566500325,9.481992540938329,24.909971358245564,0.24931580326243252,-0.18153593767356022,0.20044069893833033,1,23,14
755,2024-02,ЖК Петровское,0.0,53.13427010148322,2.6230840385497936,0.007691123056806626,5.24487771206999,0.0,0.007554845270957431,23.94007865045609,0.0,0.0,0.0,0.1867335646033049,2.371764104435376,2.6603994575268155,11.909502968960897,30.90678652166904,-1.4797853388000926,2.425834876368163,0.04964698060546339,3,17,19
756,2024-02,ЖК Петропавловка,0.0,0.939596244374321,2.522344428165604,0.0023055183697753977,4.796990031923904,0.0,0.0,30.386617893972875,0.0,0.0,0.003533947273383893,0.18634085549422982,3.2865375449542875,5.603971441320839,7.197327906456101,21.269111999827267,-0.24759883235609464,0.6226871959177236,0.11773554432970712,1,23,14
757,2024-02,ЖК Плеханово,0.14469094103865676,3.8744283086246076,1.809575452812202,0.05154334662531384,2.4568601895481406,0.0,0.0,19.886206942975285,0.0,0.0,0.09015911493732064,0.24200929814037192,1.9290207228321203,3.3930749932483333,11.702165519365693,32.429319651651056,0.13289150299245472,-0.6666565320779109,0.7356604634653031,9,14,15
758,2024-02,ЖК Подболотье,0.2011937622560463,1.0185937891406804,0.9882676882557165,0.026936430025140668,6.180080966715192,0.17422557490362886,0.0,32.499328393292885,0.0,0.0,0.20803752273379916,0.2210696120351922,3.202337258699722,2.0441035455371916,12.267797181886314,36.52078987678644,2.6575928034278324,-0.1859123051592808,0.3842734239673533,5,33,10
759,2024-02,ЖК Семено-Макарово,0.0,5.599558811933236,1.4578236873508352,0.037720543500304196,4.769178037814995,0.0,0.0,19.50490617554994,0.0,0.0,0.0,0.20185205009318605,3.181368829915801,3.9099144269692747,10.616802052502594,31.540821148934125,-0.42685879255596687,0.45700429166261036,0.29111131736341445,1,30,3
760,2024-02,ЖК Старая Чигла,0.0,3.3697999577575772,2.4544983714377655,0.0,4.28627469248926,0.0,0.0,26.769971056432144,0.0,0.0,0.09419690339952877,0.20956380849661455,2.543629472513148,1.31617512364902,10.659793465522759,31.03761988970984,-0.21262441828043666,0.2685316343894172,0.21464817989836837,1,20,17
761,2024-02,ЖК Старое Резяпкино,0.0,1.9655861238900183,4.376262513904338,0.045185810810810814,2.804975465023394,0.0,0.0,28.24539183887442,0.0,0.0,0.0,0.20119382695297727,0.7079013729335949,5.845534407027818,10.527613668034743,31.32617331599478,-0.943297924561909,-0.3665269448351568,1.3715175393588803,1,30,3
762,2024-02,ЖК Сугоново,0.0,0.0,0.0,0.0,3.5433927595994215,0.0,0.0,37.954430319347445,0.0,0.0,0.0,0.2821875,0.0,2.5813030202057896,19.543162289571494,61.42859426174977,-0.295851360272968,-2.042501020113209,1.9498291753576966,5,1,-1
763,2024-02,ЖК Уланово,0.0,1.5471175249107396,1.9370573077138538,0.04784975212914707,3.12579026485784,0.23448028985507247,0.010099630996309963,23.529170094734148,0.0,0.0,0.0,0.20643521260698275,3.108836898275895,5.202645122246429,12.999757299121665,33.08721494630913,0.6179178520187408,-0.11751077265782545,0.5647220586724022,2,21,22
764,2024-02,ЖК Шацк,0.0,2.057361082026207,2.293004231776479,0.02858875138200364,8.019000588654459,0.0,0.0,21.45841059555614,0.0,0.0,0.23010863252375924,0.21729038890950975,2.4156923843152778,5.527372588180748,9.805785731819899,27.11063150669222,0.9145118120484631,0.45945063175606116,0.1588587234837773,0,23,14
765,2024-02,ЖК Щучье,0.0,37.766666666666666,3.9057076718600015,0.006499876268250432,6.056209334415584,0.0,0.016117545162088593,24.330630768489677,0.0,0.0,0.0,0.20721282157676346,2.9548676179804905,2.8450840595018043,12.146391264215854,31.90050408935852,-0.9843624713263601,2.7979217232723212,0.16558279397139372,3,17,19
766,2024-02,МТФ Каширинское,0.0,0.0,2.985996705107084,0.0,1.029728565273589,0.0,0.0202991452991453,34.71160234589673,0.0,0.0,0.0,0.22863520408163265,5.154750014687739,0.0,20.488479583271005,62.377864436571485,0.04253201351292268,1.3168808099076714,0.5710334713235801,1,-1,-1
767,2024-02,МТФ Щучье,0.0,0.0,3.9162076529368757,0.0013026487190620929,2.5515632169991225,0.0,0.0039079461571862786,23.63840479395926,0.0,0.0,0.0,0.18707564552519426,2.2345627160572135,6.51411202778984,15.171548083424783,43.130471245069835,-1.1593220845555767,0.18600161167761675,0.22163015886477005,1,10,20
768,2024-02,РМ Кольцово,0.0,0.7492029112905629,0.8950333743751988,0.02557989934536648,1.1915357788730896,0.0,0.003102887198698301,16.38863001483426,0.0,0.0,0.0368548598590395,0.16229174794386522,0.8597528413947512,5.922692700647065,8.828227857908178,24.433820860950952,-1.489438952020479,-1.965245865333564,0.48702567768677407,9,22,12
769,2024-02,РМ Пеньково,0.0,2.2241498105967126,1.0351707787297757,0.0,0.3971174486353879,0.0,0.0,11.741820030516555,0.0,0.0,0.0,0.16936397384146235,1.4500443057933146,7.9494650761199654,10.236403050017648,33.131531404110355,-2.037964177288638,-1.5963873250427787,0.09018423568088105,9,27,24
770,2024-03,ЖК Авангард,0.24536082403433476,2.9726077611395176,3.2323191124887836,0.0057922272047832585,9.200672328755005,0.4431382457929628,0.0,26.31991796111728,0.0,0.0,0.25951586732924997,0.21246118179516393,3.5811834488767667,2.951284930224643,12.673173930129455,35.66851122465723,3.88238993196242,1.141997625711738,0.6496653911073242,0,33,10
771,2024-03,ЖК Аристово,0.0,0.0,0.0,0.0,3.440699570500349,0.0,0.0,35.39654685951323,0.0,0.0,0.0,0.0,0.0,3.5952016647285636,19.868936683557187,65.1309667376684,-1.5083010408281532,-2.7779453013709343,0.8887195497478437,4,1,11
772,2024-03,ЖК Бобров,0.0,1.6650215125062378,2.088611330314051,0.0005477542077482323,3.8322665179564885,0.0,0.0,20.92993972398833,0.0,0.0,0.0,0.19191231934548558,2.4640009394017777,5.070012956475838,9.108233575076055,28.52480565518021,-0.9625756797276055,-0.019799917361087632,0.2644043445450431,1,30,3
773,2024-03,ЖК Бобров 2,0.0,1.7741010390236298,2.433428407372672,0.00995,3.6545808938764774,0.0,0.0,23.769834331090557,0.0,0.0,0.0,0.20684426514975623,2.887877240198759,3.218954093705632,9.762671003608903,30.223761330114534,-0.6646160551266922,0.35840136211082624,0.21875717799789715,1,30,3
774,2024-03,ЖК Богданино,0.09719730753050064,4.877831843760344,0.0,0.0,4.848575567644276,0.2258058922245012,0.0,36.32079398350655,0.0,0.0,0.18281720073053295,0.2786272743649793,1.4200140515222481,3.5593989324135666,20.067544877602987,50.420163911916156,2.0467846722175165,-1.4126840741279236,0.34019174533483665,5,19,21
775,2024-03,ЖК Бодеевка,0.0,1.81592452001391,1.9455152210971487,0.006490003173595684,3.7073449739239646,0.0,0.0,22.964693696125178,0.0,0.0,0.0,0.18587715632070967,2.4416477507105565,5.376163496560097,9.61610720635094,29.989667726720572,-0.8595069410324486,-0.14463226414984443,0.2766695636795875,1,30,3
776,2024-03,ЖК Болдасовка,0.0,0.0,0.06385780118499013,0.02903225806451613,0.2837669949555609,0.0,0.07419354838709677,33.94088935763165,0.0,0.0,0.008088409614751399,0.24825191908713695,1.89071205136648,4.081632653061225,16.175427386567865,42.09508407680033,-0.09153044363738659,-1.715102719907493,0.10818276794847173,9,8,-1
777,2024-03,ЖК Борково,0.05165096905376768,4.254742366395841,1.2034454987688428,0.0,1.923479490721278,0.048361708063085956,0.0,17.562480177080744,0.0,0.0,0.11457711677548324,0.046271738291136524,0.9689250752850537,2.874348138032044,13.465469604624419,37.80243948472114,-1.37703893194227,-1.902230546373974,0.5715419742656787,9,32,8
778,2024-03,ЖК Бортниково,0.0,1.7480885071181553,5.9077664754528305,0.028347529812606475,3.2975210807959825,0.0,0.004740715502555366,30.374815748078383,0.0,0.0,0.0,0.20399334690949483,2.8929749755611023,4.064523016897499,11.07912832989909,29.62189006587718,-0.5185251876410354,1.5005579852055755,0.17021920113458733,1,17,19
779,2024-03,ЖК Бушовка,0.10481347962382445,0.0,1.225974174380071,0.04370929036681522,6.720636805400507,0.2230999401854252,0.0,37.43949612822313,0.0,0.0,0.19223753452536707,0.3015428968675881,1.300953054714975,4.011802141441151,18.269938238979748,44.36189042501009,2.7881678307170836,-0.9168615276076872,0.09964932648641779,5,-1,-1
780,2024-03,ЖК Верхний Икорец,0.0,1.2350255357311433,3.0859376006399932,0.0,6.752774915779745,0.0,0.0,29.890877212546023,0.0,0.0,0.0,0.18462053180091556,3.485538754956103,0.0,16.492720680553916,49.59083338431187,-0.09141675234403909,1.4360888915927856,0.18327822143957392,1,7,26
781,2024-03,ЖК Волчанское,0.0,0.0,3.051922518897167,0.005137614678899082,5.517679478120677,0.0,0.011987767584097858,22.936250287160192,0.0,0.0,0.0,0.2031624449339207,2.8995960600005146,2.3934178581062855,15.80971217327778,44.459519106607736,-0.5051871211776865,0.877451588500803,0.1651552168517773,1,10,20
782,2024-03,ЖК Высокое,0.0,1.074326409495549,2.544331659066093,0.015415182241710058,5.331302421432251,0.0,0.0,24.79441279803527,0.0,0.0,0.0,0.22565171898355754,3.482041109254016,2.3713170133740475,9.865134916475213,30.434640881331543,-0.15839141178466348,1.0346321062022492,0.412794666703883,1,30,3
783,2024-03,ЖК Гусево,0.0,1.5641760667903524,2.048741022983601,0.0633950302824475,3.2745948448008377,0.25940198516223706,0.0018112865794985,21.983813422209085,0.0,0.0,0.0,0.20825986530033008,2.4905750004687177,5.415986947016461,12.630866032225319,31.69867795515901,0.6267389203530982,-0.4124344212461989,0.17110858325917502,2,21,22
784,2024-03,ЖК Детчинское,0.21657349724965208,0.672899167361895,1.8958956819153485,0.040713384975680056,4.652711966444609,0.20122932823043607,0.00234192037470726,25.687553804697224,0.0,0.0,0.22521514184073702,0.18394946150037136,2.7313116391043266,3.6069858938117494,11.148923295414065,36.38543484998381,2.210273144211326,-0.5405849162135581,0.24145863413931326,0,31,5
785,2024-03,ЖК Добрино,0.0,1.7253456672264267,2.0852595131458305,0.005271666549518521,4.364077798236804,0.0,0.0,22.881976894415498,0.0,0.0,0.0,0.19536682574828643,2.5729066377738077,3.55705353653771,9.52494818151761,29.794761542332015,-0.7410541150541776,0.1587956321557152,0.05333971701751607,1,30,3
786,2024-03,ЖК Елбань,0.013842801744801432,4.291940730874237,1.9652945436986964,0.0,1.4684310276262824,0.1534411879285962,0.0,23.202051709566483,0.0,0.0,0.04127254635385455,0.049300399683672814,0.5460832923675379,0.9990449915110357,13.296755843047267,37.98870268731635,-1.366687443425102,-1.8706484520337912,0.19869916935243637,9,32,8
787,2024-03,ЖК Залужное,0.0,12.638129971675909,3.2503337624843947,0.009178033022254128,5.98030066072545,0.0,0.012237377363005503,22.956742461239156,0.0,0.0,0.0,0.17636276521435432,2.9150537589581718,3.1695104547992803,11.641124041876752,30.86276451177488,-0.7246734128620116,1.4472164251553081,1.800674575194239,1,17,19
788,2024-03,ЖК Зимитицы,0.16330623100303954,3.1308982181040625,2.9427534444088437,0.010100638977635782,6.450535199525732,0.15885663162603444,0.0,24.408538624008862,0.0,0.0,0.1969030403998334,0.19212511055720832,2.448001641805047,6.922790202342918,11.86823905310213,34.361845661962825,1.5308824041675908,0.2086974321593136,0.39736016459453133,0,33,10
789,2024-03,ЖК Колыбелка,0.0,10.878501032801784,3.42156914332982,0.0019344153693275918,5.986798562296407,0.0,0.006481174781936624,20.347739413808675,0.0,0.0,0.0,0.18639540027442708,2.884273268026463,2.063675131366007,11.046711849093809,28.729972644972808,-0.8718317416943369,1.5037322415102319,1.8258160319013275,1,17,19
790,2024-03,ЖК Коршево,0.0,5.521474119367274,2.16813182001042,0.01279836180968836,3.8852987047032648,0.0,0.0,21.204205801832703,0.0,0.0,0.21354925326936472,0.20424715787788214,2.5338715091402007,3.2524933118285935,9.696492484644613,26.08182933546132,0.10564975609266658,-0.04273529729986421,0.44609037551497294,1,23,14
791,2024-03,ЖК Курочкино,0.0,0.0,0.0,0.0,6.829451677975427,0.23085896527285615,0.0,36.54406396718736,0.0,0.0,0.23213497157527968,0.26019303849754916,1.3198062125961811,0.0,24.61090937631912,74.93178807984222,2.214738939903769,-1.2934766655825825,0.23011583792154175,5,-1,-1
792,2024-03,ЖК Курская Васильевка,0.09073186585906337,1.736490211271016,2.9488081572059777,0.00510178309844926,4.485840849237824,0.0794725111291992,0.0,17.91849790193121,0.0,0.0,0.07053858470599061,0.2066104526218343,2.682671747787883,1.619858758909305,11.097869320391649,31.201050425418043,-0.038816816669140344,0.44465278521559864,0.16737418144529065,1,33,10
793,2024-03,ЖК Наратлы,0.19007029318262098,1.233663671579079,3.1905208916221635,0.03105283610823915,2.3540950556076643,0.20605431632913004,0.0,18.048358646810073,0.0,0.0,0.040917992250929694,0.228159232850177,2.9451285824730196,4.5849362780996525,11.99607533558708,34.2359962465199,0.7284880466391297,0.10075043479714763,0.5656380445065413,2,33,10
794,2024-03,ЖК Нестерово,0.2196284513077576,1.2574870408702545,2.879663255199736,0.04256736748593426,6.039329292579445,0.41743494409181126,0.0,22.877445429490816,0.0,0.0,0.22320712723167033,0.18759366191320068,3.6494675485674244,4.098857757208821,12.726778619286355,37.75235370804414,3.265864239124304,0.39811348368257665,0.7528434347927961,0,33,10
795,2024-03,ЖК Огнева Заимка,0.03279863532411052,1.9756765805015006,1.1403623504955864,0.0,0.9895717059893883,0.13342154258206956,0.0,21.14725421177807,0.0,0.0,0.10183723271694163,0.19789415383694212,1.3634920634920635,4.5120398223218325,13.504687223669501,36.36027288490569,-0.39110092490952136,-1.69948204213817,0.1807372781332201,9,32,8
796,2024-03,ЖК Озерки,0.0,1.226633774693331,2.382212090666073,0.04724781478856603,3.5866615054175686,0.0,0.0,25.765584757106076,0.0,0.0,0.0,0.2044326389175364,2.8013368117721282,4.141791168521067,10.329808873659372,31.046187030730728,-0.2966788812266569,0.16895901479474584,0.09094695452090636,1,30,3
797,2024-03,ЖК Пеньково,0.021014935592024,1.0849723579802115,2.188896327369232,0.0,1.3150184002964374,0.0,0.0,22.312416995598674,0.0,0.0,0.06958383885941244,0.09588117577908155,0.8930130835628218,1.5240345366014012,11.802564889742703,29.623751444461213,-1.5857578936756922,-1.5537286060439353,0.08868869832990674,9,13,18
798,2024-03,ЖК Песковатка,0.04550625711035267,5.135902777960635,2.171435057285261,0.00855402723602272,3.2079253499139817,0.0,0.0,24.693255905091025,0.0,0.0,0.18924503121188205,0.20756997472928318,2.3892652850373826,2.623835539679204,10.899975665874104,29.978397534860008,0.15406773326708026,-0.23559421003998243,0.10951936654803027,1,14,15
799,2024-03,ЖК Петровское,0.0,14.754108349494745,2.470512076882372,0.011099202095986662,5.213884268541746,0.0,0.011087293080862213,22.84186007740399,0.0,0.0,0.0,0.20421942121412673,2.4335753156934934,3.3407749550936616,11.646896035513338,30.74286668878306,-0.7905299116218225,0.9140524936850353,1.6614930082566626,1,17,19
800,2024-03,ЖК Петропавловка,0.0,1.8538940402438941,2.4694494833093255,0.004990684056428001,5.029559786010711,0.0,0.0,27.076860977723758,0.0,0.0,0.008459842655831244,0.18556244423600465,2.9906551566111417,5.411565078520096,7.765859464516278,22.38497799842127,-0.40233657798051053,0.5363819622632109,0.17717890189603974,1,23,14
801,2024-03,ЖК Плеханово,0.13968581477139508,4.371667991934256,1.885188263830581,0.029217391304347827,2.3763406165906167,0.0,0.0,20.219404401154403,0.0,0.0,0.10424050025698132,0.22219545700580473,1.7632126116773625,3.478873837586505,11.608567150904266,32.16799791619112,-0.12224864419723583,-0.7626453713763016,0.2725992516090777,9,14,15
802,2024-03,ЖК Подболотье,0.20193653654088323,0.6361778287806957,0.9731465265615878,0.03210741389375365,5.732941357990184,0.18562644077613671,0.333057168784029,34.27171502212294,0.0,0.0,0.2094637884610959,0.23000649727221958,2.7351652772574,1.7857788939376205,12.798998779209263,42.66927602305205,3.6793878671250666,-0.4496214770159936,1.0552761152975028,8,31,5
803,2024-03,ЖК Семено-Макарово,0.0,3.4935219053030506,1.2202874272615059,0.005774995591606419,5.392426402693728,0.0,0.0,18.453065374333903,0.0,0.0,0.0,0.211962572274413,3.4467820963091804,4.0350831147769455,9.774640248616409,30.227532626907074,-0.5021461640074949,0.6067096187098812,0.16757050231592274,1,30,3
804,2024-03,ЖК Старая Чигла,0.0,3.206624018167802,2.4949754295927673,0.0,4.338346006266304,0.0,0.0,25.87590069028294,0.0,0.0,0.07749726775956285,0.2142596616002294,2.627447009158252,2.51276920073101,10.578460174473662,31.29528959720298,-0.27866913432899,0.34326112361638506,0.09973164531911397,1,20,17
805,2024-03,ЖК Старое Резяпкино,0.0,1.551297443531992,3.6081966117552713,0.029688385269121813,2.3129879660736905,0.0,0.0,27.0936891985188,0.0,0.0,0.0,0.16116178100751324,1.596123481455225,6.064815864022663,10.21455785037807,30.690739371399246,-1.068670201085135,-0.3630348258109885,0.12542090183017826,1,30,3
806,2024-03,ЖК Сугоново,0.0,0.5305466237942122,11.201812044768165,0.0,5.419320568858079,0.0,0.0,36.34868043785761,0.0,0.0,0.0,0.0,1.189710610932476,3.452764757810701,14.366242266969065,45.51774061858755,-1.7847583253060668,2.3976508225937256,4.683139154116377,4,5,28
807,2024-03,ЖК Уланово,0.0,1.6188600649031368,2.0117334689725332,0.04793001007049345,2.8851934860455866,0.18928368780563531,0.0,23.42827108866537,0.0,0.0,0.12750455373406194,0.20982377316048068,3.0295365626248723,4.1461409205409225,11.089205889862425,30.201376695787562,0.9341735718135413,-0.2821434625775009,0.35654116577628925,2,26,4
808,2024-03,ЖК Шацк,0.0,2.503029043307308,2.0985246093408993,0.0410652243991547,8.469213927348857,0.0,0.0,22.114821322283305,0.0,0.0,0.21497067273162557,0.22586784689307302,2.5975974809698505,5.336258461979297,9.935268534752373,27.532443819140976,1.1133760602011347,0.6068776218184231,0.2475514221170525,0,23,14
809,2024-03,ЖК Щучье,0.0,37.66720867208672,3.590222924735685,0.004265298437205799,6.057123282254079,0.0,0.00840086612690642,24.49403905583893,0.0,0.0,0.0,0.18641478827110547,2.846726510583313,1.9493504278922347,11.762748902042885,30.940122655761453,-1.1016412165154705,2.5886108137164032,0.23992782442280008,3,17,19
810,2024-03,МТФ Каширинское,0.0,0.0,2.602890833016356,0.0,1.8601694915254237,0.0,0.024867509172441907,35.873887357227254,0.0,0.0,0.02666666666666667,0.35165904446823004,5.956572988398784,0.0,21.046091550994642,62.61299499559644,1.0178324164555617,2.008515288126609,1.1956459038700613,1,-1,-1
811,2024-03,МТФ Щучье,0.0,0.0,4.214069558352704,0.009197589597209007,2.8020613293502614,0.0,0.008246114811290834,23.743741494114012,0.0,0.0,0.0,0.1813110065851364,2.19879557295588,5.295274341896606,15.811394144967919,44.62606450916927,-1.1047430940782235,0.32720536259268285,0.1513848257719744,1,10,20
812,2024-03,РМ Кольцово,0.0,0.9456962604953592,0.800551649071885,0.033026087548042586,0.96242154957434,0.0,0.0028230332301622395,15.166709824434202,0.0,0.0,0.0,0.14968075202755313,0.8312755709772645,5.769327573892045,10.534704394449879,28.24370963089068,-1.7306448655260016,-2.0248377525099612,0.248458217266562,9,17,19
813,2024-03,РМ Пеньково,0.0,2.4474713301250346,0.9032972196681659,0.0,0.0,0.0,0.0,13.339936729216669,0.0,0.0,0.0,0.1806942082459571,1.509200695470593,6.969312745517483,16.259111056210713,47.916808287781244,-1.95792610921329,-1.6329730616905958,0.08800345713264608,9,4,25
814,2024-04,ЖК Авангард,0.24044162883664205,2.8318388979458753,3.2665983081261216,0.006726013847675569,8.18177350211711,0.4114527286319462,0.3961223104626466,26.596022441613286,0.0,0.0,0.2552685515731353,0.21042101991067194,3.376603849192911,3.197270852878465,12.887757255687173,41.311991769314986,4.715234540304486,0.9868243780418784,0.8471770053754181,8,31,5
815,2024-04,ЖК Аристово,0.0,0.0,6.075829031898697,0.0,5.8111577836411605,0.0,0.0,33.01564705160459,0.0,0.0,0.0,0.0,0.0,3.6741198147502616,19.46234872141563,60.8039210633787,-1.7656388545075303,-0.08184401572958389,2.70835464678949,4,2,27
816,2024-04,ЖК Бобров,0.0,0.9731054257561291,2.1940908033910915,0.0008015630479434898,4.062611034032965,0.0,0.0,21.62978122785348,0.0,0.0,0.0,0.19228792103953807,2.5595297699799544,3.960448893786064,8.9711880864128,28.397145059728757,-0.8793215237351392,0.10634275915643958,0.15113976753000324,1,30,3
817,2024-04,ЖК Бобров 2,0.0,0.9304413058627268,2.1470391266996476,0.00838995264566605,3.7056055625348967,0.0,0.0,22.55342078444884,0.0,0.0,0.0,0.19027150352532707,2.6786155036027566,2.2904788713171946,9.445074415338471,29.378723595789566,-0.8057152355609177,0.10721470408500862,0.28810365476576166,1,30,3
818,2024-04,ЖК Богданино,0.0974098021168891,5.327453278632943,0.0,0.0,4.3765049518327865,0.2408030494956603,0.0,34.99049976697219,0.0,0.0,0.18611458528365474,0.2762030895047705,1.3524761472058155,2.666806909713874,20.108447556156385,50.33315654847854,1.9681689508390199,-1.5075247817047095,0.1231876270634629,5,19,21
819,2024-04,ЖК Бодеевка,0.0,1.1315883517698342,2.179567306259027,0.005843429130222198,3.874978768948277,0.0,0.0,21.948864964333264,0.0,0.0,0.0,0.1909966058517766,2.5853133946000164,2.8678582590099397,9.399361785811358,29.412876063421002,-0.853294131564829,0.10256737600595955,0.24727770035860475,1,30,3
820,2024-04,ЖК Болдасовка,0.0,0.0,0.2163265306122449,0.03,0.5525998565794191,0.0,0.08333333333333333,35.81055011142388,0.0,0.0,0.00847937472861485,0.2532126861003378,1.0854054266614235,4.081632653061225,16.112606979755558,39.465576278044104,-0.11506691905808965,-2.0368613166845853,0.3226182888107752,9,8,-1
821,2024-04,ЖК Борково,0.05265712532849856,4.890769066652015,1.232929520460768,0.0,1.9781700134604292,0.049531855985637495,0.0,18.716342224541933,0.0,0.0,0.11973216493146169,0.0471542089021967,0.9732256682141582,3.9248564290581096,13.503721403723738,37.86850345600838,-1.291747037694539,-1.894161518638809,0.08567272864194875,9,32,8
822,2024-04,ЖК Бортниково,0.09166666666666666,1.8201303905909687,4.873669926551619,0.03258547008547009,5.615875676916704,0.0,0.005132359924026591,26.020407696998845,0.0,0.0,0.18333333333333332,0.2001485801505849,2.9812831404556577,4.399707740171585,10.750093364555024,31.499827970988193,0.8046631708284708,1.259038230081921,1.3450498965109867,0,15,23
823,2024-04,ЖК Бушовка,0.10491965732808521,0.0,1.134003753067411,0.0379156040995044,5.120109763242697,0.21989689273169413,0.0,38.536701324674716,0.0,0.0,0.18540366526110932,0.2897418604651163,1.531791534883721,4.8453142993394325,18.220107155647344,43.9275060465075,2.5639873658392074,-1.1458371213805458,0.3204476609003315,5,-1,-1
824,2024-04,ЖК Верхний Икорец,0.0,1.313301941564562,3.0833008789011105,0.0,6.512926634916708,0.0,0.0,28.30483298711326,0.0,0.0,0.0,0.20899470899470898,3.4000221059984925,1.4331210191082802,10.595748645277153,35.30397188276612,-0.1113301316768819,1.387489851717689,0.05252056124257358,1,28,24
825,2024-04,ЖК Волчанское,0.0,0.0,3.2942252474953353,0.008661812703991965,6.320788130010565,0.0,0.01267888526236505,23.366878456488383,0.0,0.0,0.0,0.19790481719309053,2.6738302164589256,3.8648212712784478,16.004544340031703,45.13443523738469,-0.4387240106978818,0.9325843890602159,0.08635375355000341,1,10,20
826,2024-04,ЖК Высокое,0.0,1.1265275882388104,2.6676896187566888,0.0017860970207901692,5.651325207092605,0.0,0.0,24.059379687570342,0.0,0.0,0.0,0.21147985305935024,3.649754618166539,3.370140116410488,9.301731189468333,29.464271703462586,-0.2829956262018238,1.1905417355220285,0.19958462557308523,1,30,3
827,2024-04,ЖК Гусево,0.0,1.6974654442473827,2.079908933847868,0.021696628677697772,4.981603179624665,0.29556748291571755,0.0014305469457822708,21.92067270297616,0.0,0.0,0.0,0.2090028283697436,2.0949181354835655,4.346838036059896,12.385298240006296,30.18585018688657,0.5460141441060036,-0.2550485764769578,0.17688073279436387,2,21,22
828,2024-04,ЖК Детчинское,0.20125023969319272,0.8993595106496783,1.8353990684455672,0.03487293637544055,4.390275598540265,0.2154391674550615,0.0005564830272676684,24.006267771179353,0.0,0.0,0.21293441673603822,0.1669654463183875,2.8823530097513475,3.8164990594585757,10.975427431534031,34.15791477740909,1.9752499226348483,-0.5362549481384562,0.23506310493932792,0,31,5
829,2024-04,ЖК Добрино,0.0,1.1668555569189905,2.0419536831559175,0.005203635606743912,4.533718292245093,0.0,0.0,23.310537322214465,0.0,0.0,0.0,0.19292398665539467,2.5755270061425737,3.665208270574828,9.415777752196377,29.5947569709788,-0.6978606536470763,0.14026314707801257,0.047001362868346955,1,30,3
830,2024-04,ЖК Елбань,0.013675720980805727,4.656631086889275,1.5120049890863736,0.0,1.5153869685139607,0.1637930972694273,0.0,22.530798760236394,0.0,0.0,0.03949123873852803,0.052364990572528976,0.5771980617834451,1.0690125531987917,13.300531814716763,37.63552053568158,-1.3110605371153687,-1.9970372190654708,0.13808864231854853,9,32,8
831,2024-04,ЖК Залужное,0.0,46.02508516568597,3.5651405633956004,0.006274368231046931,6.145456912528999,0.0,0.011608594386863865,22.474226138693066,0.0,0.0,0.0,0.18692865217277005,2.8358082195890204,3.9079930501930504,12.059908790334484,31.932062283186994,-1.2765294500621114,2.8831975986617904,1.5383715469480226,3,17,19
832,2024-04,ЖК Зимитицы,0.1637972972972973,3.2592850651373286,2.198149806103524,0.022725305216426194,6.15689075041054,0.15685881254999556,0.0,24.74220656155725,0.0,0.0,0.21955015565548253,0.18760945518527053,2.510363238512035,7.006104328523862,11.984815234522298,35.80600328765292,1.7565391627947102,-0.14599700975634974,0.4203916267481572,0,33,10
833,2024-04,ЖК Колыбелка,0.0,50.46881053855095,3.565389524222785,0.0013671140097830177,5.626384363844811,0.0,0.008027091433588361,19.276987047400784,0.0,0.0,0.0,0.18210106266192422,2.7825469563156324,5.749554242829544,11.784658040019396,30.78134041249123,-1.6255165091170087,2.9086228749170284,1.594289315174356,3,17,19
834,2024-04,ЖК Коршево,0.0,5.276256153199664,2.0308446802861866,0.010075228371843095,3.8247775435292835,0.0,0.0,20.23520024494467,0.0,0.0,0.12816219269703544,0.20667347344786915,2.504612206926402,4.0733848274641415,9.346141059523278,25.577220104557846,-0.3308579009980145,-0.010542287334114022,0.4376931854500941,1,23,14
835,2024-04,ЖК Курочкино,0.0,0.0,0.0,0.0,10.485726280436609,0.22894936708860758,0.0,31.142580671630824,0.0,0.0,0.1304911838790932,0.2510210893086374,0.9389326975976526,0.0,24.428862959853188,74.33875574250058,1.8461183277900066,-0.6947728785125203,0.7030841914928534,5,-1,-1
836,2024-04,ЖК Курская Васильевка,0.09866960276338516,1.7793208485862326,2.711589578259907,0.03319187632615944,3.8143481001991724,0.07239645043420491,0.0,18.68513452455886,0.0,0.0,0.07533352982519781,0.21174989659071064,2.4129198927187256,2.083726880735394,11.307154571841783,33.69441974679003,0.13313273881417684,0.05162379792520591,0.4289970098746867,1,33,10
837,2024-04,ЖК Наратлы,0.15919189713731197,1.1817994963057248,3.0801403961852265,0.037382708615585326,3.2515254212164635,0.17197001241369236,0.0,17.415222424872717,0.0,0.0,0.05222475831274115,0.23212848383246626,2.782789472137685,3.7779351639751626,11.863527243145995,34.351672561739676,0.6689225607441763,0.1855738220029788,0.10364870538010716,2,33,10
838,2024-04,ЖК Нестерово,0.21738618861955572,1.4304313791713423,2.7742927579389294,0.06665662423740303,5.645036090443203,0.40507767790879856,0.65249092171498,22.987057099281294,0.0,0.0,0.2471485516976789,0.18290926733387655,3.6299629061221905,3.2090358504482603,13.308135273966986,44.29593393394893,5.346984591803665,0.40786851949594766,2.0811432154131024,8,31,5
839,2024-04,ЖК Огнева Заимка,0.02027636886271964,2.900111923505182,0.9171420068659857,0.0,0.8513714729428233,0.13285290217517737,0.0,24.089735157670013,0.0,0.0,0.09411210378971498,0.16473275685016395,0.9358184002653364,2.149235971240292,13.390497675947623,36.98246143190419,-0.5884703838037417,-2.023244800109423,0.37917941235429653,9,32,8
840,2024-04,ЖК Озерки,0.0,1.3791534096931681,2.3480683867647576,0.05787037037037037,3.7149034252380715,0.0,0.0,25.530363908875554,0.0,0.0,0.0,0.19324445753911318,2.7166862582744806,4.437556483928724,10.451775982308051,31.225343555830705,-0.26643305324929245,0.09191239840965292,0.08277071466665002,1,30,3
841,2024-04,ЖК Пеньково,0.03107112716213648,2.8866225198122373,2.9859662333036514,0.0,1.1555697414165285,0.0,0.0,25.24390217069665,0.0,0.0,0.10889537384742863,0.14846360162332023,1.3669130070901827,1.9100632607840693,12.406880302330896,32.03543356404187,-1.0429073610504218,-0.9206180390564475,0.8339758334644704,9,13,18
842,2024-04,ЖК Песковатка,0.03898635477582846,4.925695897827784,2.314877913169443,0.00341740140796938,3.4074829345450364,0.0,0.0,25.212710890202697,0.0,0.0,0.1895274682153508,0.2061091995110814,2.502370826183963,3.2401144352531546,10.686768142767232,28.39390584494229,0.1571550840497952,-0.10743429327033208,0.1281970982560028,1,14,15
843,2024-04,ЖК Петровское,0.0,54.721412964311725,2.5763457477130216,0.011306268405553219,5.598627427404719,0.0,0.01046487168700042,23.161793306925844,0.0,0.0,0.0,0.20026069810370867,2.3701151327619274,2.987564157706093,12.148591379783346,31.778552952680258,-1.4005194825285836,2.5590283009231554,1.7544322965032646,3,17,19
844,2024-04,ЖК Петропавловка,0.0,0.8691627309716675,2.3688670420276674,0.0033458244111349037,5.455683089282083,0.0,0.0,28.3979965709807,0.0,0.0,0.012699070933490635,0.19522835936731417,3.067855447242089,5.278506423982869,7.629063237119219,21.947574545158876,-0.207635891434148,0.590622779740272,0.2021148772906259,1,23,14
845,2024-04,ЖК Плеханово,0.13170450160771704,4.423369005413438,1.823535085703782,0.0291005291005291,2.32193469830453,0.0,0.0,20.043936857291953,0.0,0.0,0.12031739953713444,0.1958040383438711,1.6716551912568305,3.785454857874306,11.627441764769607,32.334824351397984,-0.2077579219839626,-0.9328837995807444,0.19050711016948113,9,14,15
846,2024-04,ЖК Подболотье,0.2032061758147706,2.308873377591711,0.9465579710144928,0.03558488612836439,5.144695672467827,0.18446870574054544,0.4315602658642241,31.27494818625258,0.0,0.0,0.20723448159595395,0.2302338975717917,2.6040460803596517,2.1477720339596496,12.830515474729395,42.26514420254503,3.7261450151370044,-0.5308966850892807,0.09376508058742533,8,31,5
847,2024-04,ЖК Семено-Макарово,0.0,1.797272211855104,1.9013299683210139,0.003801647307286167,5.685128322606451,0.0,0.0,19.627226198056146,0.0,0.0,0.0,0.22341059602649008,3.6573034472362855,3.4144501751225858,9.52516427256792,29.896238435643113,-0.3636643534317104,0.9957280569438987,0.41293166159351546,1,30,3
848,2024-04,ЖК Старая Чигла,0.0,2.4987513081074,2.639482391242421,0.0,4.436616290340973,0.0,0.0,24.95286991245748,0.0,0.0,0.0653888141295206,0.19890331897220467,2.664663809345985,3.708119896125577,10.460371249020694,31.26780288001648,-0.4067806000224429,0.36193624868807195,0.12946547006274647,1,20,17
849,2024-04,ЖК Старое Резяпкино,0.0,1.4804485924614301,3.825172905408735,0.023372477482613157,1.8575768345102854,0.0,0.0,23.974556135941786,0.0,0.0,0.0,0.1790588173141267,1.9155538527242562,4.216797519298014,10.067108992975463,30.32227777456632,-1.1948514581756726,-0.07686413085802672,0.31275449843417036,1,30,3
850,2024-04,ЖК Сугоново,0.0,0.8008429926238145,7.153985477053141,0.0,5.782302257721507,0.0,0.0,34.95512996117609,0.0,0.0,0.0,0.0,1.9441517386722866,2.525773178132264,14.33324949275124,45.66137780352514,-1.337897926849795,1.3924379420783846,1.1000623395346498,4,5,28
851,2024-04,ЖК Уланово,0.0,2.2134907921716,1.8964431395691945,0.051489189547685374,2.8797486592480706,0.25945681386630315,0.014427071616047994,23.151627411207006,0.0,0.0,0.1546134663341646,0.2251170087145455,3.271085553040769,3.63902395134705,11.121998950680403,33.944448306613324,1.5024530517821275,-0.2253294487358186,0.5711124228399953,2,25,13
852,2024-04,ЖК Шацк,0.0,2.4838559467224277,2.1372895046275224,0.03066890702512402,7.48760886546337,0.09707107014848951,0.0,23.90892553343873,0.0,0.0,0.20055279294414113,0.21646978740275608,2.5860134128166914,4.360069006701613,10.74510441030885,29.338468282762907,1.2584998698516623,0.3785732527426566,0.27052505441560565,0,26,4
853,2024-04,ЖК Щучье,0.0,36.02235401459854,3.508185880933226,0.00775673707210488,6.1905385239760236,0.0,0.009176984705025492,24.310991989175392,0.0,0.0,0.0,0.21185767833237715,3.0309171930941208,2.081651538046411,11.888534823728358,31.712913403600794,-0.8895077523326685,2.671559868182723,0.22777434505021102,3,17,19
854,2024-04,МТФ Каширинское,0.0,0.0,2.4026143790849672,0.0,2.0753788624286558,0.0,0.018145161290322582,32.24139300321646,0.0,0.0,0.02666666666666667,0.15278342137342543,5.39156158489213,0.0,20.78022793681571,61.666003442082896,-0.01800869399822789,1.1939867280403798,1.3177342605025815,1,-1,-1
855,2024-04,МТФ Щучье,0.0,0.0,4.311206472665504,0.002344273275284662,2.8697965200262643,0.0,0.008037508372404554,22.580277739686892,0.0,0.0,0.0,0.20776035597669504,2.13701279853731,6.239785666443402,15.57305196568346,43.98375908937133,-1.1183507424415327,0.4026390395761231,0.07665120819153133,1,10,20
856,2024-04,РМ Кольцово,0.0,1.0101223455245585,0.8514782773278234,0.027166355774122436,1.1480897672901262,0.0,0.003154146176021706,14.120408543867708,0.0,0.0,0.0,0.1448634856000145,1.087546267124213,5.521349838901136,10.50549563048094,27.787971096289677,-1.7659341615609274,-1.8264551426233306,0.20149688414482167,9,17,19
857,2024-04,РМ Пеньково,0.0,3.9936159494080723,0.7869857074829032,0.0,0.0,0.0,0.0,10.208897267822836,0.0,0.0,0.0,0.1775882845367906,1.4928522427602449,8.512178576728212,16.402920876233843,48.136278817972396,-2.1207952993298904,-1.6492575219950312,0.1636812656862234,9,4,25
858,2024-05,ЖК Авангард,0.23274982813369563,2.5864874122281214,3.0722540743836184,0.0055288032816122705,7.4722018125312415,0.263434123910939,0.7568208714007718,30.00491131455727,0.0,0.0,0.23125475321227065,0.2017474847015815,3.269279761904762,1.684665282823041,13.154046831867166,42.00267561757017,5.054762782811145,0.9821617086957952,0.3395602567219718,8,31,5
859,2024-05,ЖК Аристово,0.0,0.0,7.061626164090719,0.0,6.437717748793312,0.0,0.0,31.989244607332353,0.0,0.0,0.0,0.0,0.0,3.8743273459960195,19.545854436016374,60.99979801055721,-1.8045377226405042,0.39753499671618947,0.48095463353159557,4,2,27
860,2024-05,ЖК Бобров,0.0,1.0318230395686774,2.294971828606567,0.001957481677061046,4.913812003152016,0.0,0.0,23.069162232686782,0.0,0.0,0.0,0.19774067687001512,2.487344119235448,2.3180177025428432,9.114461128959777,28.80515449746389,-0.711069784720007,0.2999989640150404,0.2565372748000814,1,30,3
861,2024-05,ЖК Бобров 2,0.0,0.9242447944271976,2.306078879663924,0.006752520136979694,4.536186026992547,0.0,0.0,21.71711726686678,0.0,0.0,0.0,0.18895931941653643,2.436995425863162,2.5947613991399483,9.409550473694338,29.39896344857356,-0.8224703274172496,0.1806412411247669,0.07531393924609914,1,30,3
862,2024-05,ЖК Богданино,0.10219080996884734,9.265902652125417,0.0,0.0,5.442539515913346,0.23437147983595352,0.0,34.819037309377634,0.0,0.0,0.19542303126236643,0.2601709777547853,1.057941024314537,3.311394310268188,20.22726763884562,51.38074859608486,1.9363562058338366,-1.386839567200804,0.12480773912149232,5,19,21
863,2024-05,ЖК Бодеевка,0.0,1.0573221847930703,1.9351363942674873,0.002827396681111933,3.786839204255078,0.0,0.0,20.810304780415876,0.0,0.0,0.0,0.1918662058392951,2.37127382919187,2.704402496683992,9.121220073978748,28.7674777390329,-0.9657158448330609,-0.10288444413678813,0.23419883008702774,1,30,3
864,2024-05,ЖК Болдасовка,0.0,0.0,0.39433838051349573,0.0,0.40898551401869165,0.0,0.07580645161290323,32.70878874685559,0.0,0.0,0.005932790886899918,0.24483081733879666,0.8966903709294803,4.081632653061225,16.294086987209017,43.451767248229814,-0.6338394581660697,-2.0549579265916096,0.5190880798310318,9,-1,-1
865,2024-05,ЖК Борково,0.05054540036421831,5.743078959179093,1.2210694332542353,0.0,1.9563844223668374,0.04489571264564997,0.0,19.86042167322875,0.0,0.0,0.10941141217372109,0.0447221676507919,0.9582253297279401,4.91648052010479,13.444516256706253,37.65872704760069,-1.3365202376316943,-1.8941538788291516,0.04477320058895911,9,32,8
866,2024-05,ЖК Бортниково,0.1455290820642978,1.7679191757064643,4.663278822731725,0.023834241716411454,6.70449684531006,0.0,0.005104680335669176,26.015242340882725,0.0,0.0,0.22603336505922167,0.19172076187108308,2.934544647739009,5.623096894421176,11.004008482308924,31.508499602557425,1.2063100596653893,1.213210235191421,0.4042529263073548,0,15,23
867,2024-05,ЖК Бушовка,0.10076944971537002,0.0,1.105255878284924,0.03135085292761641,5.565710769945898,0.17991319480596749,0.0,38.00324198942338,0.0,0.0,0.18981509539842872,0.2751858302930446,1.4708482993997882,3.638464301004861,18.10593436815336,43.53942089853007,2.319051688245987,-1.0739763616246563,0.25525958346503613,5,-1,-1
868,2024-05,ЖК Верхний Икорец,0.0,1.2392698261883044,3.1625951677506348,0.0,7.354769840931382,0.0,0.0,26.4007987012987,0.0,0.0,0.0,0.22875341219290263,3.4065635607290434,1.9781543757447373,10.654092271912047,35.613870991878485,-0.014413226456007207,1.6137345987781089,0.2461291776487001,1,28,24
869,2024-05,ЖК Волчанское,0.0,0.0,3.5195009967590045,0.005979073243647235,6.299777143355815,0.0,0.008623663332183512,23.452579764981976,0.0,0.0,0.0,0.1936625739758666,2.9405039838926683,4.610742627345844,15.801712369572186,44.88320982854128,-0.44007061620981325,1.1274056393752707,0.19482590413167855,1,10,20
870,2024-05,ЖК Высокое,0.0,1.2266962962962962,2.7598854097364844,0.003278688524590164,5.81165921010567,0.0,0.0,24.28615621392005,0.0,0.0,0.0,0.21966303385327976,3.823200108920597,4.727160302762516,9.531451081210221,30.142235906947622,-0.17224953512967686,1.332938042625097,0.1803923639302719,1,30,3
871,2024-05,ЖК Гусево,0.0,1.7381092734188133,1.9795747162723154,0.04438513652227469,5.1892170821558095,0.38091997915964326,0.00303839047423527,20.985490657201495,0.0,0.0,0.0,0.20703377377792723,2.053856849191206,4.216189571745128,12.906034100276713,32.411786872432444,1.044981194225888,-0.37842794132388036,0.5139947322447666,2,21,22
872,2024-05,ЖК Детчинское,0.19726166804750067,0.8594399044946851,2.8273998549578057,0.01910936700221805,4.985250978279812,0.20492014662212324,0.0,25.953968387748233,0.0,0.0,0.19943797567527233,0.1769781360693783,2.9205065963416605,4.230044620723847,12.201215817359238,35.685577862115686,1.8684347856973977,0.011298076382213394,0.5578743479859056,0,33,10
873,2024-05,ЖК Добрино,0.0,1.0264243506321749,1.9078127258083075,0.005362888809438684,4.264871205750556,0.0,0.0,22.200649989253307,0.0,0.0,0.0,0.17627294207251107,2.259173892452906,3.5566764435294496,9.329889640389613,29.293424799454417,-0.9039204438545269,-0.1622662764095646,0.36603919081986885,1,30,3
874,2024-05,ЖК Елбань,0.06666995755384374,4.204048673693173,2.989067617029474,0.0,1.3945862259063218,0.16037340949713855,0.0,19.226709318545492,0.0,0.0,0.252822678591145,0.19042909798653093,1.8837045419314833,1.2145043079503741,14.331838288302144,41.09133293472518,0.36919248217883166,-0.7623052033501873,2.0851410886267634,0,32,8
875,2024-05,ЖК Залужное,0.0,45.81570996978852,3.4958423436100805,0.007263417846559105,6.2182140966335995,0.0,0.011076500932938207,22.91786558688413,0.0,0.0,0.0,0.19216435245654576,2.680511476500499,3.9713610156126795,12.059049030255037,31.973502723166,-1.247904821978782,2.7868539325031576,0.10050607614365914,3,17,19
876,2024-05,ЖК Зимитицы,0.1762467042596967,3.2942724169757764,2.2217250722261266,0.026962659554200796,6.416774337712686,0.16630386762683064,0.0,22.092193110774428,0.0,0.0,0.28898077204483597,0.18837538934341125,2.459055335873655,5.5361159804552855,12.195146676327468,36.78600672076557,2.0774336577403245,-0.18394843145136813,0.3231309135552864,0,33,10
877,2024-05,ЖК Колыбелка,0.0,54.14004914004914,3.348064023328129,0.0019071837253655435,5.514011259294541,0.0,0.006569993642720916,18.631556833687085,0.0,0.0,0.0,0.1999313394337653,2.836380766016429,7.574973649109746,11.768325078705123,31.25559609115866,-1.6208138763057778,2.984524438799048,0.07604710484360065,3,17,19
878,2024-05,ЖК Коршево,0.0,5.059315463603021,2.094399762091094,0.012786906208042964,3.587594969311003,0.0,0.0,20.039968215219336,0.0,0.0,0.16644645215094864,0.20588194879069832,2.37708069362945,3.4286911101097353,9.53147024365388,25.756397713414664,-0.21097270250177713,-0.1483514351874876,0.18265766354181587,1,23,14
879,2024-05,ЖК Курочкино,0.0,4.279176741299963,0.0,0.0,8.18049254698639,0.0,0.0,33.44273213057382,0.0,0.0,0.1097747893713545,0.24859410614336772,1.6727358554184368,3.527820710973725,16.303361925775793,47.3703129291537,0.7671435740873337,-0.41237225452256276,1.115319071637198,5,-1,-1
880,2024-05,ЖК Курская Васильевка,0.0635100359180224,2.1024347328572657,2.911333364226796,0.08061562824763696,2.682619705696154,0.1536041475359657,0.0,20.47090232209673,0.0,0.0,0.0575670266476488,0.209345117814744,1.8514658259345966,2.401038371763269,11.632007530341108,35.33626833830883,0.4299146764850097,-0.47265036600572913,0.602447439610407,2,33,10
881,2024-05,ЖК Наратлы,0.1545160962385632,1.2917394236616515,2.9484794445120643,0.020790565625682465,3.247626203481174,0.17317008662401154,0.0,19.10289272809306,0.0,0.0,0.04459122572002679,0.23638139389996976,2.4972996567852217,5.728901743058358,11.682024166231662,32.99068796735415,0.5325859653094293,-0.024244635742842705,0.25022280564643384,2,33,10
882,2024-05,ЖК Нестерово,0.2159518417676781,1.290671091767505,2.592639562352356,0.020303194369247428,6.087092191598639,0.34019863163656267,0.81965489299813,23.896958243632966,0.0,0.0,0.24452641565964245,0.181735516854201,3.764410626244517,2.7044550500440128,13.288279296867687,42.955201372116335,5.322020451172851,0.6538540931682364,0.24724908649440955,8,31,5
883,2024-05,ЖК Огнева Заимка,0.011059230333085774,4.305784973814959,0.5519279183753721,0.0,0.8874656934720105,0.14586879711938786,0.0,21.31577633711507,0.0,0.0,0.057534121868192484,0.10443267093578582,0.5608713638053832,3.07636246372138,13.190637219874139,36.79605638048081,-1.1578002984367013,-2.4064212665536466,0.6862658057434118,9,32,8
884,2024-05,ЖК Озерки,0.0,1.9548758024868143,2.3850616969273744,0.0472411186696901,3.9664339841142855,0.0,0.0,24.761599442969104,0.0,0.0,0.0,0.18114604274701598,2.62347913794292,5.307075764958917,10.463693449799816,31.38298093256416,-0.430800550529862,0.09059637274409088,0.16437276564513495,1,30,3
885,2024-05,ЖК Пеньково,0.10967783050847459,5.006693010808564,3.2882917873031565,0.0,1.0265901047787727,0.0,0.0,25.0448023109578,0.0,0.0,0.20900990365053165,0.23765503852361664,1.8293846575509334,1.8903018153577322,13.518993691948484,35.821695579501906,0.01946687185267475,-0.46438553299203517,1.1561951004593718,1,13,18
886,2024-05,ЖК Песковатка,0.0,6.329906531671858,2.277226365155701,0.0064263222157959,3.3426575040955746,0.0,0.0,23.54992128173355,0.0,0.0,0.10891779247802727,0.2016510656847225,2.333031582626378,3.490316559497838,9.209299220401592,24.80339546876354,-0.4571926788891985,-0.03958082956862411,0.6180835431917477,1,23,14
887,2024-05,ЖК Петровское,0.0,48.433590630822465,2.688124376258217,0.0060151123483793995,5.112676101702146,0.0,0.011001436368859524,22.045748944736218,0.0,0.0,0.0,0.194581499144045,2.549687561312848,2.552427354544302,11.998126335547612,31.114440675010286,-1.443168412091449,2.3735983513053216,0.19027137832088833,3,17,19
888,2024-05,ЖК Петропавловка,0.0,0.7479285806684414,2.2735530378287034,0.002275382817784884,6.066255291434023,0.0,0.0,26.670842676211954,0.0,0.0,0.013110055953975887,0.18637152159586085,2.892967063271027,4.883757498107274,7.519416124413433,21.614108580789576,-0.28107149464589476,0.5638734155888828,0.07815571829096533,1,23,14
889,2024-05,ЖК Плеханово,0.11550034270047978,4.896277587557345,1.755840187361067,0.014927706135209067,2.3840528747226144,0.0,0.0,19.42334076054065,0.0,0.0,0.09620334856703541,0.23071513456075293,1.8662244035740612,4.6834899398735,11.326912403771823,30.757907207033718,-0.31946552842255155,-0.6929372894768967,0.264675116033326,9,14,15
890,2024-05,ЖК Подболотье,0.19576194490694881,2.269967281044545,0.8948750142677776,0.03424266636228741,4.2074331127881734,0.1783115074381088,0.5395801333484009,30.67430007249327,0.0,0.0,0.20449526517109481,0.2186626577684584,2.465729411764706,1.973476505104701,12.996112553601677,42.74019863683596,3.7541349620254754,-0.7670556650896023,0.23781190248095604,8,31,5
891,2024-05,ЖК Семено-Макарово,0.0,1.8697737329248398,1.1195591726618705,0.022347437050359714,5.759288894074766,0.0,0.0,17.67303667950051,0.0,0.0,0.0,0.2177284811378953,3.4217818863824503,3.443518672973477,10.033796749174872,30.527793292864068,-0.3096669046403719,0.5680044273339505,0.4311185774270013,1,30,3
892,2024-05,ЖК Старая Чигла,0.028797344110854505,2.5739635902523323,2.6582697652933636,0.0,4.399396560614296,0.0,0.0,24.585876299181436,0.0,0.0,0.06549732246798604,0.19593977919430663,2.524475039066167,4.2689479727538115,12.136363020885275,31.532531077809907,-0.3820327046845478,0.25608721919341426,0.10870361249110501,1,13,18
893,2024-05,ЖК Старое Резяпкино,0.0,1.3858124036169914,3.947634658101699,0.030059090519825298,1.9239973794835399,0.0,0.0,20.656134367721606,0.0,0.0,0.0,0.15595584207361882,1.9170580225711482,3.283905053598775,10.114225778802869,30.15987997990427,-1.3793426051692563,-0.04528787743868901,0.18717383123452475,1,30,3
894,2024-05,ЖК Сугоново,0.0,0.0,6.827892671580824,0.0,6.390559056667091,0.0,0.0,33.552321881111354,0.0,0.0,0.0,0.0,0.0,2.069020814242702,19.400034578737394,60.55651111465273,-1.7321198897026002,0.3359164445715357,1.12767399131559,4,2,27
895,2024-05,ЖК Уланово,0.0,2.196699187880112,1.7415331708637964,0.051473799884326196,4.276976521931278,0.352360000825832,0.007155234239444766,23.178435030797072,0.0,0.0,0.0,0.24181119116936253,3.4210733115150975,2.8354057495551603,13.166083545936651,33.61454351316192,1.434546930178865,0.239522190218601,0.4697853633201094,2,21,22
896,2024-05,ЖК Шацк,0.0,2.975195322127371,2.228780708691068,0.018204292617147993,6.459411160916231,0.14730412418820654,0.0,24.61962652647677,0.0,0.0,0.2063494384795755,0.22593236805507608,2.336766280664242,3.8926075429723266,10.920058896738215,29.734107169474402,1.2483956902094475,0.11366361721278899,0.2651022622363103,0,26,4
897,2024-05,ЖК Щучье,0.0,34.466785555060184,3.6962630592924763,0.008,6.219636564149077,0.0,0.010542517715714881,24.312189327431813,0.0,0.0,0.0,0.21240342100423026,2.96990933253176,2.35482596212584,11.943680875960016,31.754146309465575,-0.8797607304157704,2.6479420675350887,0.025550047821479367,3,17,19
898,2024-05,МТФ Каширинское,0.0,0.0,2.4739752765126872,0.0,2.414587023023668,0.0,0.015718562874251496,34.088450172385485,0.0,0.0,0.03913978494623656,0.15324111743965282,6.202979752960652,0.0,20.876188779733347,62.10865115817101,0.3363517366386475,1.6804928316985723,0.6018799744947724,1,-1,-1
899,2024-05,МТФ Щучье,0.0,0.0,4.708324034813658,0.004872955099199443,2.6421768798153504,0.0,0.007657500870170553,22.83658380968393,0.0,0.0,0.0,0.22165127506808616,1.9015077617126206,6.115906717716673,15.687701143473538,44.34247045579052,-1.1460583771964652,0.4190410401696048,0.032198426160005386,1,10,20
900,2024-05,РМ Кольцово,0.0,0.9181119149140038,0.9974890172792771,0.03249424726309184,1.1680730578512395,0.0,0.002475420124119657,14.256066730164378,0.0,0.0,0.03648022264329701,0.14516133034134238,1.155738605736774,6.316156474443902,8.83131841339393,24.819169719032125,-1.5413154718728308,-1.8153425083736618,0.22489341119108924,9,22,12
901,2024-05,РМ Пеньково,0.0,3.224615693752706,0.9641300395547112,0.0,0.0,0.0,0.0,10.87315312826337,0.0,0.0,0.0,0.17355143353412444,1.2239926902302483,7.808316240909939,16.322867213768905,47.917105045011645,-2.1724075714361617,-1.7531885567316208,0.11604088337043106,9,4,25
902,2024-05,ЭФ Родня,0.0,0.0,0.0,0.0,1.8962962962962964,0.0,0.0,27.983910245554615,0.0,0.0,0.2361993865030675,0.0,2.4668737060041406,5.1692307692307695,20.30379470925762,61.47847015757822,-0.39479690280846624,-2.072845372676719,,4,-1,-1
903,2024-06,ЖК Авангард,0.22119012371063362,2.862088350085543,2.774386828742884,0.010029595527786912,7.640387484788917,0.25214919375349715,0.38735098180322813,28.142259379932522,0.0,0.0,0.2291307905998949,0.21201038565742383,3.299194975412436,2.5305600464850597,12.653310952596609,40.315310696608876,3.932108479429436,0.8636975203456455,1.128887261343191,8,31,5
904,2024-06,ЖК Аристово,0.0,0.0,7.0691087985796015,0.0,6.395887335476801,0.0,0.0,30.83606083595246,0.0,0.0,0.0,0.0,0.0,4.252801674622827,19.5590169608033,61.03624881172929,-1.8594780752364486,0.3912295698972238,0.055301001353827484,4,2,27
905,2024-06,ЖК Бобров,0.0,0.9888045379784689,2.3639180047781077,0.008501281613123718,4.995335873793493,0.0,0.0,25.88020627667857,0.0,0.0,0.0,0.20561473488751258,2.6136271524067762,2.9914996908946394,9.573760044471372,29.90815379069901,-0.4664771973861561,0.3817585001125452,0.25789562912454855,1,30,3
906,2024-06,ЖК Бобров 2,0.0,0.8357199960074017,2.344108606557377,0.0032607653208017646,4.8477354083367805,0.0,0.0,21.48465325175969,0.0,0.0,0.0,0.20032674177290244,2.48716365965928,2.4821865196657997,9.188951407843126,28.986381312859685,-0.7684597109714694,0.3099365956133374,0.14012292953395705,1,30,3
907,2024-06,ЖК Богданино,0.0,0.0,0.0,0.0,5.078669461395595,0.20889290313718084,0.0,32.09165070098881,0.0,0.0,0.15726242236024845,0.2188680423096931,0.7144095717010578,3.5668982024139444,21.122882877507664,60.699597800910716,1.093419332347205,-1.9550126129581964,1.0165447273035504,5,3,-1
908,2024-06,ЖК Бодеевка,0.0,1.0109415472107408,1.8709087139626774,0.0034001082837033024,3.6507557909582053,0.0,0.0,20.658779187699054,0.0,0.0,0.0,0.18578568858195071,2.4628760662479894,2.2652590114084723,9.125184838750702,28.704838577184322,-0.9838258187299257,-0.1083597760179928,0.01891957752579214,1,30,3
909,2024-06,ЖК Болдасовка,0.0,0.0,0.15918367346938775,0.0,0.5404859257816305,0.0,0.07166666666666667,29.43593215884251,0.0,0.0,0.006803392779469335,0.24032495383332342,0.7772802764043605,2.034269887981773,16.170024274254104,41.81498872397524,-0.8058478628856448,-2.125611013430999,0.18595362318090894,9,-1,-1
910,2024-06,ЖК Борково,0.026844553174205858,4.767070643908982,0.7092255523335443,0.0,1.4058411621910096,0.02048957855410631,0.0,18.29454321850589,0.0,0.0,0.056064362561278565,0.022850645609196273,0.5816150242280554,3.543482784214565,12.758455252028057,35.81528123958353,-2.0070448144804143,-2.31882743572212,0.7936944236179817,9,32,8
911,2024-06,ЖК Бортниково,0.14460987847028656,1.7828452397761643,5.1544910339537955,0.03374326000661595,6.757343534415963,0.0,0.0061992639761826,24.981083329325575,0.0,0.0,0.22572906678559485,0.17627077078728295,3.0814057336241776,6.582288394117379,11.116208307091672,32.166276160946865,1.1876905941371518,1.416722700312083,0.20436244262595302,0,15,23
912,2024-06,ЖК Бушовка,0.0,0.0,1.4083409298085687,0.03151509407137103,5.529213109661385,0.1806679554113165,0.0,37.49960496869744,0.0,0.0,0.18017357386640664,0.2564304354200264,1.3691352480417756,4.095078309594789,16.90294163995735,40.331234232183164,1.8268264918519486,-1.0066278825146002,0.4968112937560772,5,11,1
913,2024-06,ЖК Верхний Икорец,0.0,1.1254255012086736,3.114716302527749,0.0,7.223793592224751,0.0,0.0,27.93473637860006,0.0,0.0,0.0,0.21466524378675775,3.417992672016962,1.3780108143535965,10.577915845580709,35.26040939153367,-0.012347869174471292,1.5437982770078846,0.06996681215725592,1,28,24
914,2024-06,ЖК Волчанское,0.0,0.0,3.446756003746488,0.010570555272542028,5.8191851692034104,0.0,0.010188487009679063,22.167405919803794,0.0,0.0,0.0,0.1719169291250642,2.3893975639963125,4.084182968929804,15.934402545191716,44.95861288468988,-0.7217715620058445,0.684892594851099,0.5245695544314692,1,10,20
915,2024-06,ЖК Высокое,0.0,1.20606587158634,2.7289126914905513,0.001617180930202471,5.4179885183850045,0.0,0.0,25.074147537597725,0.0,0.0,0.0,0.19182939004376368,3.983331609626241,5.016558040826297,9.364556000453877,29.680555463092045,-0.26741835980340345,1.2565742802711135,0.1220185616643393,1,30,3
916,2024-06,ЖК Гусево,0.0,1.9515481566406283,1.8745684830164666,0.05049678550555231,5.995369419150324,0.303029731476585,0.0019481784531463083,21.286942821168157,0.0,0.0,0.0,0.18967135072012456,2.1276306198446697,3.916314181052802,12.69745420972505,31.8632934477268,0.8502778215354163,-0.20568518892607074,0.26028726792337664,2,21,22
917,2024-06,ЖК Детчинское,0.0,0.7759385300587833,5.07897302504817,0.015028673126359502,3.827367857910665,0.19118248376847632,0.00019774569903104609,23.606851279769767,0.0,0.0,0.044656950485112076,0.19547842866988283,2.0138123264452377,2.5031654465075155,9.419057195091778,25.106132174021994,-0.07840852699191328,0.6206742371619733,2.039984850308887,1,25,13
918,2024-06,ЖК Добрино,0.0,1.0206809439740587,1.8959494756195943,0.007274314395868189,3.607008025009155,0.0,0.0,22.593436445773342,0.0,0.0,0.0,0.15592552158203504,2.294148508058255,2.138388918376811,9.332469736967216,29.02307505399298,-1.0292968129424154,-0.28528067005736363,0.17564673344585177,1,30,3
919,2024-06,ЖК Елбань,0.08448778356461253,4.338046991575215,3.208722741433022,0.0,1.3471554337861489,0.15789153904801348,0.0,21.399549925312193,0.0,0.0,0.29029242530718286,0.20690619398869434,2.1068867020543225,2.111510611448139,14.415886131778572,41.09893460787222,0.772921202892887,-0.6213990353032162,0.42761130495239363,0,32,8
920,2024-06,ЖК Залужное,0.0,46.74915254237288,3.6257628544933636,0.007255055270962523,6.438739415307771,0.0,0.009920598544081963,23.2848384030222,0.0,0.0,0.0,0.1881542724441864,2.7083181775956566,4.060809283636791,12.02491185761039,31.94819954363239,-1.2407776495302072,2.910577832823138,0.12392901233165769,3,17,19
921,2024-06,ЖК Зимитицы,0.18107498720018905,3.182497066249422,2.6474812671563175,0.03519961427193829,6.197880175173886,0.18503136672325976,0.0,20.038369848156183,0.0,0.0,0.27265619963159105,0.18279699231467741,2.1938702343630103,6.474082047721897,12.296431809749869,37.14198422155171,1.9337461349679383,-0.23880479942935526,0.15380287808815973,0,33,10
922,2024-06,ЖК Колыбелка,0.0,38.2217533090351,3.7340685867930548,0.0012383897174730206,6.085981659321117,0.0,0.007360858493997817,20.50715509202454,0.0,0.0,0.0,0.19498619278406032,3.0165258303584026,7.389346151093298,11.654912646649167,30.76324352672794,-1.2251188588600612,2.677734636180655,0.5006940481192068,3,17,19
923,2024-06,ЖК Коршево,0.0,2.170244258855268,2.3696356111122725,0.013044126416219439,3.6508855667885562,0.0,0.0,21.46913758264496,0.0,0.0,0.10546036314386084,0.20545729854642455,2.4204162253019046,3.5614411389472935,9.079299261864408,24.74521202101333,-0.3784831197128427,-0.05134748292317444,0.19357041775313294,1,23,14
924,2024-06,ЖК Курочкино,0.0,5.998738927612487,0.0,0.0,0.8767335809317851,0.008059676204819276,0.0,34.89418385884699,0.0,0.0,0.019940968240514535,0.06345050756075987,0.5568215323701613,2.360035974761695,16.36871186227993,43.49925272767794,-1.4572278440711721,-2.538690225877815,3.0771831796675344,4,-1,-1
925,2024-06,ЖК Курская Васильевка,0.05773089661698604,2.1832891466445736,2.6431337175016667,0.048806253961546586,2.212808410636982,0.12314903920061492,0.0,20.758878313968925,0.0,0.0,0.05653091223519239,0.21692328493738464,1.8792507248066534,2.681861205524244,11.355482134113283,34.390979655967776,0.03972529969607961,-0.5523791989006219,0.3982517251107839,2,33,10
926,2024-06,ЖК Наратлы,0.1931302003081664,1.175192111792612,3.0001827687924663,0.02197802197802198,2.6005965168934573,0.18036780539451328,0.0,20.048520967069614,0.0,0.0,0.0717907962600975,0.2157404457631677,2.5136876327397486,6.377795835797624,11.956826296809457,34.25778720910461,0.6975115877918174,-0.2568971972886744,0.2851800752946114,2,33,10
927,2024-06,ЖК Нестерово,0.20891149615548912,1.182384780217542,2.8171604932254604,0.02604326245480728,5.982363881139541,0.2551440012958497,0.5569065306122449,23.50169391312566,0.0,0.0,0.24245324669544707,0.1823086358484208,3.476586239650569,2.4166068635442812,13.004185022262808,42.5174600529067,4.126127257899809,0.582133172240284,1.1980419108760538,8,31,5
928,2024-06,ЖК Огнева Заимка,0.011275763322223499,4.403992331926996,0.5570692200511501,0.0,0.8568336029182366,0.15495534932586236,0.0,18.453800427590334,0.0,0.0,0.057547923069418014,0.11060750332651803,0.6522840230664858,4.0026003456258765,13.224229748768531,36.77029933196575,-1.2042831071579556,-2.3544306205155725,0.0697400801696774,9,32,8
929,2024-06,ЖК Озерки,0.0,1.6574763002670665,2.4614788214078307,0.0395778364116095,4.041613391123112,0.0,0.0,24.425258988324078,0.0,0.0,0.0,0.19231392528730706,2.7132946968887937,6.566546513239984,10.389570732188725,31.38358113099945,-0.42990569115481375,0.17790055625147858,0.08730876949764403,1,30,3
930,2024-06,ЖК Пеньково,0.114614499424626,4.086505608607496,2.915192296536922,0.0,1.0433620464570599,0.0,0.0,23.223826873329774,0.0,0.0,0.21346666128185454,0.25417098866769733,2.2061967612884716,1.9675016394634481,13.499957210298193,35.55101897456207,0.16888300961198743,-0.3951571323119736,0.16467469047679748,1,13,18
931,2024-06,ЖК Песковатка,0.0,2.6800329859271033,2.273558895551876,0.006767273465520742,3.3336927623066432,0.0,0.0,21.25109782359923,0.0,0.0,0.08642674109825356,0.20430721699544765,2.372560957466153,5.335148348864173,8.863538234383384,24.415798969685945,-0.5727795987901344,-0.15686915313950212,0.16467205864460535,1,23,14
932,2024-06,ЖК Петровское,0.0,16.99170406636747,2.84251699292504,0.0030734516394405925,4.806873770403491,0.0,0.008600136239782017,22.450473425181546,0.0,0.0,0.0,0.1958495390905234,2.3069312338651224,1.661031844300278,11.351869816376194,29.461462062992773,-1.0621216586452664,1.0351560844839869,1.3916265051822305,1,17,19
933,2024-06,ЖК Петропавловка,0.0,0.7434602340723312,2.273474958288379,0.0015773907328294446,6.049028173720079,0.0,0.0,26.17557666204242,0.0,0.0,0.0,0.19642444275100018,2.8267448911434028,2.969598645693729,9.083943961117283,28.890972787628577,-0.35415420038302764,0.6204897651699433,0.0924472439705219,1,30,3
934,2024-06,ЖК Плеханово,0.11843390975949115,4.192412391484304,2.0253563176158402,0.005670561562608999,2.270374683622765,0.0,0.0,17.517691298463827,0.0,0.0,0.1053097184799777,0.2217923506966013,1.4754277393520203,5.796540716975868,11.238332871339859,29.916416140966113,-0.5698694971795255,-0.8867446172451129,0.3166440081004224,9,14,15
935,2024-06,ЖК Подболотье,0.18912214181724757,2.3487812443784857,0.8190245444011377,0.02633519435373433,4.076869099707176,0.17474631826256376,0.31368387976248235,31.0030743306882,0.0,0.0,0.20992484934821196,0.22262831800190774,2.5825051724722723,1.7329644789773542,12.722885817145508,41.76933500755051,3.065759980018554,-0.787656031810427,0.6886831571644986,8,31,5
936,2024-06,ЖК Семено-Макарово,0.0,2.0604591406305857,0.1234074919186157,0.03737530768234227,5.201327705520625,0.0,0.0,14.491056638440996,0.0,0.0,0.0,0.19121116325606882,3.0425819733831885,4.5661530402898425,10.205659953220222,30.934289195249775,-0.5117842496050553,-0.1882771581986478,0.7828238995784899,1,-1,3
937,2024-06,ЖК Старая Чигла,0.027461252760489864,2.9054929037238364,2.570131220051603,0.0,4.430440169981105,0.0,0.0,23.701277871439753,0.0,0.0,0.07663356266826205,0.19041562413442897,2.4379868482700457,4.541752994227594,12.186603902283634,31.747958496411563,-0.40971404474188494,0.16574223764504384,0.09449059359716887,1,13,18
938,2024-06,ЖК Старое Резяпкино,0.0,0.9965977255639098,4.126222792057685,0.011796574624257252,1.9264100451027342,0.0,0.0,20.425003547958614,0.0,0.0,0.0,0.16992551087673038,1.8446616541353384,3.505316287515058,9.672148296192162,29.520900606742995,-1.5052188335196963,0.023583694440898573,0.14348560303005076,1,30,3
939,2024-06,ЖК Сугоново,0.0,0.0,6.975930372148859,0.0,6.500433217286916,0.0,0.0,31.812905150060022,0.0,0.0,0.0,0.0,0.0,3.3818258078069405,19.510422579141814,60.89694164631564,-1.8002665040362604,0.3896661602963296,0.08679281644028371,4,2,27
940,2024-06,ЖК Уланово,0.0,2.3816886145147267,1.54052553394583,0.06084590650507049,4.836656440011864,0.3793581950018242,0.004612911204551076,23.536504190006227,0.0,0.0,0.0,0.23141797499189865,3.5386729234691208,3.173938270641486,13.115492111819801,33.134370447821055,1.6951772091778379,0.2580731849267752,0.2612896510307004,2,21,22
941,2024-06,ЖК Шацк,0.0,3.245203558604224,2.230883871217398,0.020541412441265165,6.625209398557851,0.0,0.0,23.745801355872562,0.0,0.0,0.212654416677803,0.24131005591092922,2.3917782085986783,7.0278849365634555,9.753311964040362,27.13457782484432,0.7772182568572144,0.2713022263900871,0.4968481707762957,0,23,14
942,2024-06,ЖК Щучье,0.0,34.39143135345667,3.71619081211287,0.005090049261083744,6.529097650200867,0.0,0.011953497536945813,23.065873259805482,0.0,0.0,0.0,0.20631186835967866,2.8358162384952585,4.222128104186217,11.932910830925955,31.73674734381855,-0.9616932576278537,2.587056621850342,0.10207828619049705,3,17,19
943,2024-06,МТФ Каширинское,0.0,0.0,2.6654028436018957,0.0,2.251600812119319,0.0,0.01994198694706309,30.376326358063835,0.0,0.0,0.03190358029067707,0.14346510308303387,5.371096853040024,0.0,20.87640588395608,61.90364060106854,-0.10944812533543376,1.2935983407916285,0.5902752442973135,1,-1,-1
944,2024-06,МТФ Щучье,0.0,0.0,4.877522822600543,0.0023273855702094647,2.66692667162967,0.0,0.019394879751745538,24.16284523210746,0.0,0.0,0.0,0.19103792204568024,1.8983404242729076,6.8622963537626065,15.97641310720325,44.489010185145325,-1.199298641534522,0.38754404343039317,0.061859409554053,1,10,20
945,2024-06,РМ Кольцово,0.0,0.4772365958831665,0.957791829925903,0.03067327095945698,1.1416833778470212,0.0,0.001100715465052284,13.758932385824885,0.0,0.0,0.0326402393944728,0.11151673666564522,1.2401610851194633,5.884461566685012,8.381533130198804,23.040982821125958,-1.7053356589273823,-1.8706694043161165,0.17310022292312988,9,22,12
946,2024-06,РМ Пеньково,0.0,2.6670566934581514,0.983313615739058,0.0,0.0,0.0,0.0,13.21483570361288,0.0,0.0,0.0,0.16288045622270073,1.0963713444817813,3.8373885990597163,16.10899371591334,47.18076847334566,-2.1494050233218993,-1.780861080819947,0.03598452179990656,9,4,25
947,2024-06,ЭФ Родня,0.0,0.0,0.0,0.025,0.0,0.0,0.0,42.90029960086479,0.0,0.0,0.24447057210747578,0.0,0.8969849246231156,4.366708385481853,23.726600919255635,73.87214385597113,-0.09703101142444162,-3.358508366751679,1.3196946087657981,4,0,-1
948,2024-07,ЖК Авангард,0.21449665594043787,1.9929060736489719,2.1385975735142915,0.020830533530439458,7.6123926404555915,0.25054115153655954,0.2758676888131743,25.64076783353531,0.0,0.0,0.2216263799316059,0.2061617458480593,3.035730815514209,3.278868621045392,12.503742761302533,40.602858569997075,3.501481147503948,0.40408573378411167,0.6298276695633097,8,31,5
949,2024-07,ЖК Аристово,0.0,0.0,6.915216585105221,0.0,6.218101073122036,0.0,0.0,34.92041309850619,0.0,0.0,0.0,0.0,0.0,1.7611853573503777,19.37260266435068,60.45953126703019,-1.7011954018625857,0.33697113801542866,0.16732418271322402,4,2,27
950,2024-07,ЖК Бобров,0.0,0.8997518569366706,2.2873148529442147,0.0030722650162518365,4.670872167883385,0.0,0.0,25.12295406430691,0.0,0.0,0.0,0.20022520603553065,2.541820963481914,2.7913242140929913,9.208916104062089,29.127898378494,-0.6152256545074611,0.2582326435429235,0.19335134014851685,1,30,3
951,2024-07,ЖК Бобров 2,0.0,0.7594832700032569,2.389729432893976,0.0038022813688212928,4.860953554600811,0.0,0.0,22.065037745284915,0.0,0.0,0.0,0.18571819322203298,2.4793633364409002,2.940840619179815,9.222799216793105,29.09911805878425,-0.7953234427470005,0.26978638224226387,0.04830838145343327,1,30,3
952,2024-07,ЖК Богданино,0.0,0.0,0.0,0.0,5.676231186394372,0.23929089217635577,0.0,32.646718322342764,0.0,0.0,0.1496300434512725,0.25130846710733395,0.9112370160528801,3.7531045337865963,21.21900408725066,61.16169735913496,1.4493869415453866,-1.6889594965378363,0.4444065701081106,5,3,-1
953,2024-07,ЖК Бодеевка,0.0,1.0330819963177276,1.9535841744513591,0.005840120017145307,3.6480051428160003,0.0,0.0,19.436287826419555,0.0,0.0,0.0,0.2003112544298894,2.4966271810563647,3.361372755589,9.356673396066196,29.291995228033777,-0.9561653221974101,-0.044767546135926,0.0693474928876231,1,30,3
954,2024-07,ЖК Болдасовка,0.0,0.0,0.11125740618828177,0.0,1.0569148116768081,0.0,0.043548387096774194,31.391084702735164,0.0,0.0,0.006196500182282173,0.18851831797235022,0.4584210829493088,2.6859024012393493,15.875574605990511,41.57873941869205,-1.006495892555843,-2.386992336552671,0.329514533651201,9,-1,-1
955,2024-07,ЖК Борково,0.02406495367444841,3.95943289692676,0.6464216915723986,0.0,1.290974314016928,0.018423943720862167,0.0,16.66792457968796,0.0,0.0,0.05010943688421727,0.020491228850894917,0.5290725010457737,4.431563879853277,12.636951486076631,35.75571271734612,-2.136417464352422,-2.4271051198290765,0.16870488851977883,9,32,8
956,2024-07,ЖК Бортниково,0.13897599410898379,1.758849773440223,5.1513283401011964,0.027519869271336254,5.724045800336095,0.0,0.006279878184654238,23.079641129235135,0.0,0.0,0.22564015709376534,0.1693388358858482,2.9152395177467345,7.673473694874046,11.089314194042643,32.04653000932812,0.8476837142898458,1.1254783545588103,0.44769179942986703,0,15,23
957,2024-07,ЖК Бушовка,0.0,0.9525800984144341,1.9675632725354235,0.029376163873370578,5.298117473340829,0.19061038268687683,0.0,36.02821210783575,0.0,0.0,0.13614257199885943,0.22587556495816907,1.406549154092364,5.638953111994821,10.93027116606608,28.489083730954185,1.3974545316180365,-0.8284652882557507,0.46486792772588176,5,26,4
958,2024-07,ЖК Верхний Икорец,0.0,1.0551959651324043,2.940717884773986,0.0,6.945021374415228,0.0,0.0,28.9643157465879,0.0,0.0,0.0,0.20645720770188153,3.3580556564251993,1.3371131585164187,10.525529324290664,35.10906201001298,-0.033448852467628076,1.369240741719994,0.17582828163216868,1,28,24
959,2024-07,ЖК Волчанское,0.0,0.0,3.512601571751534,0.003335804299481097,6.047643583153599,0.0,0.016679021497405487,21.642316948446737,0.0,0.0,0.0,0.19202219913933818,2.492672704525174,5.5966486769553025,15.972186128451744,44.867824670460365,-0.6528710513607527,0.8325580841196207,0.16294900149453603,1,10,20
960,2024-07,ЖК Высокое,0.0,1.1351439075893268,2.5769608051279955,0.004387247733255338,5.113375636907171,0.0,0.0,23.701310297318894,0.0,0.0,0.0,0.18007699773536073,3.7570609930836847,5.248500130424635,9.534224446995735,30.074300617830154,-0.4272800140774287,0.993845244753665,0.3075423460454783,1,30,3
961,2024-07,ЖК Гусево,0.0,1.481042437947951,1.8630700558230706,0.04442557083591938,6.934200229743528,0.2569137494507334,0.004213896057230588,23.179304480588044,0.0,0.0,0.0,0.19517312509095924,1.9335082704529674,6.371704831280828,12.745178060390208,32.110250985666255,0.8223555678693846,-0.17506513961301634,0.0414395906075833,2,21,22
962,2024-07,ЖК Детчинское,0.0,0.6405383446960331,4.810167166206154,0.016405135520684736,3.2890155707984743,0.0,0.0007132667617689016,24.46499264891595,0.0,0.0,0.04736733098866745,0.20687534499852622,1.0832905004439044,2.8978230838851045,8.226006788538642,22.55602410082645,-0.9825679887676662,0.10736568253008055,1.0397066916091777,1,22,12
963,2024-07,ЖК Добрино,0.0,1.06483781278962,1.916508472609638,0.0,3.576299853025818,0.0,0.0,23.578346091773533,0.0,0.0,0.0,0.15320135528330783,2.2796861060222744,1.9882594342170816,10.155118052745477,33.982347190709135,-1.0651785514304346,-0.28878318057667096,0.03605227783178837,1,28,24
964,2024-07,ЖК Елбань,0.09770301860301861,4.545227386316837,4.065390512934659,0.0,1.2628785461362215,0.0,0.0,19.022662694969675,0.0,0.0,0.2988920694604484,0.21288721438172042,2.230846824596774,6.23154166922935,13.59480163331837,36.46781203138028,0.11608764663274876,-0.1905758363054139,0.7855182680396684,0,13,18
965,2024-07,ЖК Залужное,0.0,50.910996452757175,3.582275489064694,0.010928718582612278,6.177494791515539,0.0,0.010582612278533169,23.00275191002804,0.0,0.0,0.0,0.181706975075216,2.6679417975630857,4.263031343081506,12.165557431545297,32.39477162303891,-1.3502211395654702,2.9672508874744694,0.12324655222200542,3,17,19
966,2024-07,ЖК Зимитицы,0.15135815366377714,3.170956331583905,2.65069333705046,0.022065359477124184,5.962019589190713,0.2135572674883944,0.0,21.682663756560355,0.0,0.0,0.3669831444024598,0.18203768700265252,2.001963198910191,4.461343994408759,12.341663278733717,37.17757088027187,2.261229264464575,-0.4721438546848608,0.40210982929100686,0,33,10
967,2024-07,ЖК Колыбелка,0.0,20.344162358206653,4.153073736341483,0.002255734812200656,5.6188516147349,0.0,0.00604991177211999,23.690506181569095,0.0,0.0,0.0,0.17825753219152396,2.9414577688411288,5.91735544003648,11.333581670376184,30.137208255876757,-0.9749322084079605,1.9793386341996213,0.7418560073542125,1,17,19
968,2024-07,ЖК Коршево,0.0,0.9958832325965363,2.027703252007545,0.01265914351851852,3.2994791432760913,0.0,0.0,20.316486897390007,0.0,0.0,0.08274515811066414,0.20374190681731624,2.1927942457764775,4.1864876159971915,8.765351218589894,23.73344337076857,-0.5905456984525083,-0.38618119291962877,0.39633842944093445,1,23,14
969,2024-07,ЖК Курочкино,0.0,5.7424353479757935,0.0,0.0,10.010412649440802,0.0,0.0,35.435601361110145,0.0,0.0,0.11031315079059004,0.26752754606288387,2.026950224585205,0.0,20.628077962576015,61.451553743660725,1.20158964287087,0.27326935645291894,3.869938904108233,5,-1,-1
970,2024-07,ЖК Курская Васильевка,0.09634727430054803,1.6523119681018723,2.7674647293744608,0.0019880715705765406,1.9570060534498788,0.14062317683194384,0.0,18.264335644360052,0.0,0.0,0.06758758488594811,0.1954608598321038,1.4201048893344643,3.6314870584991077,11.490841929316916,32.17001653177683,-0.4267671733565494,-0.8669652951808967,0.5626541027910665,9,33,10
971,2024-07,ЖК Наратлы,0.17609066244630342,0.9915510529827446,3.0061419319796103,0.02792815583101442,2.6608630565095375,0.17641189645554234,0.0,20.35792986504569,0.0,0.0,0.0724996984318456,0.21947689143671462,2.343427719463833,8.014828477279467,11.92056960413857,34.42428417063254,0.6870117327129737,-0.36985139797781913,0.11344116717488546,2,33,10
972,2024-07,ЖК Нестерово,0.20072308968846647,1.2195088114400192,2.849877552836485,0.01785616174935443,6.09412778091392,0.23657518131363,0.28625264523989247,22.61415893989502,0.0,0.0,0.23397033202073717,0.1807033253216958,3.4505404924225975,2.713983586853874,12.57964205723932,40.8949621935906,3.0960162173650816,0.5712885120433349,1.0301681234081779,8,31,5
973,2024-07,ЖК Огнева Заимка,0.01107803598330707,3.4830253430447087,0.5310218823877577,0.0,0.7745341308997333,0.13098529942626286,0.0,17.664105181368466,0.0,0.0,0.05524884396054488,0.10812735655913978,0.631452277558402,2.7711110179674185,13.102429928158145,36.46323319750551,-1.3581620809591248,-2.3721000742499174,0.15489011644831016,9,32,8
974,2024-07,ЖК Озерки,0.0,1.7631053585125234,2.539699690635609,0.040032025620496396,5.561223824776658,0.0,0.0,24.844830910157484,0.0,0.0,0.0,0.19966446677803032,2.788276634628401,6.295222272567084,10.454645695244045,31.648296734522944,-0.180943483691668,0.5388634248984174,0.43849329902148976,1,30,3
975,2024-07,ЖК Пеневичи,0.0,0.0,0.0,0.0,1.4322580645161291,0.0,0.0,48.83548387096774,0.0,0.0,0.0,0.0,1.8838709677419354,0.0,19.79414509702749,64.77261089477282,-0.7533820888044546,-2.1308495937769725,,4,-1,-1
976,2024-07,ЖК Пеньково,0.11057053664337743,3.949898981531695,2.009088737022407,0.0,1.0705424525607485,0.0,0.0,20.373284471228992,0.0,0.0,0.19693690215387283,0.2523699094627189,2.0150837032894047,5.400688024404128,13.418126897733769,35.36736423803615,-0.006723341813283862,-0.8787998440847817,0.5145365519687124,9,13,18
977,2024-07,ЖК Песковатка,0.0,1.1853735765228575,2.285061154891304,0.006186204763377668,3.348937884473689,0.0,0.0,21.890279113761373,0.0,0.0,0.09748712172856339,0.20670821919461307,2.3734644275021832,4.086745917119565,8.694992287020582,23.499069178262992,-0.47069091036191324,-0.1912285914070021,0.10771569664191268,1,23,14
978,2024-07,ЖК Петровское,0.0,8.328799466201303,3.3779639490592897,0.00729972804972805,5.381229044369791,0.0,0.007112094395280236,24.22405940926093,0.0,0.0,0.0,0.15597012354751297,2.5412562142005575,2.5490241975597625,11.181328146689184,29.3154117223292,-0.8817794107236921,0.9788948035356448,0.188914420093742,1,17,19
979,2024-07,ЖК Петропавловка,0.0,0.7351106538266599,2.297041923551171,0.0019443904335990666,5.58779249109378,0.0,0.0,26.14991423064864,0.0,0.0,0.0,0.19462003363251412,2.810248778148688,3.588141098847533,9.133981980277314,29.063491113209757,-0.4196368325430531,0.5195262545290941,0.12033954294216873,1,30,3
980,2024-07,ЖК Плеханово,0.12748805346700082,3.363695764207554,1.6463651740777254,0.0035930408472012103,2.3724362355329545,0.0,0.0,20.711186442027326,0.0,0.0,0.09998038325605525,0.23189494437142488,1.0257089504185448,5.672374614840632,11.197386115277729,28.998899315350712,-0.45220686312276653,-1.268049362769605,0.39904611815261715,9,14,15
981,2024-07,ЖК Подболотье,0.20413994651725453,2.422528718784524,0.912748171368861,0.028735632183908046,4.438544117974154,0.2055418938877528,0.314935859926062,31.077206547518212,0.0,0.0,0.20645853052404106,0.22098577546321202,2.6124914588847616,2.1367480753427617,12.742470493119558,41.8576785432188,3.2836491969005275,-0.7189354475241595,0.2284693185924219,8,31,5
982,2024-07,ЖК Семено-Макарово,0.0,1.354991989417629,0.4856592171079804,0.025698682942499197,4.942568858544107,0.0,0.0,16.16642527730792,0.0,0.0,0.0,0.18368379852075797,3.2028882382398187,1.8845890043651439,9.80783036212086,29.32868582210124,-0.5843692709159379,0.009806687946013104,0.2109639671179962,1,30,3
983,2024-07,ЖК Старая Чигла,0.042583411229513306,3.0093385012280964,2.665644486584628,0.0,4.109861631228181,0.0,0.0,22.576684043269307,0.0,0.0,0.0647257979656261,0.19316510636270515,2.4263261137900956,3.971456500976774,12.375497644259825,31.924937950366676,-0.5095950427124739,0.1799249131690092,0.10088291253041262,1,13,18
984,2024-07,ЖК Старое Резяпкино,0.0,0.9060625148656148,3.339480215452461,0.013983739837398375,1.5012996796892735,0.0,0.0,19.491795000905633,0.0,0.0,0.0,0.21037575959685786,1.8691128233423981,3.1558204364125735,9.660748025600821,29.34310830040244,-1.361720194390506,-0.2217969053361241,0.28425956127958296,1,30,3
985,2024-07,ЖК Сугоново,0.0,0.0,6.6986965259833475,0.0,6.102524628194086,0.0,0.0,34.028641975308645,0.0,0.0,0.0,0.0,0.0,0.6979653045226816,19.178451721103226,59.74380669161322,-1.7435243880651703,0.2675703931137492,0.13463671151947942,4,2,27
986,2024-07,ЖК Уланово,0.0,1.3255932436879605,1.6542159154456995,0.05653189153584367,4.701820382532549,0.3714423920517867,0.007902074871006698,26.357079246281693,0.0,0.0,0.0,0.22410940161951837,3.2216493296962843,2.9193962517246668,13.199508658171647,33.13185888681,1.6527325832593385,0.0506173676142205,0.21175330553779187,2,21,22
987,2024-07,ЖК Шацк,0.0,1.197255708207663,1.9106167155579756,0.016504180374875492,6.1528932069113385,0.0,0.0,23.781762034268496,0.0,0.0,0.2123808427514999,0.21284587013040607,2.138920770151636,6.085320889208892,9.443409571017119,25.566473623903796,0.5702338868058714,-0.18868648466241403,0.504412672066526,0,23,14
988,2024-07,ЖК Щучье,0.0,21.87858719646799,3.720402575433997,0.007927553927553928,7.160530059387848,0.0,0.008603174603174604,20.588103840395647,0.0,0.0,0.0,0.2153605229972788,3.0890324090345733,5.665462901489323,11.710407257493054,32.019002961645946,-0.6819637872655093,2.3390374537114664,0.3738476753351524,3,17,19
989,2024-07,МТФ Каширинское,0.0,0.0,2.8587015821058372,0.0,1.8736528644356212,0.0,0.020945945945945947,30.46067595707192,0.0,0.0,0.027336860670194002,0.13647261916179151,4.943825323987696,0.0,20.83252938671276,61.6542205695033,-0.3093555946670243,1.0619250254241643,0.30599921788774775,1,-1,-1
990,2024-07,МТФ Щучье,0.0,0.0,4.729617111903329,0.002389078498293515,2.5168440941830044,0.0,0.010921501706484642,23.193565864670248,0.0,0.0,0.0,0.18904742565177518,2.133329666247571,6.384379180887372,15.70948260372959,44.12118280495379,-1.2301934931462821,0.4411954958436757,0.06191098611851857,1,10,20
991,2024-07,РМ Кольцово,0.0,0.4973535337048523,0.9735515252409201,0.026408843299034757,1.122300077836155,0.0,0.0009875442005670414,15.25742833413032,0.0,0.0,0.03204273751082876,0.11728665306283062,1.0314348174061863,5.464241343060113,8.272869501658517,22.74687852317188,-1.7077740100085512,-1.9563987374846903,0.08576400248078073,9,22,12
992,2024-07,РМ Пеньково,0.0,4.2608751940507785,1.2731914888195845,0.0,1.840717299578059,0.0,0.0,10.337261358750835,0.0,0.0,0.0,0.16487844905382948,0.7094080356676361,3.955102171474432,10.36626733691607,33.32718066636076,-2.17276406191495,-1.4717718963263975,0.30997059320987064,9,-1,24
993,2024-07,ЭФ Родня,0.0,0.0,0.0,0.0,0.0,0.0,0.0,30.822592036443393,0.0,0.0,0.20230778641964517,0.0,0.6405128388017118,4.5580865603644645,22.332096146532646,70.82979960346617,-1.078433910530566,-3.327002946530558,0.9819084691951767,4,0,-1
994,2024-08,ЖК Авангард,0.245599533039084,2.0125786699542596,2.2541731872717787,0.018001241464928614,7.927946646489339,0.3630673132793993,0.3119693277042154,26.494546937375677,0.0,0.0,0.23717146672601824,0.2090736856715451,2.981906957752613,2.315821214683903,12.85200520968533,41.46563075297036,4.257020696159688,0.372055381523832,0.7562181914294558,8,31,5
995,2024-08,ЖК Аристово,0.0,0.0,6.7656691341190225,0.0,6.513696458925196,0.0,0.0,34.41118784694569,0.0,0.0,0.0,0.0,0.0,1.4098800637423468,19.329167385384547,60.30767933754081,-1.6771522929457836,0.3447645944736151,0.025274672103725797,4,2,27
996,2024-08,ЖК Бобров,0.0,0.8637662085565649,2.233601808129307,0.0009580539009455576,4.620070131916702,0.0,0.0,24.717476786626758,0.0,0.0,0.0,0.21317010198987235,2.546223452181077,2.4888084019406054,8.952748937131066,28.38122986887752,-0.6022086477308208,0.275535578045127,0.021652575084978774,1,30,3
997,2024-08,ЖК Бобров 2,0.0,0.6682298110323746,2.330523946303658,0.013007823546045811,4.896482374335034,0.0,0.0,22.01715057101001,0.0,0.0,0.0,0.19434676601974546,2.5442770319843837,3.233081464965523,9.622641381759852,29.81213446885088,-0.6634167768127649,0.28734520702757793,0.1330702102114797,1,30,3
998,2024-08,ЖК Богданино,0.0,0.42760298974448113,6.471849865951743,0.0,4.141027927745078,0.16667515619403875,0.0,26.6920510221102,0.0,0.0,0.15412085441259132,0.25051210025929127,2.2482817869415808,1.218293002815354,12.805005609879512,32.252394556525566,0.5342987506142787,1.339605340146012,3.1637938250112683,1,24,0
999,2024-08,ЖК Бодеевка,0.0,0.9921829444925664,1.8642321924474725,0.0064790399827799605,3.3621953253531514,0.0,0.0,19.867258983976573,0.0,0.0,0.0,0.1929496915388819,2.334879669660777,2.702847930534925,9.319374965921083,29.083122038851542,-1.0286901122305094,-0.22156502456633947,0.19109472402109293,1,30,3
1000,2024-08,ЖК Болдасовка,0.0,0.0,0.29694915254237286,0.0,2.3784849229089917,0.0,0.008995502248875561,27.85712863153178,0.0,0.0,0.0074228402097105085,0.25122996336157544,0.8026360157445878,4.063728813559322,15.295680361454115,42.06937569836007,-0.778859014613982,-1.767615332372441,0.6598836423994718,9,-1,-1
1001,2024-08,ЖК Борково,0.05643152338258309,5.011240204572917,1.703758799968169,0.0,1.118406982081136,0.021918239290432157,0.0,19.883710150900626,0.0,0.0,0.10441107191172179,0.048620493912305364,1.1593146767818776,2.922187821308279,13.206407574704615,37.512657961421155,-1.5071811606217642,-1.700316477579047,0.9613324380443334,9,32,8
1002,2024-08,ЖК Бортниково,0.1480170098478066,1.4245120900546044,4.449874100565665,0.031272596907909476,5.636442169059011,0.0,0.0068502800806632316,23.012867069071277,0.0,0.0,0.19713518352730527,0.14553876988908837,2.745463701677777,8.399393805077175,11.14732788441123,31.92088774710499,0.6947317328174255,0.6993791345393946,0.4527193986759282,0,15,23
1003,2024-08,ЖК Бушовка,0.0,0.8537971177843974,1.6911929334388291,0.03936644625557435,3.7722374112441255,0.1395170606372045,0.0,27.632436376857562,0.0,0.0,0.08973738368910783,0.22746332125802732,1.1590483010579165,6.260984095427435,10.71033194480104,28.213644377901083,0.4811510613156804,-1.191232461974944,0.9855009244117187,2,26,4
1004,2024-08,ЖК Верхний Икорец,0.0,1.001777893444061,2.9443790149450915,0.0,6.858098345616342,0.0,0.0,28.88413726758286,0.0,0.0,0.0,0.18356728491361876,3.2714452708164914,1.2369817252898407,10.474262344015074,34.90366708070716,-0.15597339630363832,1.252817813493935,0.16901645499463216,1,28,24
1005,2024-08,ЖК Волчанское,0.0,0.0,3.3147342291208153,0.00482994566311129,6.006044746379234,0.0,0.00734554236264842,22.402800702703594,0.0,0.0,0.0,0.18729053268201906,2.830560070983267,5.7855699063753905,15.694442291801886,44.67072102026579,-0.5655120722740303,0.9046561405411302,0.11326835818900866,1,10,20
1006,2024-08,ЖК Высокое,0.0,1.0939768749230958,2.5343077258979085,0.007848266841072597,4.922638606687412,0.0,0.0,24.57977588173364,0.0,0.0,0.0,0.16940993970859153,3.5768931955480916,3.3614509643748582,9.614133121738352,30.057422923496475,-0.47117707034494577,0.856322114893916,0.14435914517402407,1,30,3
1007,2024-08,ЖК Гусево,0.0,1.097311378228513,1.9653502765472883,0.05629032258064516,7.073922791109899,0.24705936890372662,0.002225806451612903,21.63677916625506,0.0,0.0,0.020304187497783923,0.19052805516994312,1.9307205690025566,5.8427362656338655,9.978575234400019,27.619805128805197,0.8920172671221754,-0.1545995402450148,0.07260573737851457,2,25,13
1008,2024-08,ЖК Детчинское,0.0,0.7419072615923009,4.962219372035018,0.005972558514931396,3.3110398447764844,0.0,0.00048426150121065375,26.912055639391905,0.0,0.0,0.04914336851766866,0.21001420944330126,1.0380056624598109,8.658111380145279,7.921869333739447,22.045370532667445,-0.9349992523740235,0.011055191515711608,0.10741738854355336,1,22,12
1009,2024-08,ЖК Добрино,0.0,1.0240173977132117,1.8920976899846351,0.005206164098292378,3.7390803855224033,0.0,0.0,22.86022363085495,0.0,0.0,0.0,0.17665367440976676,2.414171025139734,1.8317127493520071,9.239690223239082,28.87192263146011,-0.9113034206153083,-0.13927847055182085,0.2145442010472125,1,30,3
1010,2024-08,ЖК Елбань,0.08311191787681523,3.660916437519096,3.248606943849121,0.0,1.1804030331569653,0.0,0.0,19.83826489850917,0.0,0.0,0.23975447241352013,0.18566729423040718,2.2176390538620843,2.7829911597307366,13.329979794451866,34.69357476012529,-0.21840158388010183,-0.4478996653518961,0.4220172962382254,1,13,18
1011,2024-08,ЖК Залужное,0.0,56.50375939849624,3.640153553299492,0.008064974902398214,5.987747698904969,0.0,0.011058282208588958,23.72987165854849,0.0,0.0,0.0,0.18979110903135238,2.7805015228210923,5.208358066541118,12.180480462285947,32.45719980959999,-1.3954603707336362,3.232264744108932,0.26884741442862764,3,17,19
1012,2024-08,ЖК Зимитицы,0.1727244371224602,2.7915364121435147,3.002100849567892,0.009516148689823279,6.46245610490995,0.23352181131448968,0.0,20.668301288034346,0.0,0.0,0.41784001464396847,0.23492126454536094,2.1031093079237713,7.807610647043225,12.33468080387531,35.654633837078364,2.773568943299296,-0.24335502032496356,0.5611027332282617,0,33,10
1013,2024-08,ЖК Колыбелка,0.0,49.15926179084074,3.7196732664644148,0.0019111672213933204,5.197389555320666,0.0,0.008485366693446574,22.68148031658031,0.0,0.0,0.0,0.16463427619357682,2.7643836853723243,4.2167318593019765,11.795635613351735,30.518013627299595,-1.5924304791638146,2.800671798672953,1.027566193220781,3,17,19
1014,2024-08,ЖК Коршево,0.0,0.7474421882686781,2.0122303354411177,0.019566718995290427,3.223784617323515,0.0,0.0,21.069792348372555,0.0,0.0,0.07364815194650695,0.21131565690695303,2.180530843041512,2.306751928858623,8.794035209553604,23.208393398299584,-0.5285942676383509,-0.35761300663635115,0.0682211187788457,1,23,14
1015,2024-08,ЖК Курочкино,0.1350816797415782,7.033887597785809,0.0,0.0,7.488549618320611,0.0,0.0,29.44893643226063,0.0,0.0,0.12988851505474452,0.2393398653034729,2.0850778562155146,3.4500773087194867,18.802775510772552,50.474698936501966,1.0254308779490116,-0.30686217783219266,0.6062874792792543,5,-1,-1
1016,2024-08,ЖК Курская Васильевка,0.08950435949027498,1.7450135138649308,2.0893550893550894,0.019132943588186166,2.057652608517048,0.1708680741906434,0.0,18.561018638350372,0.0,0.0,0.09865622952354208,0.197000041737098,1.116026388040176,3.18548859039559,11.813677149596916,35.21760738977446,-0.04103268149937893,-1.3379893933224138,0.6088142567633736,9,33,10
1017,2024-08,ЖК Наратлы,0.18184615384615382,0.9500545403330869,3.2519324808277768,0.02634132143203648,2.908217740034185,0.20301823476580572,0.0,23.16094885785236,0.0,0.0,0.10612473129554868,0.2316619729233633,2.808997071175282,7.024686771807774,12.033937402923552,34.927606093456035,1.2343149298699465,-0.026683451084763367,0.6459915087623361,2,33,10
1018,2024-08,ЖК Нестерово,0.24919667902627762,1.1687027096512823,2.813796927587702,0.020014868187796648,7.692734371465473,0.2672214654213171,0.3051467075197341,21.897687285018094,0.0,0.0,0.22048476694172292,0.18482160510310042,3.693274319364278,3.0746404931190967,12.692201543360563,41.224598745223155,3.622539583385336,0.9372649390512832,0.6412219585220107,8,31,5
1019,2024-08,ЖК Огнева Заимка,0.015033604651162791,3.128364515559419,0.8359791388237701,0.0,0.8113369391749473,0.14465392984222608,0.0,19.065873638604664,0.0,0.0,0.05236719250993972,0.10091107723577236,0.47961408398843824,2.8127922659657205,13.260681698175695,36.6698597126061,-1.3178946473948054,-2.384799139750396,0.04222241668169074,9,32,8
1020,2024-08,ЖК Озерки,0.0,1.3993040298592296,2.3852400575225627,0.029559562518474726,4.695074267301632,0.0,0.0,21.49255150307812,0.0,0.0,0.0,0.1895094702493802,2.603148767655848,6.965770831992275,10.228532096165958,31.116272528638987,-0.5828117984423911,0.21083149868586387,0.5187514694102604,1,30,3
1021,2024-08,ЖК Пеневичи,0.24186704384724186,0.0,0.0,0.0,0.9701251727169954,0.0,0.0032769230769230774,31.885525331825985,0.0,0.0,0.33946251768033947,0.2606522676598143,1.356655382489637,7.08,22.5242125427074,63.36620194969646,1.643719137762798,-2.5235389958308105,2.4290531605742243,5,3,-1
1022,2024-08,ЖК Пеньково,0.10794776334776335,3.6606286494841247,0.9132773174474231,0.0,0.8487464210298787,0.0,0.0,22.42996728408167,0.0,0.0,0.1168671412180673,0.26465236934741404,1.7948911634624063,3.6500912813738444,13.163380128754234,33.57790657719823,-0.23725306091151033,-1.2774257686571941,0.4604851562523138,9,13,18
1023,2024-08,ЖК Песковатка,0.0,1.9748318146797472,2.2588769231773043,0.006141751627564181,3.326331171652833,0.0,0.0,21.582865477710786,0.0049504950495049506,0.0,0.18135351808529782,0.21439521437571388,2.348663021182238,3.9121765734493876,12.131173252134198,31.94929763986236,-0.3029382388348477,-0.3869844052101566,0.25780088720212513,7,-1,-1
1024,2024-08,ЖК Петровское,0.0,6.117037966739881,3.2953271507947353,0.005584207483274139,6.005946543649427,0.0,0.010325060240963855,24.684845205411072,0.0,0.0,0.0,0.1976160964167273,2.8548410228802155,3.6363234853896658,11.239561333387874,29.799235787818127,-0.5095013052139636,1.2147188984757997,0.44068581959969594,1,17,19
1025,2024-08,ЖК Петропавловка,0.0,0.7211075588352612,2.271428258252118,0.0025327964670736457,5.623646562865782,0.0,0.0,26.585127254044778,0.0,0.0,0.0,0.19352735827427056,2.8545988981499746,4.3176614641952735,9.218109221041981,29.321673842858946,-0.38007448654166665,0.515086975543537,0.03981063198499905,1,30,3
1026,2024-08,ЖК Плеханово,0.12168220271348762,4.3755013024199165,1.4606850010690613,0.00328853302830998,2.299529505905449,0.0,0.0,23.585946365508338,0.0,0.0,0.10172884731657005,0.22308431958983121,1.05134264644497,3.6355839600483977,11.205926095077032,29.072754260229527,-0.386489420789043,-1.2866141584842894,0.06828933933502533,9,14,15
1027,2024-08,ЖК Подболотье,0.249221426012182,2.1445643880634746,0.9424217631417467,0.02812436080998159,7.047180858410291,0.38391153706446113,0.3265347122302158,28.203713625352805,0.0,0.0,0.2169707254063693,0.22132252116524065,2.8806606037197,3.1460903744157958,12.97297202808849,42.45625867365699,4.471624808569741,-0.3219744948377145,1.2525430339427754,8,31,5
1028,2024-08,ЖК Семено-Макарово,0.0,1.24516525398613,0.6936707571668619,0.034574061815774736,6.3011072953134395,0.0,0.0,16.95583294512252,0.0,0.0,0.0,0.18016510016928558,2.975153419130371,2.7363399067924115,10.009119219411385,29.979510847995318,-0.3836292300708001,0.15388785549428577,0.24709501581493107,1,30,3
1029,2024-08,ЖК Старая Чигла,0.047301982651796776,2.781800989113331,2.6455625609963906,0.0,4.152774099244728,0.0,0.0,23.389658042205692,0.0,0.0,0.07596854818418183,0.21666655906235258,2.4719873829962786,3.532745275888133,12.473568841206891,32.060947414236054,-0.29877101668910605,0.24080275263227027,0.21943764783285544,1,13,18
1030,2024-08,ЖК Старое Резяпкино,0.0,1.65858918813427,3.7137201182044186,0.026210029704700332,1.7282874917328042,0.0,0.0,22.776394313079916,0.0,0.0,0.0,0.15740303700427538,1.3323922032794004,4.205926511260372,10.091834655119346,30.082680527456617,-1.4522193949733988,-0.4932232164023368,0.28611596887478186,9,30,3
1031,2024-08,ЖК Сугоново,0.0,0.0,6.475741462838237,0.0,6.275657390996101,0.0,0.0,33.94904880066171,0.0,0.0,0.0,0.0,0.0,0.5103926096997691,19.12448829383397,59.51437488995457,-1.7097265153376615,0.21976203159958516,0.05854857497474967,4,2,27
1032,2024-08,ЖК Уланово,0.0,1.1511990692783376,1.796954562331755,0.05506573552024603,4.709460776879915,0.3576332016385098,0.011408252178370066,24.827968396562106,0.0,0.0,0.020043120481142932,0.22552842949485277,3.0872381720960744,6.392963268713477,10.66558413691173,30.050248840693577,1.6025280158413229,-0.05767571152051698,0.11936452395126698,2,25,13
1033,2024-08,ЖК Шацк,0.0,0.9676557721233392,1.8162145214521452,0.014457615478785345,6.20050737521658,0.0,0.0,24.367985413841698,0.0,0.0,0.21243950850661625,0.22347698068912505,2.136981457122373,6.824015161086544,9.378590613156325,25.34528946566294,0.6402339608501963,-0.2180718057703721,0.07591776776768916,0,23,14
1034,2024-08,ЖК Щучье,0.0,23.49306177260519,3.4844130263715423,0.007208340094110011,5.234415097844934,0.0,0.010093136459516469,20.65617125115067,0.0,0.0,0.0,0.1931891212493983,2.8106559819861583,4.385338605852708,11.742313446974476,31.41329750123574,-1.0840366532712085,1.8061763968395899,0.667535388956009,3,17,19
1035,2024-08,МТФ Каширинское,0.0,0.0,2.8582615505090057,0.0,1.7978099335158388,0.0,0.020777479892761394,30.788206452742635,0.0,0.0,0.025155531512036786,0.13607835678965385,4.852178169358786,0.0,20.801868950273295,61.55163894264069,-0.33710859608384547,0.9999272374564572,0.06792609808115621,1,-1,-1
1036,2024-08,МТФ Щучье,0.0,0.0,4.7066285128555565,0.0008728542333430317,2.830615856477914,0.0,0.013092813500145475,21.67931710251196,0.0,0.0,0.0,0.25240961435457954,1.9672851722386542,5.290078556881001,15.671577313907926,43.68704005562381,-1.059449395485774,0.5978514447844528,0.23172102456280597,1,10,20
1037,2024-08,РМ Кольцово,0.0,0.6142945315393161,0.9848977011591721,0.035088345529180796,0.757591621917027,0.0,0.0011065500624665358,13.692192515874106,0.0,0.0,0.0047488704943442275,0.12538587479393942,0.6095606220307654,5.953774763519543,8.001043104429376,22.291369794955234,-1.940244413869155,-2.1885018660775266,0.3285031978134991,9,22,12
1038,2024-08,РМ Пеньково,0.0,4.387808120184742,1.4969814147636602,0.0,0.0,0.0,0.0,12.085303096914535,0.0,0.0,0.0,0.16011929333012156,0.7277326955761667,6.746179755700063,16.411904153443565,48.00880411269492,-2.346503910544745,-1.7870937650942649,0.3600186327472015,9,4,25
1039,2024-08,ЭФ Родня,0.0,0.0,0.0,0.0,0.0,0.0,0.0,38.30150216346154,0.0,0.0,0.1727231061350095,0.0,1.6715081094166062,5.368296529968454,22.52443060815059,71.67405722981742,-0.6436617574570794,-2.8061291929926075,0.6784808709262694,4,0,-1
1040,2024-09,ЖК Авангард,0.2599509992313605,1.8047671910018221,2.377892030848329,0.021312872975277068,8.140741237803374,0.407924103111403,0.34554615039713044,27.330975757575757,0.0,0.0,0.2462566437546517,0.20188263032596754,3.05664179787946,1.741167411504798,13.050234666029962,42.294889411874564,4.688150524807762,0.4201441937224968,0.4338034843207188,8,31,5
1041,2024-09,ЖК Аристово,0.0,0.0,6.9476675659393905,0.0,6.431681317423163,0.0,0.0,30.05523609556279,0.0,0.0,0.0,0.0,0.0,5.178834273435402,19.59836433272492,61.15025340615394,-1.8764146948235856,0.334665724256072,0.19951814950470406,4,2,27
1042,2024-09,ЖК Бобров,0.0,0.6959744358629686,2.1406400571636306,0.0005934466533847654,4.715892040725985,0.0,0.0,22.00993611092916,0.0,0.0,0.0,0.2149777534602388,2.330111946953932,2.8658705525542603,8.827007926672831,27.940380200399225,-0.7435654103234255,0.14984148422055668,0.1891579751240795,1,30,3
1043,2024-09,ЖК Бобров 2,0.0,0.681472593567716,2.2938548885834886,0.0076235007115267334,4.71282328990228,0.0,0.0,22.192430933238498,0.0,0.0,0.0,0.19697112845017037,2.547237615628467,2.9803794551595413,9.415362567619372,29.453502545168075,-0.7098879899641815,0.26236569136346605,0.052759357981101346,1,30,3
1044,2024-09,ЖК Богданино,0.0,0.0,0.0,0.0,3.689307668918185,0.17381499039077514,0.0,27.310602462063017,0.0,0.0,0.15115832681782643,0.2518232359230221,2.007818608287725,2.1678821943871887,21.016632599257925,60.6791054881355,0.9594057377884525,-1.325042893380903,2.698345077817589,5,3,-1
1045,2024-09,ЖК Бодеевка,0.0,0.9338698493150684,1.836278798115388,0.005098418844788641,2.821745607163297,0.0,0.0,20.44187452875753,0.0,0.0,0.0,0.18898448596400003,2.3591135878825282,1.9258788009940524,9.167948191536365,28.619483786680743,-1.0922540050316796,-0.30902136952930453,0.10811558972840038,1,30,3
1046,2024-09,ЖК Болдасовка,0.0,1.5241065764432227,0.34093567251461987,0.0,3.3717572803553804,0.0,0.02063628546861565,23.247430121233492,0.0,0.0,0.007753564702717245,0.2889544619904517,3.32650117693213,3.230991686942417,11.040081067734398,28.13092376296395,-0.13206259376371202,-0.03277014794683889,1.8514949159934038,1,-1,-1
1047,2024-09,ЖК Борково,0.107828681305049,5.270109759604325,3.2507877400558893,0.0,1.0996089448661912,0.0,0.0,18.430430852695345,0.0,0.0,0.17915113859325763,0.08957571793804626,2.2385398061715915,3.784182175547658,13.457455519107086,35.578532105622976,-0.875540658212295,-0.5699557507760813,1.294868756663244,9,13,18
1048,2024-09,ЖК Бортниково,0.1679867739785718,1.1705456593428964,4.034507429894399,0.0377772773336336,6.027868545499142,0.0,0.007910145253912848,21.166043649742456,0.0,0.0,0.2661320038960373,0.14690641885634678,2.791566575055621,8.62996947454377,11.405239743940543,32.74193857581212,1.1416469111382073,0.5179274551228812,0.4823462330904734,0,15,23
1049,2024-09,ЖК Бушовка,0.0,0.0,1.6921755220724293,0.034106009153993797,3.2034376442838504,0.13862900862933974,0.0,25.416509502739462,0.0,0.0,0.09683886391890599,0.22862637686498435,1.2524046178434842,3.049830496863056,16.585317038969777,38.746788836751676,0.3237820782763188,-1.181711024200103,0.15765676198673834,9,11,1
1050,2024-09,ЖК Верхний Икорец,0.0,1.0056762458490849,3.0204318920626507,0.0,6.98366022483777,0.0,0.0,27.44340390705102,0.0,0.0,0.0,0.17358768324848187,3.3784015025723386,1.12310831491243,10.468846011557305,34.81513892978192,-0.2241315156840414,1.346993279855193,0.11625208687087603,1,28,24
1051,2024-09,ЖК Волчанское,0.0,0.0,3.1513741635339385,0.0044234739015039815,5.823731273586186,0.0,0.01258232576427799,22.9765214911454,0.0,0.0,0.0,0.16984078013419343,2.775763946553239,5.561808463863699,15.875189564002259,44.80636876130823,-0.619927834131031,0.7424968667605772,0.1710459155066678,1,10,20
1052,2024-09,ЖК Высокое,0.0,0.9581222713069713,2.278866769429972,0.0036431226765799257,4.317773900399855,0.0,0.0,21.988512588886433,0.0,0.0,0.0,0.17998102784695494,3.1969801300383907,2.5095667722921173,9.252673042083606,29.147322785719677,-0.7232614541707599,0.5180766606174787,0.42184893493703857,1,30,3
1053,2024-09,ЖК Гусево,0.0,1.7090022861207073,1.986766321552753,0.06850239589660526,6.258357448040705,0.24058498023715413,0.0015522710400215967,19.302066499910385,0.0,0.0,0.01991606008265992,0.1942318912258781,1.944995097940975,6.1448571046413125,9.965004419188688,28.026089817718088,0.7641710378810914,-0.2507644300531929,0.15997607434545594,2,25,13
1054,2024-09,ЖК Детчинское,0.0,0.8583586626139817,4.759825852696396,0.025820568927789934,3.0358038421308504,0.0,0.000437636761487965,25.621951915124207,0.0,0.0,0.05399502203785326,0.21386804832928663,0.9296248513824593,3.8664436546100776,8.353219027465956,23.06473408654731,-0.8617131548236235,-0.06421461588565622,0.10505425265264487,1,22,12
1055,2024-09,ЖК Добрино,0.0,1.0597787502299452,1.9093135270946258,0.010981770261366132,3.427585428713035,0.0,0.0,23.294209649035057,0.0,0.0,0.0,0.1532036318371531,2.462775086787224,1.5991420633179791,9.476422650056461,29.13662304492864,-0.9669428766624105,-0.22400285766364117,0.10136059806794255,1,30,3
1056,2024-09,ЖК Елбань,0.08244409484576211,4.033225389196531,3.506359195528759,0.0,1.2095496971371678,0.0,0.0,22.070316614773798,0.0,0.0,0.23773942695376168,0.19588304669153198,2.097233699405995,3.048590962786085,13.344902899745973,34.756818781001606,-0.13930599692317697,-0.3876250010459859,0.09944419054550462,1,13,18
1057,2024-09,ЖК Залужное,0.0,48.889728096676734,3.601857054026936,0.0061240966857712435,5.523053070658829,0.0,0.012518440069773236,24.434528035676742,0.0,0.0,0.0,0.19602943450693336,2.969557426936824,3.8319133345265795,12.112244996489883,31.91279148418324,-1.249243450366015,2.9841966569999596,0.28795340533443253,3,17,19
1058,2024-09,ЖК Зимитицы,0.16278629969885258,3.2438661285183215,2.960409903400015,0.02753874415497662,6.331211166070301,0.23908957345971563,0.0,19.805411210420566,0.0,0.0,0.36243601570540923,0.19411587955355425,2.233525617594513,6.312145461578133,12.40737001761145,37.2853291545365,2.467890328730647,-0.19900099804977042,0.3088797414797499,0,33,10
1059,2024-09,ЖК Колыбелка,0.0,48.0859637340497,3.950178417399638,0.0012414515917725665,5.312250904303421,0.0,0.008194156950085156,24.466050655419096,0.0,0.0,0.0,0.1727434098120576,2.8931995099863537,3.121228533863736,11.745594535067186,29.905713020168985,-1.4497729782073803,2.9690993501968688,0.22072381541527494,3,17,19
1060,2024-09,ЖК Коршево,0.0,0.7530879683346308,2.007609613659525,0.008404870346754113,3.3251681950065137,0.0,0.0,20.991190812367126,0.0,0.0,0.10065248714939086,0.20242883710885007,2.1830577950801624,2.409749119734425,8.673495478625808,22.788796190042838,-0.5209703169646782,-0.38848536209901224,0.03179979490008537,1,23,14
1061,2024-09,ЖК Курочкино,0.1686331727460427,6.480961859448338,0.0,0.0,7.62749445676275,0.0,0.0,28.239287971785426,0.0,0.0,0.1316003655407543,0.24465377642003827,1.8390334053597595,3.656617122559795,18.895222628334366,50.52272355792954,1.074611886965524,-0.43982171059424785,0.1417639199521031,5,-1,-1
1062,2024-09,ЖК Курская Васильевка,0.08043991529910005,1.546924581256272,2.4274209395973156,0.014984480359627529,3.8701407260196317,0.1795907493796526,0.0,17.1348082906778,0.0,0.0,0.26186835971046496,0.19162640223117444,2.5732596964586847,5.716315797962649,11.785717921078326,34.43445673494787,1.1313716249547616,-0.4289084336815638,1.4835632945627035,0,33,10
1063,2024-09,ЖК Наратлы,0.1691784911717496,0.8026894466491437,2.90066749362592,0.031156441873445982,2.656613629482449,0.17500736913836548,0.0,21.422472268786183,0.0,0.0,0.10211436357243318,0.20958696917349492,2.6739923562182533,5.756327113835961,12.000404040933525,35.25423771680137,0.9041150913349453,-0.2609051820518377,0.40483546364634787,2,33,10
1064,2024-09,ЖК Нестерово,0.2561750315615902,1.2760636803191605,3.179519458251036,0.016607985119245335,8.342116789940263,0.28802580427765756,0.33337808244880457,21.463846304730705,0.0,0.0,0.2289613493458891,0.1780786040724818,3.654265368405755,3.09318837714348,12.763113399503283,41.115063599289336,3.81751757960839,1.1333545025120622,0.2765276404076022,8,31,5
1065,2024-09,ЖК Огнева Заимка,0.01893244572206672,1.9765265354672439,0.8326462395209102,0.0,0.880683155757502,0.15881515315756348,0.0,21.223324358777347,0.0,0.0,0.05619881981283901,0.1162763730039146,0.6877249858699103,3.320158535956254,13.292855827041295,36.0900602395043,-1.0014421875628168,-2.317148218888225,0.3236028529342968,9,32,8
1066,2024-09,ЖК Озерки,0.0,1.088107771352635,2.6153770344089655,0.05767012687427912,3.655236328528405,0.0,0.0,23.456133532716326,0.0,0.0,0.0,0.2005866436171688,2.612298926295653,6.187798791238599,10.458278108997312,31.280757606305706,-0.3698505646555606,0.10394093959489122,0.23828151149174326,1,30,3
1067,2024-09,ЖК Пеневичи,0.18809947464595705,0.0,0.0,0.0,1.0173751251378638,0.24,0.008506986027944113,28.206990565877664,0.0,0.0,0.30630413430790315,0.25478925935352503,1.8594551964028165,6.091226538629419,24.061533899378613,64.31227067873314,2.223598886180108,-2.3520211761544294,0.6047138869672685,5,3,16
1068,2024-09,ЖК Пеньково,0.1104928698752228,4.456882044970599,1.7902265659706798,0.0,0.9965158340009225,0.0,0.0,24.183395232923694,0.0,0.0,0.1417012386923227,0.2755687250111062,2.0001853834753613,4.412926320806205,13.308285366062053,34.787062296775844,-0.0069579148897213,-0.8238338191314498,0.5087057213711701,1,13,18
1069,2024-09,ЖК Песковатка,0.0,1.7360753862665743,2.234985966902442,0.006691201070592171,3.468028637432257,0.0,0.0,23.01596740915994,0.0024752475247524753,0.0,0.20253161430547323,0.20775628097761067,2.354533373012499,3.5548044841852398,11.738379194394856,31.144567195746216,-0.03962139329594214,-0.3736104068422128,0.26365626291993444,7,-1,-1
1070,2024-09,ЖК Петровское,0.0,4.87322758952175,2.8836421138113573,0.01374361898079116,5.615752204317422,0.0,0.010335421364737325,23.431233518497525,0.0,0.0,0.0,0.181184905521382,2.7445656179483433,3.939340502603577,11.349243810754173,30.225161535250553,-0.5848379591934859,0.8338584441258109,0.3882399993824827,1,17,19
1071,2024-09,ЖК Петропавловка,0.0,0.7107024832952377,2.2150780309165814,0.002438324727481354,5.381826184270857,0.0,0.0,27.392303016697465,0.0,0.0,0.0,0.19712112496005113,2.7905751622248793,2.9128490583363176,9.138270646165893,29.04192421052233,-0.37795532277158,0.4555377993542471,0.05958687137203579,1,30,3
1072,2024-09,ЖК Плеханово,0.11108258258258258,4.93497721844157,1.5512707485661061,0.005767337178224786,2.170407269709166,0.0,0.0,21.754473986401983,0.0,0.0,0.10411571611200462,0.21096000098398565,1.0409092821910249,5.575255336792773,11.238425713615147,29.88147253079716,-0.5415956401470965,-1.325571993443522,0.15992389498839565,9,14,15
1073,2024-09,ЖК Подболотье,0.24930215539058545,2.275366598133797,0.9619461522153911,0.029149883400466398,7.107350607378947,0.3944932357063181,0.3297026581821464,26.822215144834207,0.0,0.0,0.21152670772360022,0.2135759861168715,2.6741624046556303,3.1174116043255826,13.011743279596365,42.575407236769976,4.372643190166333,-0.42049311617136453,0.13965414254951752,8,31,5
1074,2024-09,ЖК Семено-Макарово,0.0,1.180145080137283,0.6379269166467638,0.005373775973250537,6.518721094434736,0.0,0.0,16.93137123597267,0.0,0.0,0.0,0.19377098324181025,2.81369839568704,3.6018719219368722,9.29450403787459,29.02266993421144,-0.5685472798773223,0.1352009021852919,0.18585985948617298,1,30,3
1075,2024-09,ЖК Старая Чигла,0.0,2.7430024387733285,2.5381831794903724,0.0,4.351317183023715,0.0,0.0,23.514938479195024,0.0,0.0,0.06413901158429869,0.21299887695915093,2.4773504516447957,3.9711821992623157,10.473450608999732,31.279335155549923,-0.4698464336449529,0.25969803598027646,0.1721157459950085,1,20,17
1076,2024-09,ЖК Старое Резяпкино,0.0,1.0112598919138471,4.585837704527984,0.026912895499810918,2.307026717732318,0.0,0.0,22.56163455220902,0.0,0.0,0.0,0.10124119742121634,1.589825426591218,3.4545977172663282,9.997688781295656,29.831563324629535,-1.5996420416197206,-0.07795054375150069,0.44066407772222,1,30,3
1077,2024-09,ЖК Сугоново,0.0,0.0,6.6678369250953615,0.0,6.295201584100682,0.0,0.0,29.259343217765256,0.0,0.0,0.0,0.0,0.0,5.678973312935577,19.596690867258943,61.1522489328743,-1.9056835514985575,0.19928929992844455,0.1970235842812764,4,2,27
1078,2024-09,ЖК Уланово,0.0,1.0829968765016817,1.9601603724780134,0.07640960090896179,6.264630393338898,0.23765565904600622,0.008024428348245988,22.59578392399353,0.0,0.0,0.020351839222230283,0.22919998784416215,2.7216869980119283,5.520843984205013,10.375632031454966,29.476226612071386,1.3046169337956508,0.20216126396532952,0.3953052828324655,2,25,13
1079,2024-09,ЖК Шацк,0.0,1.1533754282293203,2.4013843364889857,0.014896312595852505,6.905947289322796,0.019355431495696674,0.0,24.45607839815936,0.0,0.0,0.223333805264174,0.21934535385068937,2.0999973558462273,6.171609188571692,9.68563391397113,25.90786292965876,0.7879129676202584,0.08282903218568483,0.3351871168813761,0,26,4
1080,2024-09,ЖК Щучье,0.0,31.740702479338843,3.222432035711413,0.0030608964451313754,4.779236507936508,0.0,0.007903091190108192,22.10847220348338,0.0,0.0,0.0,0.18090285190791047,2.5584945803311845,3.513166144200627,11.587351660632185,30.177972337766803,-1.336837010830896,1.8061774348409616,0.25280035756181857,3,17,19
1081,2024-09,МТФ Каширинское,0.0,0.0,2.742686567164179,0.0,1.727260778128286,0.0,0.021321961620469083,33.37495864252966,0.0,0.0,0.019884541372674792,0.1363767419509851,5.118807259146875,0.0,20.758818178861087,61.44149050771214,-0.1836466503608476,1.077488892909994,0.1719487690615478,1,-1,-1
1082,2024-09,МТФ Щучье,0.0,0.0,4.8402625820568925,0.0003171582619727244,2.7352988226614614,0.0,0.009514747859181731,20.625094823152097,0.0,0.0,0.0,0.1493546397532941,2.16571937234008,5.942594354582937,15.427671204719278,42.71676622474737,-1.4930718729105674,0.4678668007385721,0.452685829925954,1,10,20
1083,2024-09,РМ Кольцово,0.0,0.0,0.9514723723392522,0.04140011631288165,0.532082223701731,0.0,0.0010904332654841523,11.015508376281952,0.0,0.0,0.007310918250875743,0.14037803315282543,0.4524835702277243,6.22524716487351,14.42310137398548,36.5647348798343,-1.9883465800570497,-2.3116417564558738,0.13220155443246193,9,8,-1
1084,2024-09,РМ Пеньково,0.0,3.4736893609506505,1.9917572507144514,0.0,0.0,0.0,0.0,11.321109928787754,0.0,0.0,0.0,0.1845671259641416,1.1230691288940449,8.457143490599503,16.518539606510018,48.68478769118376,-2.210167764809037,-1.4043201753183525,0.4063288885422825,9,4,25
1085,2024-09,ЭФ Родня,0.0,0.0,0.0,0.0,0.0,0.0,0.0,40.09976162603717,0.0,0.0,0.16332920701958786,0.0,1.963230466185161,6.0,22.570070481461098,71.86125253826211,-0.5375103247456101,-2.6650187557740512,0.17657939335808617,4,0,-1
1086,2024-10,ЖК Авангард,0.2684323841773126,1.7756187318020058,2.4651164024717893,0.021846370683579985,8.525374649496314,0.43635561977661486,0.3588845005387101,26.183235272175004,0.0,0.0,0.255953323873409,0.21195103242206664,3.478208173226711,2.2170195276872966,13.032592586050693,42.236872219335886,5.04202767043069,0.7217806477683497,0.46498772521818976,8,31,5
1087,2024-10,ЖК Аристово,0.0,0.7931880945075176,7.010485522620522,0.0,6.360430851382254,0.0,0.0,30.31808004980664,0.0,0.0,0.0,0.0,1.8011660018410556,3.2315578115061796,14.34996046523036,45.74120484328968,-1.4887247525997862,1.3768173971752242,1.111927875659964,4,5,28
1088,2024-10,ЖК Бобров,0.0,0.6932106165191276,2.2040744803803363,0.0009559359067734887,4.884499499291131,0.0,0.0,23.105878035506787,0.0,0.0,0.0,0.23888641773546027,2.6064051215673585,2.980060901089455,8.945580600417756,28.42131235385457,-0.5199829634771324,0.39906214258531714,0.33481345118370043,1,30,3
1089,2024-10,ЖК Бобров 2,0.0,0.8603164949303438,2.4534458290169403,0.0033190578158458243,5.10387080346729,0.0,0.0,22.071213416730526,0.0,0.0,0.0,0.19548167101927952,2.746750500261398,2.800727834142038,9.246864479074816,29.19567473201172,-0.6767843841864848,0.5102878549684484,0.25012246584835357,1,30,3
1090,2024-10,ЖК Богданино,0.0,0.0,0.0,0.0,4.205645761825744,0.19272799830377563,0.0,29.65115535902035,0.0,0.0,0.14323567768979972,0.26301637554585156,1.8542151839776433,2.4865699563808894,21.07764912385596,60.93890671533239,1.1757088076163602,-1.3162824383966594,0.21648040001004173,5,3,-1
1091,2024-10,ЖК Бодеевка,0.0,1.0083773559266758,1.876877257242839,0.005413995287413009,3.433291422113321,0.0,0.0,20.257323123232336,0.0,0.0,0.00480432097691652,0.1334722546827286,2.3671999233674175,2.3562760009854733,7.250317135325347,20.69798482841277,-1.214928188716541,-0.33572718518866496,0.1255474250344422,1,23,14
1092,2024-10,ЖК Болдасовка,0.0,1.4148424467099165,0.29374605180037905,0.0,3.005665653687876,0.0,0.02406417112299465,23.305704109512657,0.0,0.0,0.00863669281834641,0.30361708394698084,2.637201448906965,3.469039615485712,11.134617618017106,28.32265336098117,-0.25548841857233845,-0.45368266942568375,0.4386357087235018,1,-1,-1
1093,2024-10,ЖК Борково,0.0,7.31791776030612,3.0020058502340095,0.0,1.088457793987225,0.0,0.0,19.68214194892031,0.0,0.0,0.1741892689993314,0.08709482950746601,1.7670489748161355,2.9609656392499666,11.150187623416269,31.173720714844304,-1.3107849997399428,-0.7604548434858477,0.4751079257969497,9,20,17
1094,2024-10,ЖК Бортниково,0.15022886438382665,1.3002611551011076,4.85485466664578,0.03431372549019608,7.2541378343114875,0.0,0.006170703575547866,20.597459483689107,0.0,0.0,0.20965281060290097,0.1896816939199109,3.2211345597195105,7.89357073338295,11.11571115171063,31.677754549071793,1.1252818491663505,1.4962475068110919,0.9784569171857113,0,15,23
1095,2024-10,ЖК Бушовка,0.0,0.0,1.6457429370359657,0.03426362101146565,3.646685766004108,0.17398332258465996,0.0,26.030653790695318,0.0,0.0,0.14526036221060493,0.24895085585773188,1.4758905145980536,4.028212489088471,16.82583888296032,39.52452994570204,0.902456936822242,-1.0815565832932208,0.5872780465388728,5,11,1
1096,2024-10,ЖК Верхний Икорец,0.0,1.0229230023572955,3.1649840979192168,0.0,7.05349780086412,0.0,0.0,28.267240158833534,0.0,0.0,0.0,0.2090486409155937,3.5332953797170665,0.9769710820075591,10.529358926060409,34.95413432613746,-0.01824646128823711,1.583281023776614,0.31340158511251714,1,28,24
1097,2024-10,ЖК Волчанское,0.0,0.39891304347826084,3.1014505816151297,0.0038816617708770456,4.206275793799029,0.0,0.00975660931598825,23.564723121208026,0.0,0.0,0.0,0.18502614050853727,2.7627847764829285,4.32523018691721,10.60076995627651,27.504007235670272,-0.7609822583966801,0.5139490883831845,0.26857110344591345,1,17,19
1098,2024-10,ЖК Высокое,0.0,0.995464278339872,2.3677577666179257,0.007935884340378722,4.486522663071827,0.0,0.0,21.408957045762943,0.0,0.0,0.04474383078730904,0.17943268500671689,3.3753000871054333,3.6602156092780134,8.361446355679451,23.287961427861855,-0.4551679400081218,0.5808147727995221,0.27533652691976657,1,23,14
1099,2024-10,ЖК Гусево,0.0,4.087809412938633,2.0358498925751976,0.06042903066271019,5.963931864185266,0.2552164730368323,0.0009582096933728982,21.51692424428748,0.0,0.0,0.03284005302841992,0.21499599958256513,2.163134202438743,8.934038081107815,9.988483494355314,28.608903793881044,0.9748487989689572,-0.1258958941830515,0.2449025730108784,2,25,13
1100,2024-10,ЖК Детчинское,0.0,0.955788514129444,5.186983611945905,0.021763085399449034,3.2434444236742204,0.0,0.0001377410468319559,24.913065702731153,0.0,0.0,0.05436573728321301,0.22257425659873037,1.0166240409207161,3.8212328948413226,8.114271129019086,21.843595976597324,-0.8787543691469814,0.21383846706372245,0.2785748013070613,1,22,12
1101,2024-10,ЖК Добрино,0.0,0.9454702651336451,1.955829834451104,0.0036651517372819236,3.815277863967944,0.0,0.0,22.86669472009859,0.0,0.0,0.06507250848503549,0.1765265124231223,2.4027145994396957,2.434311840084924,8.258629371912697,21.90021623245812,-0.6248200583838817,-0.21819855738743182,0.3421720512966243,1,23,14
1102,2024-10,ЖК Елбань,0.0846236541598695,4.358777468138075,3.4446564885496183,0.0,1.1095472011799203,0.0,0.0,24.018276966521753,0.0,0.0,0.25358458843427834,0.21565177873806068,2.238451389664025,3.071571124622421,13.405819734918188,35.04695371882186,0.12023307761886505,-0.32804919231061286,0.2662889562122571,0,13,18
1103,2024-10,ЖК Залужное,0.0,18.03579703429101,3.5355315243115992,0.0021919868554095044,5.23978259502715,0.0,0.009966380182002021,22.568275030827387,0.0,0.0,0.0,0.19377051138127882,2.9879320079241545,4.082582038372113,11.465358586855706,30.061653831516644,-0.9160099883482914,1.708104655788148,1.3188841252229415,1,17,19
1104,2024-10,ЖК Зимитицы,0.16418161933853756,2.814765903597975,2.7623067793854656,0.03949255377826806,6.263888325135015,0.2276242672373686,0.0,24.149849173031207,0.0,0.0,0.3341246747369612,0.18952096389439213,2.5911519269088905,4.792385971288388,12.384690722757078,37.43285414188979,2.6574783151209895,-0.08029297322659097,0.2236854929157574,0,33,10
1105,2024-10,ЖК Колыбелка,0.0,33.42337375964719,3.5879673821143037,0.0009403045411669586,6.118038435424843,0.0,0.006445896779409783,26.170080958818634,0.0,0.0,0.0,0.17063464969668135,3.282757757903494,4.282960735718821,11.478763025572757,29.495779024132055,-0.936876668628191,2.5587483029681475,0.6568489981279259,3,17,19
1106,2024-10,ЖК Коршево,0.0,0.5272683304339774,2.0098413514853966,0.017417189182342138,3.7694269736260604,0.0,0.0,20.039130250768512,0.0,0.0,0.10996847471604752,0.21005790740136152,2.220005638189086,2.745451985125858,8.929552580178813,23.5029971088036,-0.3498755655439646,-0.30746171665239364,0.18930991808453976,1,23,14
1107,2024-10,ЖК Курочкино,0.13050346787947698,5.760961365449035,0.0,0.0,1.4048067037805754,0.2758865671641791,0.0,27.18044363034356,0.0,0.0,0.16950873857971407,0.2619216056034483,2.0946591628502156,5.876639164371637,20.28640112543598,51.508396816953976,1.539409503452455,-1.7074026246544185,1.3501104391795324,5,19,21
1108,2024-10,ЖК Курская Васильевка,0.09349834437086094,1.207489769289585,2.5775885745674265,0.023956994273694052,3.2409305563692463,0.20621960978871642,0.0,23.625655772856486,0.0,0.0,0.2781839601268691,0.21024293722874138,2.9666972749866853,3.7752990629635885,11.988250103324644,35.5423637544956,1.77752947466528,-0.30255064359422684,0.6583967328733311,0,33,10
1109,2024-10,ЖК Наратлы,0.1709850136239782,0.7267230507801293,2.6061900237769002,0.0290566408167272,2.8872984334693492,0.17118723085265877,0.0,21.512865675486427,0.0,0.0,0.08388385370205174,0.19675904515386827,2.445768775466107,5.099249665192904,11.95843286458501,35.08159552840005,0.7468181428888259,-0.4396195307613953,0.23807803011857795,2,33,10
1110,2024-10,ЖК Нестерово,0.2596747235366896,1.2935326274384882,2.922633721340388,0.024729873687414396,8.190312154835004,0.28839438343708473,0.33773672296939533,21.444379684608936,0.0,0.0,0.2131370494726723,0.18528596847545523,3.5025674243240332,2.69861310590334,12.813567390154748,41.73427722585816,3.8272004640857924,0.9699278623633526,0.16371324003298732,8,31,5
1111,2024-10,ЖК Огнева Заимка,0.018555089287519973,1.662829717212388,0.7633360643331687,0.0,0.8653770621251102,0.1775883714801988,0.0,20.71529958220693,0.0,0.0,0.05145061229822665,0.11985098033473417,0.719905418564128,4.844161999121997,13.30027208805347,35.89761998162696,-0.936278262527679,-2.3756566732131033,0.08757611748342946,9,32,8
1112,2024-10,ЖК Озерки,0.0,1.7132961226910266,2.5700778996327407,0.0,3.7728703129418197,0.0,0.0,25.08096114608017,0.0,0.0,0.0,0.20120511841748098,2.621177534991921,6.054563378546091,10.67147993581623,35.703792392880956,-0.7518781560186913,0.2079740259175159,0.39593934335012215,1,28,24
1113,2024-10,ЖК Пеневичи,0.18954167948323591,0.0,0.27392393867924525,0.028976377952755903,1.6265349357182783,0.24435558289756998,0.005437373737373737,27.657014702810407,0.0,0.0,0.33934174100276837,0.2267620584575993,2.2821543662886095,3.09732282202031,18.538745484581028,49.388942500326806,2.62571077933649,-2.0048817320900554,0.5312247812773162,0,12,7
1114,2024-10,ЖК Пеньково,0.0,4.010081771227307,1.7788537549407115,0.0,0.8580688192451493,0.0,0.0,24.328027765405402,0.0,0.0,0.125916988809766,0.27707445203018327,1.8763122252497728,3.843534527329874,10.820006267902,31.651455202422873,-0.44609541781482986,-0.8341117049096628,0.4392577619250111,9,20,17
1115,2024-10,ЖК Песковатка,0.0,1.1674970210097209,2.15992028240194,0.00512998266897747,4.7695224122754025,0.0,0.0,23.28646390489808,0.0,0.0,0.1384523292824074,0.2140351371537208,2.3523508959540775,3.303781317728652,8.842912185146039,23.65033579139315,-0.026007244891611766,-0.030287477652685246,0.34359275129730615,1,23,14
1116,2024-10,ЖК Петровское,0.0,3.2155737609739794,2.8383759442184777,0.005923294022779962,5.304587509163573,0.0,0.007499320124320124,25.47304348460209,0.0,0.0,0.0,0.1844205265289591,2.6559164792577192,2.1077062489797735,10.866430191145644,28.354624520621645,-0.5912147811307001,0.6993916075898434,0.1346179556597467,1,17,19
1117,2024-10,ЖК Петропавловка,0.0,0.6332804613471681,2.2418205070855484,0.0032861476238624874,4.616198582778179,0.0,0.0,29.29145395629859,0.0,0.0,0.0,0.20333480142172772,2.7188612496172357,2.947170345393238,9.173804563445753,29.113496446814516,-0.3760605793592923,0.29179555690605,0.1637532045932615,1,30,3
1118,2024-10,ЖК Плеханово,0.11517859868722331,5.795754154190761,1.7135977931155757,0.0035293448589626933,2.390797711716548,0.14686772486772487,0.0,22.4017804657093,0.0,0.0,0.1091359410335874,0.22958988608645362,1.1618883931836466,6.334547374014932,11.761102837464577,34.30304203494166,0.18901286138318837,-1.2426758031008904,0.7352962402199879,9,33,10
1119,2024-10,ЖК Подболотье,0.25208400797841135,1.9592173945247688,1.0351702279930477,0.030671710459053265,7.006134783449145,0.3878909803488629,0.3226417031022278,27.076980967863445,0.0,0.0,0.19995772756407,0.21711084237029402,2.650191767303212,2.437282598637945,13.035958506344524,42.7617041854001,4.298173129265501,-0.3950142686115401,0.07870807864222384,8,31,5
1120,2024-10,ЖК Семено-Макарово,0.0,4.063758576825012,0.5427412519675505,0.0035113209831698754,5.641601015116984,0.0,0.0,17.5291969625613,0.0,0.0,0.0,0.18620828171817597,2.9419860120503047,3.3432107276060434,9.538729284783019,29.291173526655655,-0.7066178606588689,0.11362223338058079,0.13974664298199432,1,-1,3
1121,2024-10,ЖК Старая Чигла,0.0,2.8011920904374157,2.506730118370396,0.0,5.393085230496453,0.0,0.0,24.680191933493802,0.0,0.0,0.08345647579752441,0.20550693225589858,2.4785166346413425,2.812512869694345,10.594298707277266,31.367605887928576,-0.23363707826588367,0.40729204244403294,0.27852980148023443,1,20,17
1122,2024-10,ЖК Старое Резяпкино,0.0,0.8364250577049319,5.1584986309024865,0.01641031851762141,1.3548440261882992,0.0,0.0,24.836524840259546,0.0,0.0,0.0,0.1502088780784433,1.3297418106611516,2.5278463494913224,9.748518560624767,29.20328793710711,-1.6167146390185205,-0.030721999020539688,0.05021960791708648,1,30,3
1123,2024-10,ЖК Сугоново,0.0,1.9485294117647058,6.7496634467773555,0.0,6.090455372143571,0.0,0.0,30.491551407223785,0.0,0.0,0.0,0.303031862745098,2.4198250728862973,3.0383006163489945,11.055045362541815,36.70986993544695,-0.20168706063839398,2.3707492019399874,2.7602250174411016,1,28,24
1124,2024-10,ЖК Уланово,0.0,1.1957874118314251,1.8034526642889934,0.07190802524797114,8.055959306572761,0.26006209779440076,0.009843703035767959,25.081953640716925,0.0,0.0,0.01945388028220234,0.21803255087599432,2.3272917364219254,5.98953792051521,10.4706908415831,29.604695373199462,1.5701436137271838,0.1849758144308796,0.2660822380978556,2,25,13
1125,2024-10,ЖК Шацк,0.0,0.8265339410068965,2.713395418009277,0.019633966762499122,7.007077247356861,0.0,0.0,22.714371201611275,0.0,0.0,0.21483453153988868,0.20457475150583745,1.9841206449281537,6.952660812873589,9.518915919119838,25.918341258210823,0.5493017579489442,0.1211560343409521,0.2416697508481724,0,23,14
1126,2024-10,ЖК Щучье,0.0,31.72467371037912,3.086544270607234,0.004096436386370741,4.0678726533404275,0.0,0.007721162863394811,23.194971637803857,0.0,0.0,0.0,0.17401791250430587,2.683425657322903,1.9173120728929385,11.59769078594151,30.037581271002086,-1.3648080933103997,1.709560025810354,0.10058481586632707,3,17,19
1127,2024-10,МТФ Каширинское,0.0,0.0,2.593103448275862,0.0,2.273171238570241,0.0,0.020966802562609202,33.04087328381724,0.0,0.0,0.015034836817015035,0.14448418674698796,6.228794458798307,0.0,20.734988076042995,61.56017108608317,0.1424658897517955,1.7347377022672503,0.7337066077256299,1,-1,-1
1128,2024-10,МТФ Щучье,0.0,0.0,5.038769927365343,0.0,1.5621161690215943,0.0,0.011400651465798045,23.796371915841295,0.0,0.0,0.0,0.19921905071521456,1.6083838179290335,6.927931596091205,16.28275169915285,48.979012220008634,-1.4416939556864603,0.12302299360450066,0.34865017094074097,1,10,-1
1129,2024-10,РМ Кольцово,0.0,0.0,1.3442179712408096,0.03370053630961009,0.5760529088750371,0.0,0.0011233512103203363,12.043781972005624,0.0,0.0,0.008582462918699452,0.1449356431418923,0.4928624491606497,6.246557472097406,14.431321315349308,36.67735423815543,-1.9959967585236653,-2.1232641977436986,0.18853283495701775,9,8,-1
1130,2024-10,РМ Пеньково,0.0,1.9086719977771982,1.2252246943935545,0.0,0.0,0.0,0.0,10.470776051634827,0.0,0.0,0.0,0.18784937120248693,0.9630683311385935,7.980887818888326,16.192611343346304,47.52180453669587,-2.1920369342215427,-1.8115183406975721,0.4076016105291964,9,4,25
1131,2024-10,ЭФ Родня,0.06542843529635982,0.0,0.0,0.0,0.0,0.0,0.0,31.651609068944687,0.0,0.0,0.16243740278209856,0.0,2.3386788752234926,6.0,25.41142867784311,80.59864251181911,-0.6266547204845154,-2.4469907385118272,0.23554816832858455,4,0,29
1132,2024-11,ЖК Авангард,0.256742846361864,1.392489301144624,2.3292060633348344,0.02113821138211382,7.794936650497918,0.42091221206435386,0.3427160241494246,23.72255902336031,0.0,0.0,0.25522370152989665,0.19550208364563032,3.260373978026499,2.3053343779852185,13.050045148162063,42.45258670706096,4.592481650472512,0.40331516745756985,0.5509191285568276,8,31,5
1133,2024-11,ЖК Аристово,0.0,0.9945820433436533,5.792026678793391,0.0,6.668984929045506,0.0,0.0,32.088934521408575,0.0,0.0,0.0,0.0,2.1410603715170278,2.2463358044253297,14.334237151763947,45.697215324506544,-1.2120624686986647,1.1766776366483076,0.3414644096786022,4,5,28
1134,2024-11,ЖК Бобров,0.0,0.7458632223409989,2.3690518563136567,0.0004981658439382274,4.839677864581735,0.0,0.0,26.58851144628809,0.0,0.0,0.0,0.22640993108994045,2.764998255853304,2.508858524983371,8.9015236790399,28.112213697939545,-0.4030296391553769,0.49712054049561405,0.15262217882943438,1,30,3
1135,2024-11,ЖК Бобров 2,0.0,0.7853236579569014,2.500031527497477,0.0033950972493957876,4.865497740771263,0.0,0.0,22.022435042017527,0.0,0.0,0.0,0.1905014343909576,2.734744618527029,2.9694993841918422,9.230159010336738,29.154837197844724,-0.7316332706427613,0.46019985672824815,0.07427790999485526,1,30,3
1136,2024-11,ЖК Богданино,0.0,0.0,0.0,0.0,4.611586988686804,0.18123277710180194,0.0,27.413320352201257,0.0,0.0,0.19872579656862743,0.27983328851841893,2.421262254901961,2.317009422342653,21.188339433342254,61.323039192963044,1.5259657319827484,-0.9536964670687906,0.5041314309486921,5,3,-1
1137,2024-11,ЖК Бодеевка,0.0,0.8127100408868257,1.7831737536292744,0.009377722464219041,3.1785680920749146,0.0,0.0,20.070273859146127,0.0,0.0,0.004507797413428323,0.1004707978176367,2.1305878032523387,1.8546007658377726,7.332608906457839,20.485211400392657,-1.3980615524909639,-0.6227360376916823,0.34045838268786077,9,23,14
1138,2024-11,ЖК Болдасовка,0.0,1.6770041705488266,4.521042670095862,0.0,3.3555209519365374,0.0,0.0,27.323587392550145,0.0,0.0,0.010145597030315529,0.3289807384697414,2.2029817205732285,2.225045041389385,9.717648308634496,30.06196906908596,-0.4209436580398486,1.0253264479693913,1.4882349967679869,1,20,17
1139,2024-11,ЖК Борково,0.0,7.62572137420542,3.7760418154761903,0.0,1.051302755938441,0.0,0.0,26.13562205168953,0.0,0.0,0.211523592432186,0.1057615682698883,2.050595386904762,1.2272621185514065,11.314718547853177,31.39298026124837,-0.7957528392531305,-0.3221295460791754,0.6763040682136707,1,20,17
1140,2024-11,ЖК Бортниково,0.15712676518883417,1.4123240737309428,5.57453553814661,0.03843316243591347,6.748317287211383,0.0,0.004114042766037264,22.41460002194667,0.0,0.0,0.23696828522351165,0.20821431274121535,3.405236095870368,7.391756995071044,11.075743360016721,31.586422905073217,1.3701468742192942,1.7759937954606342,0.3717752903399737,0,15,23
1141,2024-11,ЖК Бушовка,0.0,1.639344262295082,1.4460482374768089,0.03563941299790356,4.1303440759120695,0.17426491236506142,0.0,26.880732758542532,0.0,0.0,0.23110193664614925,0.3593026674883352,2.786853436504324,3.6832492753344983,11.146740550701548,30.01424092152601,2.112156855446145,-0.15792248195098993,1.5219966643461964,5,26,4
1142,2024-11,ЖК Верхний Икорец,0.0,0.9833860376786941,3.168502743738912,0.0,7.497107416308648,0.0,0.0,29.36219257040823,0.0,0.0,0.0,0.2278767316935256,3.5661662588453145,1.3784141385502315,10.581334275425665,35.311577629015794,0.16784288557114369,1.7086159666179617,0.22436152279656787,1,28,24
1143,2024-11,ЖК Волчанское,0.0,0.4064027604715806,3.395680821187151,0.007145044401347351,4.562754805975759,0.0,0.011231487923665639,23.51437158434319,0.0,0.0,0.0,0.20460453861748742,2.9835976750547046,3.012718387880843,10.816550043890379,27.82761975686197,-0.5894934869176016,0.8809919709202998,0.40512822212795563,1,17,19
1144,2024-11,ЖК Высокое,0.0,0.8122297050870905,2.3146630502054757,0.011043378390317165,4.383290221975131,0.0,0.0,21.673251335569635,0.0,0.0,0.05104788213627993,0.1751706014006209,3.3709778109081876,2.284656422880613,8.471341459247688,23.03068019137651,-0.4195466060527604,0.5412566479062392,0.053232740656779555,1,23,14
1145,2024-11,ЖК Гусево,0.0,4.232147470796553,2.0492735422170045,0.04709388971684054,5.8646520983336226,0.2497479217208475,0.007779433681073026,21.29081617842876,0.0,0.0,0.031476593062276355,0.19729239210342292,2.0858117602261954,8.384977645305515,10.44986040249478,31.089453151106824,0.7451959794407124,-0.1768621691884783,0.23524025740761587,2,25,13
1146,2024-11,ЖК Детчинское,0.0,0.3846042225930494,4.893203930141494,0.025553082864249246,3.6257190501004986,0.0,0.00013090718680455556,25.756244196815786,0.0,0.0,0.05840562140804598,0.22153360660678764,1.3331363122462614,3.5275555201891597,8.093689598274409,20.562117116639456,-0.6474387672442983,0.30452459330402387,0.24845700065820733,1,22,12
1147,2024-11,ЖК Добрино,0.0,0.8394699871846105,2.0029663068153156,0.0038508934072704866,3.73733030599561,0.0,0.0,23.471588365259954,0.0,0.0,0.06301307897367545,0.1780025458375142,2.432225272533391,2.106337404359304,8.232064641315475,21.790720253354326,-0.6064806792016093,-0.192285222588444,0.03174639742074049,1,23,14
1148,2024-11,ЖК Елбань,0.08258298082733616,3.772758397495891,2.5954757888332733,0.0,1.0447560947164378,0.0,0.0,21.907860524544006,0.0,0.0,0.2464777034867658,0.21087362956996464,2.3989797288226606,3.0515101193784906,13.330757985784153,34.75911743662471,0.07095519454722617,-0.5808753801822456,0.25758375537623535,0,13,18
1149,2024-11,ЖК Залужное,0.0,9.569193894285354,3.5660383816388848,0.011492559304552822,5.3180794673238765,0.0,0.009289966111684101,20.377107846267435,0.0,0.0,0.0,0.19681165677280085,3.013489473789236,5.557393574828133,11.506957796222737,31.299820839810113,-0.7738382051430911,1.386310804527932,0.35180122036261974,1,17,19
1150,2024-11,ЖК Зимитицы,0.16317641329187427,2.5186268948152715,2.6995614636479592,0.036653560506771515,6.171971996434002,0.22822122302158274,0.0,24.92894231475169,0.0,0.0,0.2865496572135017,0.1888024207469385,2.442833770549143,6.312800349497597,12.298908047219628,36.844282444623985,2.4216989439666343,-0.1814603410254929,0.25656723908032664,0,33,10
1151,2024-11,ЖК Колыбелка,0.0,38.91132332878581,3.6929305900748908,0.0020247371675943104,6.51438967080623,0.0,0.007725417439703154,28.65376524079897,0.0,0.0,0.0,0.19579076521842212,3.2718800642432195,3.8083391861828098,11.675098753068795,30.42329591385286,-0.7673601650363132,2.935551766458855,0.4131787689228574,3,17,19
1152,2024-11,ЖК Коршево,0.0,0.6205584754586383,2.127060758450623,0.01813412462908012,4.036390946533738,0.0,0.0,21.09587079107505,0.0,0.0,0.083016015591899,0.198018906642976,2.2099524003459234,1.9341940074722248,8.817467640529543,23.39802897841703,-0.4480681390089342,-0.19800065200878678,0.14704933239081822,1,23,14
1153,2024-11,ЖК Курочкино,0.15468522167487686,5.312869393089862,0.0,0.0,4.647975447625174,0.2849763762919216,0.0,36.65248292225061,0.0,0.0,0.35738261677566924,0.2723610822945188,2.976582013911328,6.73025948404297,20.53843547369289,51.799011609860216,3.5707250910414294,-1.0384158099241931,2.1386412449648566,5,19,21
1154,2024-11,ЖК Курская Васильевка,0.090582774049217,0.9367796027734522,2.3622428058578837,0.02695486331849968,2.8775272450350906,0.1941281946837955,0.0,25.858128775663236,0.0,0.0,0.2653585383216009,0.18926037666849516,2.382546124834708,0.9891060550777516,12.208155409832168,36.673834010830795,1.533965226411492,-0.7389834866983969,0.4997971284105402,0,33,10
1155,2024-11,ЖК Наратлы,0.1883604549431321,0.6035159611491772,2.778230211463394,0.024757684851841596,2.8658989001358828,0.1850598398396669,0.0,21.83200690220655,0.0,0.0,0.08214388072160646,0.1988073552594974,2.3528132516206517,5.672975144013094,12.02678635959356,35.09326576596796,0.8023914548354013,-0.4581187693115434,0.058571450619279264,2,33,10
1156,2024-11,ЖК Нестерово,0.2613368378061473,1.1590332639384866,2.727344282940652,0.018754688672168042,8.389181650307533,0.3127069706221092,0.3389880999655839,20.74375062837721,0.0,0.0,0.21130769503395283,0.18305476512434593,3.420254499353684,2.8993574506090654,12.854177032153551,41.5934432050983,3.8595427218430554,0.8651249842919055,0.109679828997386,8,31,5
1157,2024-11,ЖК Огнева Заимка,0.01463283560293527,0.09472345520544352,0.7634314822749365,0.0,0.8065224182764426,0.2215925020651571,0.0,22.226781548359625,0.0,0.0,0.05190063358676804,0.11842304518837166,0.6701432994480626,3.401553121722037,13.32237093788047,34.30188025568884,-0.7115799981659795,-2.490292999450831,0.252251456488249,9,32,8
1158,2024-11,ЖК Озерки,0.0,1.9248535445321895,2.6876342874042916,0.056281978396816375,4.043864606855913,0.0,0.0,26.02832410369503,0.0,0.0,0.0,0.2112156025531767,2.7220172068773056,6.705738138854965,10.621872720083495,31.824500944172616,-0.16940743127940863,0.28942223923898125,0.5881377021000815,1,30,3
1159,2024-11,ЖК Пеневичи,0.0,1.11365293668955,0.5540134249640403,0.03997458846092377,0.17374898189804056,0.0,0.005740770337222311,27.13284769758623,0.0,0.0,0.0,0.2077568282126181,1.186797765506066,2.776819025522042,11.14255520080059,30.629924439721634,-0.9292400354116821,-1.926880573290283,3.555806445245973,9,17,19
1160,2024-11,ЖК Пеньково,0.0,5.958031487685622,1.5897389674069802,0.0,1.0066443808151961,0.0,0.0,26.558151112354068,0.0,0.0,0.14987902123393784,0.29667136573406405,1.850147762411227,3.27367258513218,11.019874635961733,31.759890320395293,-0.17088031141668955,-0.8015796704380225,0.27713117481908034,1,20,17
1161,2024-11,ЖК Песковатка,0.0,1.321892030996327,2.1495139957805627,0.010421732786771347,4.25826745144779,0.0,0.0,23.152800961181867,0.0,0.0,0.20439628924833492,0.20723917481465562,2.318906031021846,3.6198121874177414,9.26215235890049,24.64175561947457,0.20971793901371755,-0.2614384434827586,0.3301471358824381,1,23,14
1162,2024-11,ЖК Петровское,0.0,3.0256968555742096,2.742715556408134,0.011227410144440713,5.225290443227345,0.0,0.007258613217768147,24.752935608596555,0.0,0.0,0.0,0.1783184254761558,2.556514195784411,2.4693293524621946,10.974965845142362,28.750648753122917,-0.6253447363510395,0.5630496555016302,0.1405488589159193,1,17,19
1163,2024-11,ЖК Петропавловка,0.0,0.7814860061756783,2.2284502098653887,0.007201187824795842,5.453574414897009,0.0,0.0,29.936859126395664,0.0,0.0,0.0,0.19416908248446973,2.665004179575746,2.4226077361613436,9.451190785215111,29.636369546878377,-0.26272511428778217,0.39112093846968543,0.15069989736472042,1,30,3
1164,2024-11,ЖК Плеханово,0.12760149423831835,6.031597939926885,1.7209147048489108,0.000187178287318671,2.931095535917152,0.14578520499108735,0.0,20.917187890891263,0.0,0.0,0.12350891880521665,0.2668892805252112,1.4194629549307993,8.948408316262041,12.146242930425947,35.870285926951034,0.47288030153951455,-0.9821802225650987,0.38527739495016383,2,33,10
1165,2024-11,ЖК Подболотье,0.2516739917695473,2.2684267652876926,1.007303712720633,0.030432136335970784,7.464110073316357,0.39797378213802437,0.32796773912664895,27.62587684504292,0.0,0.0,0.23116329352884363,0.22318270567387175,2.6029502480463607,2.6465881152817667,13.047457652611316,42.77957861208033,4.583056979765897,-0.3836039574788986,0.28511226468897427,8,31,5
1166,2024-11,ЖК Семено-Макарово,0.0,1.1774684199350867,0.8009748172217709,0.02048276662411512,4.609607671528903,0.0,0.0,21.063249507284905,0.0,0.0,0.048859934853420196,0.21005371977109102,2.731300425490292,2.712835949758394,8.635581764182596,23.129611147983333,-0.25476892619101377,-0.23671430761948145,0.5717544503889973,1,23,14
1167,2024-11,ЖК Старая Чигла,0.0,3.4055614523202133,2.4289175481501855,0.0,5.492634902884589,0.0,0.0,25.61022338932998,0.0,0.0,0.0748770740662289,0.20840281620857162,2.4428756376351344,1.79399065008494,10.576819364121796,31.173611182326535,-0.2240238044637585,0.43908568226393946,0.033215215883576184,1,20,17
1168,2024-11,ЖК Старое Резяпкино,0.0,0.9276925375828627,5.760643283551259,0.005633802816901409,1.1289820710404321,0.0,0.0,22.706700302832605,0.0,0.0,0.0,0.144607890456954,1.1854198209263989,4.79237089201878,9.482276593956552,28.83740316316326,-1.9164733096449458,0.04044644800307336,0.308091233999727,1,-1,3
1169,2024-11,ЖК Сугоново,0.0,1.4885496183206106,5.574541070847212,0.0,5.694327576882421,0.0,0.0,34.55214467792785,0.0,0.0,0.0,0.30303105590062107,2.4510166358595193,1.4502951679906713,10.834214350486555,35.90307462700242,0.022043986791599735,1.8736638580465337,0.5451141354778789,1,28,24
1170,2024-11,ЖК Уланово,0.0,1.1329080308568313,1.8080389741859286,0.07041960223579878,7.818581620160429,0.25004991838355317,0.008163265306122448,27.496658043404974,0.0,0.0,0.019398374369435614,0.21554098013046785,2.1956563143226653,6.2853816276759105,10.364469344486684,29.253539106836946,1.5524280711976497,0.054472541305504815,0.1317002078341257,2,25,13
1171,2024-11,ЖК Шацк,0.0,0.885921852646638,2.610550284133393,0.01783582359538367,10.463767659700608,0.0,0.0,24.84367953222068,0.0,0.0,0.23281629545021892,0.22055962593201062,2.1341872234766988,7.576274610972231,9.58595050157002,26.342798202345655,1.2469771660215783,0.7576404953179103,0.9443852201800098,0,23,14
1172,2024-11,ЖК Щучье,0.0,32.222591362126245,3.23769170456034,0.008874034334763949,3.867616340652544,0.0,0.007401931330472103,25.476032115198162,0.0,0.0,0.0,0.20834640615748964,2.4260262271116724,3.0958034800409417,11.732244179292678,30.674621099813724,-1.191588412166398,1.650599266738599,0.1829793131639398,3,17,19
1173,2024-11,МТФ Каширинское,0.0,2.2265917602996255,3.045977011494253,0.0,5.393694732795079,0.0,0.02320316921335597,33.009655172413794,0.0,0.0,0.013370865587614356,0.15746398952422522,5.886430678466077,0.0,18.24359694796647,50.03823033899825,0.43352052751019593,2.392418446561559,0.7192056476253433,1,-1,-1
1174,2024-11,МТФ Щучье,0.0,0.0,5.125781901584654,0.0,1.9651116957771388,0.0,0.0052328623757195184,26.72989263748731,0.0,0.0,0.0,0.1990008630787251,1.8270900129382046,6.803244374672946,15.989690911666838,48.75937396482119,-1.2380196517979138,0.3239094052238711,0.28607441765699904,1,10,-1
1175,2024-11,РМ Кольцово,0.0,1.2634074556269559,1.99353363086383,0.04329221279876638,0.8160618186835932,0.0,0.001156515034695451,14.287665810218192,0.0,0.0,0.013553453727024276,0.1947769985748907,0.8189535473605392,5.673554356206631,8.487931905515072,25.000451043454532,-1.5706099494220964,-1.5115187086666422,0.7451083684698095,9,22,12
1176,2024-11,РМ Пеньково,0.0,2.5349973583132632,0.9019492216527256,0.0,0.0,0.0,0.0,9.054860686092619,0.0,0.0,0.0,0.18105927366757463,1.0457038222315682,7.8247833216209886,16.20270872891661,47.400029342271814,-2.2485296436675157,-1.8678256453242303,0.07976176261133164,9,4,25
1177,2024-11,ЭФ Родня,0.048161330381728845,0.0,0.0,0.0,0.0,0.0,0.0,27.282324134124462,0.0,0.0,0.16008494951866636,0.0,2.695545350351654,6.099805068226121,25.27472485104683,80.33205275594524,-0.8010800199635757,-2.219086995788675,0.286991813551503,4,0,29
1178,2024-12,ЖК Авангард,0.26259468818600623,1.4058097543553316,2.2638272255248704,0.00486961985548225,7.961387782969203,0.31261447956702487,0.3502436075812386,24.604722198798356,0.0,0.0,0.28503104706930943,0.196169254635872,3.277161769544617,1.9397544937589126,13.016070638976503,42.22416464181781,4.276673149470739,0.4968884462409306,0.32937967121128686,8,31,5
1179,2024-12,ЖК Аристово,0.0,0.7665672967863895,3.952019002375297,0.0,6.697412124149017,0.0,0.0,32.236041509077154,0.0,0.0,0.0,0.0,2.760869565217391,2.8356818979862903,14.239436406657068,45.57155679712565,-0.9185624312559824,0.799016501141863,0.47829928418394385,4,5,28
1180,2024-12,ЖК Бобров,0.0,0.8414736803965333,2.2217938991418835,0.0020313004939753474,4.399841216993283,0.0,0.0,23.72259067163642,0.0,0.0,0.0,0.2180315056611735,2.5876974781853677,2.7677312534339835,9.087820515234435,28.823820964970015,-0.6342028806597022,0.2640770820413617,0.32825344037181997,1,30,3
1181,2024-12,ЖК Бобров 2,0.0,0.8488326987602868,2.4071652322009673,0.0032200357781753132,4.69981280874589,0.0,0.0,20.957165040065536,0.0,0.0,0.0,0.190419456191146,2.7859244829026455,3.2025865236240723,9.22808758541971,29.15280167583516,-0.7824605329725455,0.42737064244768996,0.060507585526275165,1,30,3
1182,2024-12,ЖК Богданино,0.0,0.0,0.0,0.0,5.495879027649567,0.17510684711834884,0.0,27.629734993218367,0.0,0.0,0.20240075549450548,0.21211384641236763,2.634271978021978,1.6312358987214841,21.14930036976665,61.05413686870556,1.4220688808958686,-0.8407078061483709,0.15349590601172028,5,3,-1
1183,2024-12,ЖК Бодеевка,0.0,0.9850135457852806,1.7511177953717638,0.004670569186698219,3.139490835563152,0.0,0.0,19.934003430489092,0.0,0.0,0.004593628552743346,0.097255456957215,2.100661860667454,1.4475321636908849,7.122254987394319,20.21925911700461,-1.4679439674758987,-0.6417592018008875,0.07242535948721554,9,23,14
1184,2024-12,ЖК Болдасовка,0.0,2.982116300261989,3.2751424355050287,0.0,3.7676449077238554,0.0,0.0,28.186465431273774,0.0,0.0,0.0068391693193876005,0.2757203462737929,2.097391274632646,3.1523068371317398,9.700271424438899,30.13538610079675,-0.5009396197364416,0.47078140011516567,0.560285252337957,1,20,17
1185,2024-12,ЖК Борково,0.0,7.275422030691153,3.2981823491239455,0.0,0.9315992119225968,0.0,0.0,24.474631222690387,0.0,0.0,0.20207181719260064,0.10103627130939427,2.0953926670992864,2.799222619480992,11.272462239414605,31.8862310838618,-0.8868390641944379,-0.5373050509932736,0.23366043372615652,9,20,17
1186,2024-12,ЖК Бортниково,0.1539898728944921,2.5025820856995353,5.185224393460831,0.04728927582113178,7.4409483751045915,0.0,0.007010948423690806,21.88613881991564,0.0,0.0,0.24195009620501903,0.19639257534703738,1.9679486585490094,7.465024442008942,11.341576598715191,33.45265436366002,1.1645646206005436,0.9889951272091697,0.8134070117920934,0,15,23
1187,2024-12,ЖК Бушовка,0.0,0.8615830935447093,1.53507965122696,0.032951585562492246,4.8694064964375805,0.14612732364094774,0.008578762496622535,23.427946444458566,0.0,0.0,0.21057063074901444,0.31867544148294397,2.289451850416586,2.8489992416302394,10.589692306966652,31.695582963514752,1.5837009159444095,-0.28829398707358483,0.5442999259072087,0,25,13
1188,2024-12,ЖК Верхний Икорец,0.0,1.2929341610278475,3.162001025456698,0.0,6.84174169835503,0.0,0.0,29.737751413916754,0.0,0.0,0.0,0.1853889579944503,3.6770641005855382,1.5064298836497245,10.614780720908636,35.387243669155815,-0.04042032368887903,1.5500402432526066,0.26176291634249804,1,28,24
1189,2024-12,ЖК Волчанское,0.0,0.4348238868318618,3.5086697148040336,0.008728813559322033,4.472670265895316,0.0,0.009576271186440678,22.34100681354869,0.0,0.0,0.0,0.18462774098128737,2.9418930105462437,4.258567247148808,10.800564053249271,27.955867134516595,-0.7346462628096738,0.8109075710119251,0.16118669752709472,1,17,19
1190,2024-12,ЖК Высокое,0.0,1.0287304076148305,2.3537100226619185,0.010581569738376937,4.1799878417703304,0.0,0.0,22.465794726188456,0.0,0.0,0.040162213140521846,0.15457949581361485,3.2999261048217012,2.124564588790696,8.375045485983964,22.771445401928336,-0.5656396291271499,0.45446957160980567,0.16992694901956276,1,23,14
1191,2024-12,ЖК Гусево,0.0,2.834883958534073,1.8974129582637043,0.07171797829237275,4.852908233878247,0.2574478964602182,0.004199568213409044,21.030076921044387,0.0,0.0,0.024908130576368114,0.16157598895750555,2.4419568804513534,4.940080061729216,10.362911666388728,30.667649379191445,0.757968183176138,-0.312420162843856,0.13615835939130083,2,25,13
1192,2024-12,ЖК Детчинское,0.0,0.7257165139403392,3.3375416963158497,0.027675537938844846,3.5617329494128276,0.0,0.0005662514156285391,23.741546692579604,0.0,0.0,0.05793030466433001,0.21634954650542415,1.4385046978193148,3.9508311904889992,8.35591116397522,22.451749663774923,-0.6125389665844712,-0.2303552138354691,0.5360171677956564,1,22,12
1193,2024-12,ЖК Добрино,0.0,1.1597222935936966,2.1079219078617926,0.010641316685584563,3.8628686115065145,0.0,0.0,22.77803854631754,0.0,0.0,0.06924850696748508,0.16938401073328987,2.4896977728377077,3.496288441145281,8.6390302716772,23.396348103238758,-0.5654747875064796,-0.15711718535992517,0.05402105141719469,1,23,14
1194,2024-12,ЖК Елбань,0.10293053796413572,5.793723186248784,2.4761490651456635,0.0,1.1426854346948374,0.0,0.0,21.087915821158273,0.0,0.0,0.26292468483781545,0.24095770753472004,2.770036384616508,4.408928446432044,13.57010983066085,36.01958636555744,0.3674287757210428,-0.3193035193956435,0.3953687173884565,0,13,18
1195,2024-12,ЖК Залужное,0.0,9.498064343879323,3.656763888888889,0.01070373291272345,5.45905802672039,0.0,0.011111198738170345,19.31510652029736,0.0,0.0,0.0,0.17570054305663305,2.8076774694871465,4.989272866374749,11.566440401728363,31.240718255504884,-0.9406725269607208,1.3021617462751154,0.18685490344431518,1,17,19
1196,2024-12,ЖК Зимитицы,0.1559843790012804,2.1423982285380574,2.767513438096637,0.04160144491270319,6.314322692247209,0.30206052736715944,0.0,22.93758023086789,0.0,0.0,0.28569471373696725,0.17269028315087662,2.0699799367811043,6.662653020268914,12.473940433990125,37.26658073476836,2.5125101272848682,-0.4473176350274608,0.28093908910955534,0,33,10
1197,2024-12,ЖК Колыбелка,0.0,49.58484299516908,3.946918460685577,0.005799066026722013,5.468502992330768,0.0,0.007372681281618887,22.261035876765472,0.0,0.0,0.0,0.16646154655998316,3.022077221495802,5.30398133808447,11.89920299309471,31.75432676687925,-1.5019276520800915,3.0616308893493045,0.7453088878113802,3,17,19
1198,2024-12,ЖК Коршево,0.0,0.6785849667250438,2.015288280140302,0.011894790055905793,3.5722170161496427,0.0,0.0,19.962532354764374,0.0,0.0,0.10166720205589463,0.2029479004370131,2.2552286238998134,2.693119473912168,8.780259135805663,23.25324241063975,-0.4823607486921941,-0.31212040190384355,0.11916081736459648,1,23,14
1199,2024-12,ЖК Курочкино,0.15024738332717646,0.0,0.0,0.0,4.393486065994187,0.24865742766836857,0.0,40.91948232395432,0.0,0.0,0.4382314498204821,0.30288482889594975,2.809247270004748,6.73221230914105,23.645059082063984,66.18077722529786,4.097933708953883,-1.4134949957787504,0.647018796065831,5,3,-1
1200,2024-12,ЖК Курская Васильевка,0.11641078641007366,0.8415305718958237,2.1225755893685103,0.022921238722262864,2.764739150036534,0.1861047026052761,0.0,24.607990385180695,0.0,0.0,0.2791967535093293,0.18738551432207132,2.3539059559077784,4.879053889295294,12.090824070537161,36.087187225300134,1.5646650515945038,-0.9803544507424532,0.24331547741527793,0,33,10
1201,2024-12,ЖК Наратлы,0.18217863105175292,0.6262477761564903,2.8458402700574394,0.028315451830549718,2.9125527633087156,0.1933425887515326,0.0,19.428154165011357,0.0,0.0,0.09045635871962562,0.2052767169251595,2.4203951232675456,8.75160146601921,12.055438187195582,35.17801550465047,0.830580137491999,-0.45190372369421883,0.028865699747967245,2,33,10
1202,2024-12,ЖК Нестерово,0.27268744727086797,1.2387375837820018,2.994891443167305,0.020803389061199787,8.570388147487403,0.27222769451642276,0.35456652179470793,20.541928766028015,0.0,0.0,0.22163435750279953,0.18764763558078312,3.6930388649240053,3.996696091075551,12.75145636043139,41.297862231249454,3.9204457796537397,1.146831709868604,0.2882149574290635,8,31,5
1203,2024-12,ЖК Огнева Заимка,0.0159082236519006,0.48200163678297747,0.6639415052054098,0.0,0.8553716456965686,0.2366998268698061,0.0,23.75994515968032,0.0,0.0,0.05563226344469342,0.12621584250406975,0.7407391151589443,5.216328151594236,13.3369122565171,34.6253291786745,-0.5022212272475731,-2.5203687987648613,0.21150803451605232,9,32,8
1204,2024-12,ЖК Озерки,0.0,1.5590412975279206,2.3878376469588027,0.016092502086065084,3.585959708205957,0.0,0.0,24.309430167021343,0.0,0.0,0.0,0.17787243612519782,2.5203052417442637,4.58164182883284,9.907411720377155,30.45350941976973,-0.7830051944237975,0.008511783808881818,0.6748428697895114,1,30,3
1205,2024-12,ЖК Пеневичи,0.0,1.4332086732381601,1.356271714586783,0.028497215113653468,2.5015215716731123,0.0,0.007261929850970947,27.832567399166834,0.0,0.0,0.0,0.2584976489916157,1.3748867833673237,3.2941297013838313,11.008025441602548,28.070605666241654,-0.5187218397679377,-0.9815204529745769,1.0306458877994527,9,17,19
1206,2024-12,ЖК Пеньково,0.0,6.130602689815381,1.4587138687505885,0.0,1.074688319800125,0.0,0.0,24.221525594592975,0.0,0.0,0.1634191034093973,0.291330119574428,2.008944487336409,5.432152972995698,11.113176724929913,32.03831643909846,-0.17247733026206663,-0.8180763107855639,0.016573762757702913,1,20,17
1207,2024-12,ЖК Песковатка,0.0,1.493084202103338,2.245682286328842,0.0033464962184592733,3.1807542860246003,0.0,0.0,23.570062800320677,0.0,0.0,0.21402314049586776,0.20765710012576621,2.364676106267016,3.3779030960653103,9.049892979493686,23.538293631938718,0.08085472132175656,-0.3834810635160728,0.1774827596656127,1,23,14
1208,2024-12,ЖК Петровское,0.0,4.876383097481695,2.902101638209506,0.010996507197290431,4.896949416383814,0.0,0.009186416624429802,25.64852921303373,0.0,0.0,0.0,0.17522589377083816,2.6303209566144377,2.639853663054552,11.213305398225296,29.319838752172714,-0.6586591284545809,0.660185309388483,0.10268974621282764,1,17,19
1209,2024-12,ЖК Петропавловка,0.0,0.9307926648278565,2.2336246648487683,0.004585300067430883,4.954864498815703,0.0,0.0,28.047686972472068,0.0,0.0,0.0,0.19397271815634343,2.700488955681978,4.313241386646135,9.402432480865146,29.724267741887374,-0.4166200558115571,0.2995436622791552,0.17908112837784657,1,30,3
1210,2024-12,ЖК Плеханово,0.12730496108949416,5.909573855146924,2.216553518193327,0.0,2.7759291572048803,0.15825349162011174,0.0,17.312315398100974,0.0,0.0,0.12033884463754124,0.25210803434354917,1.3915885642277703,9.159248696453778,14.31262246561495,39.52440068070615,0.2299310088027166,-0.8691811943088339,0.26794241774711686,2,32,8
1211,2024-12,ЖК Подболотье,0.26257618997803117,1.8914293921154126,0.962698572290368,0.02764930625377036,7.40811808507169,0.3061757090737907,0.34373308094866944,27.716737767958566,0.0,0.0,0.2265729131564358,0.21323968027345583,2.845542758688161,2.6023112449602213,12.978191300260013,42.5543989372222,4.279738756624562,-0.2302217367842725,0.3398941748762863,8,31,5
1212,2024-12,ЖК Семено-Макарово,0.0,0.5585781657305444,0.7993193971803597,0.01798736023334954,4.578326596569619,0.0,0.0,20.447801872798877,0.0,0.0,0.07846390458254865,0.22469990658263492,2.705191746740671,3.586516255746907,8.721895023002954,23.100197301973175,-0.10820743453050012,-0.3009272859730586,0.16001117906818815,1,23,14
1213,2024-12,ЖК Старая Чигла,0.0,2.8963039367984997,2.2912243773064276,0.0,4.60934826885333,0.0,0.0,24.352591514423793,0.0,0.0,0.07677437753647033,0.20266918594650382,2.3618300294445933,2.5207568828201845,10.514767152059104,31.092179165797617,-0.40053387233647675,0.14327749089000807,0.3444681264563501,1,20,17
1214,2024-12,ЖК Старое Резяпкино,0.0,1.4491296713139195,5.028953182999257,0.006624710168930109,2.4472007090264523,0.0,0.0,18.436131261496758,0.0,0.0,0.0,0.16677583944798094,2.397105878492021,8.135144087446173,9.804946285180415,30.216496160237455,-1.5095609595996615,0.6612542477189707,0.7422802602841259,1,30,3
1215,2024-12,ЖК Сугоново,0.0,1.4387755102040816,3.728601892105232,0.0,6.4730820043732615,0.0,0.0,31.153463110594085,0.0,0.0,0.0,0.3017168674698795,2.3694353439969165,3.2706282851800896,10.799638630400167,36.162694928332705,0.09107763003421572,1.2502478992395527,0.6272265153790744,1,28,24
1216,2024-12,ЖК Уланово,0.0,2.114933734689353,1.9601091295272273,0.05656339176518549,7.119740730889435,0.24887196570410514,0.005748063595597228,24.353278534354285,0.0,0.0,0.01684740582538572,0.18920811030395718,2.5967360549037504,3.465621938459154,10.247067967035166,29.53774984611706,1.1421811683751846,0.2853452466540592,0.47074911295761945,2,25,13
1217,2024-12,ЖК Шацк,0.0,0.8304640672903073,2.27287313568902,0.01887092162531372,9.992163002469475,0.0,0.0,26.497287143230647,0.0,0.0,0.22551523775643306,0.21873367724618079,2.2749464986076506,5.8051778177567614,9.53165423301952,25.895916548251513,1.2795489955575303,0.6584360322216388,0.10441479577884838,0,23,14
1218,2024-12,ЖК Щучье,0.0,35.67367788461539,3.340490644529428,0.006105547719793136,3.9566874723158403,0.0,0.012311471556182415,21.781094632968905,0.0,0.0,0.0,0.166935632866944,2.4862405252739825,2.8134242277165535,11.935030995809596,30.851907526703485,-1.5611655400984663,1.8040827850261885,0.4001805141138849,3,17,19
1219,2024-12,МТФ Каширинское,0.0,2.273515551366635,3.188874514877102,0.0,9.027695110841178,0.0,0.0194672131147541,31.034941460525715,0.0,0.0,0.10201660735468565,0.14907749077490776,5.839665695276846,0.0,18.73865627801481,51.36041245072185,1.1346729540349263,2.9220063895685806,0.8786797565665923,1,-1,-1
1220,2024-12,МТФ Щучье,0.0,0.0,4.916221284575715,0.000881057268722467,2.1846882904765894,0.0,0.01277533039647577,20.81369304039688,0.0,0.0,0.0,0.21529485044711685,1.7685901765595138,6.038325991189427,15.636563287914925,43.45582603028079,-1.3802550808738379,0.35168357196166533,0.14492177759878258,1,10,20
1221,2024-12,РМ Кольцово,0.0,1.601590055428253,1.7077450937679466,0.039720391742818655,0.866234657969273,0.0,0.0011286270797684493,13.093354399260507,0.0,0.0,0.013181882375094149,0.18428999204676197,0.9009595899017592,5.8921979102195365,8.451456252423052,24.859272717103018,-1.652687504894392,-1.571311546087214,0.1015475677656078,9,22,12
1222,2024-12,РМ Пеньково,0.0,1.645961601155966,0.9314691240877497,0.0,0.0,0.0,0.0,8.198009623169733,0.0,0.0,0.0,0.17842129759551945,1.0141630055111386,7.525232502436526,16.053146611427877,46.89996300082653,-2.293068263972603,-1.9023707875673852,0.05636537546473503,9,4,25
1223,2024-12,ЭФ Родня,0.04879994666666667,0.0,0.0,0.0,0.0,0.0,0.0,29.149855623030913,0.0,0.0,0.19552811664641556,0.0,2.959940070505288,6.083788706739527,25.37740094524836,80.64947091172007,-0.49700683929829537,-2.1421851801228398,0.3136469168549283,4,0,29
1224,2025-01,ЖК Авангард,0.265260953169837,1.387122104436592,2.549856790712468,0.005123120145430507,9.745879175479907,0.38561289731275433,0.35433923024583613,25.38731972589079,0.0,0.0,0.291717636060643,0.19675290130000558,3.3374495186257236,1.9605920874181424,13.071210846788377,42.3471211418441,4.870050911894972,0.8672530113094351,0.6994762898040022,8,31,5
1225,2025-01,ЖК Аристово,0.0,0.637257835276968,3.9898453208845686,0.0,6.788359266675154,0.0,0.0,32.42875615047311,0.0,0.0,0.0,0.28605791505791506,2.6685495626822155,2.8479393878837254,10.610286347875803,35.639999313484424,0.18584810140826222,1.4925225357280005,1.3040986330286177,1,28,24
1226,2025-01,ЖК Бобров,0.0,0.9390100305756582,2.2708581127389245,0.0012701292810161034,4.162667330583104,0.0,0.0,24.217133543430187,0.0,0.0,0.0,0.22231820453351445,2.5973264252037067,3.018701654753745,9.03840905068287,28.673795074297402,-0.6335152568220004,0.2522840845380694,0.011813027412769123,1,30,3
1227,2025-01,ЖК Бобров 2,0.0,1.029364409745784,2.374533978460679,0.002908808842778882,4.01634696670629,0.0,0.0,19.49856163712715,0.0,0.0,0.0,0.1840205944663169,2.595722835719766,3.2781151122080012,9.205240412697195,29.019484080591667,-1.0028755488177012,0.19376464821487605,0.32117680450418856,1,30,3
1228,2025-01,ЖК Богданино,0.0,1.1974025974025975,0.0,0.0,6.006322611727005,0.1646928328555237,0.0,25.753935844138546,0.0,0.0,0.12694835985709646,0.25794105163876446,1.9061383566092887,1.5163814799454944,18.085739185514424,47.538102825095805,1.0140372321015785,-0.8415369723773451,0.40803249127296487,5,-1,-1
1229,2025-01,ЖК Бодеевка,0.0,0.9292417101259589,1.7460041506995612,0.007312935119639619,3.1083889832576297,0.0,0.0,20.060502577286783,0.0,0.0,0.0051709466646406325,0.09732534555786024,2.1824528261063243,1.7408502006933042,7.301095429318435,20.44562044576609,-1.4208765154034462,-0.620112303935375,0.051806690994431887,9,23,14
1230,2025-01,ЖК Болдасовка,0.0,3.08989903679921,1.0659776741086304,0.058260869565217394,1.9810355803395185,0.0,0.0,26.929646773056785,0.0,0.0,0.00786651403543699,0.2972858962600632,1.1673007162262288,3.933249370277078,8.719903015805876,23.56507899674817,-0.26830372374282574,-1.1906901780051729,1.6776791305271817,9,23,14
1231,2025-01,ЖК Борково,0.0,9.257223077392952,3.245983568505284,0.0,0.9731855169024084,0.0,0.0,19.5103126535962,0.0,0.0,0.0,0.0,2.167246716755238,6.13845321398721,14.727608725117733,45.908917018021825,-2.3978539677147297,-0.44495429446788465,1.5138344364200624,4,5,28
1232,2025-01,ЖК Бортниково,0.1401804710389903,2.8375888391682023,5.230138662683451,0.03418551536137921,8.159008892547536,0.0,0.007367567965814485,21.631215561218855,0.0,0.0,0.2608562729396063,0.2005149981761597,3.112062687437337,9.002097766082732,11.193727105380901,32.63053388595476,1.4557877870673268,1.7233776021961669,0.790018070840767,0,15,23
1233,2025-01,ЖК Бушовка,0.0,0.765084305490745,1.3659998501535926,0.04408780667773474,5.375717107095684,0.14788193273446362,0.00590296993174691,22.442836030018466,0.0,0.0,0.16320223932820155,0.31000555898702903,0.655487902220005,2.4341295456766736,10.69764346229374,32.153480204260944,1.0854549703935463,-1.0861995424348496,0.9406924564033892,5,25,13
1234,2025-01,ЖК Верхний Икорец,0.0,1.362741462985315,3.216337463794943,0.0,6.155842299790624,0.0,0.0,26.691093925814616,0.0,0.0,0.0,0.20283197934856884,3.6536524807470414,0.0,16.51779102874209,49.655289512640536,-0.2098734479957856,1.540744216328428,0.1697079180649712,1,7,26
1235,2025-01,ЖК Волчанское,0.0,0.44632618858604567,3.5160909426636,0.009414320630035304,4.695788361554973,0.0,0.009685887571286323,20.823324779789818,0.0,0.0,0.0,0.15848093161756885,2.7528229693464534,6.113605447575492,10.850584850983902,28.227986900348284,-0.904686436709497,0.6510614657240008,0.23337617298173413,1,17,19
1236,2025-01,ЖК Высокое,0.0,0.9608813556868196,2.3255674602674463,0.0020428174538323256,3.951147632550294,0.0,0.0,20.806630516116087,0.0,0.0,0.03819808027923211,0.1483047425681888,3.1549705177684144,2.657396720368239,7.922784216940289,21.582289346802927,-0.7969632549868814,0.3205752195702011,0.2672794743129344,1,23,14
1237,2025-01,ЖК Гусево,0.0,2.143545299797286,2.608336356320874,0.0645477207977208,3.2231705141388174,0.3403373631708348,0.0009199905033238367,18.354977052389422,0.0,0.0,0.03576977401129944,0.11080030575631906,2.5545758833680186,4.9134457314381565,10.32565334193651,29.44916023809902,0.5329232725358256,-0.4912168542934819,0.28742558807183277,2,25,13
1238,2025-01,ЖК Детчинское,0.0,0.7035729891432221,3.633690084313627,0.02286902286902287,3.4659622561574457,0.0,0.000693000693000693,23.7554939225733,0.0,0.0,0.0510162431448068,0.205994179507367,1.3229428205978493,5.6697208737864075,8.311896494953213,22.81217573866735,-0.7739587072730707,-0.2502694674701475,0.162643506423715,1,22,12
1239,2025-01,ЖК Добрино,0.0,0.8575660454271227,2.165303138706567,0.005403068943159715,3.77028369268964,0.0,0.0,23.372586846014887,0.0,0.0,0.06925001462758176,0.16792665426521391,2.5748910112096057,3.6420913457693804,8.398953079788942,22.58600636401119,-0.5781767938702265,-0.12278284584528491,0.03660857598393104,1,23,14
1240,2025-01,ЖК Елбань,0.11274275159151631,6.433529968079502,2.418197351559163,0.0,1.1157289476178895,0.0,0.0,20.69864925840819,0.0,0.0,0.2568516165240224,0.23904606352798413,2.889535369461331,5.319100399941022,13.642309760479922,36.43278438003448,0.3677113045811044,-0.27831765491929894,0.040986838246320614,0,13,18
1241,2025-01,ЖК Залужное,0.0,9.6352999751058,3.63984378709463,0.010690721649484536,5.803660584403708,0.0,0.010403487606931343,19.804355023726423,0.0,0.0,0.0,0.18865589033405072,2.8938389152515787,5.528474577147882,11.551148895962104,31.39032097033443,-0.807059215907955,1.4233612955201804,0.1803935908719877,1,17,19
1242,2025-01,ЖК Зимитицы,0.16147560313396941,2.4565957470312068,2.678893227340036,0.041837509491268035,6.317813244960361,0.31722221164826797,0.0,24.587763968296375,0.0,0.0,0.30197917151501047,0.18533618820929143,2.3059661994258005,6.2262718299164765,12.506757872207116,37.52255001758482,2.840071925660613,-0.35112319886950416,0.34139434866866103,0,33,10
1243,2025-01,ЖК Колыбелка,0.0,48.66277233975371,3.899450542106045,0.002042146057890275,5.335682012635259,0.0,0.007458398934237616,21.796206769607284,0.0,0.0,0.0,0.16514171503247876,3.034864431562464,2.517823873325213,11.73953474968054,30.204660575938608,-1.5652290646436138,3.063624663724766,0.0633328032602182,3,17,19
1244,2025-01,ЖК Коршево,0.0,0.6530123576848526,2.0092962792757874,0.009217156200073738,3.3922406351721404,0.0,0.0,20.94383464452413,0.0,0.0,0.08513749334280135,0.19398035881727824,2.1671260640435053,1.7466556461174603,8.587234037215461,22.63579258514558,-0.6157104247909531,-0.3719709961105143,0.14616507702777534,1,23,14
1245,2025-01,ЖК Курочкино,0.15590811598040516,0.0,0.0,0.0,4.287319909737893,0.24082781201848996,0.0,39.03644213870488,0.0,0.0,0.41080571949314354,0.25318376849046514,2.934080377829264,7.098154294032024,23.61918596292607,66.05847046759807,3.702527323655814,-1.444203489187963,0.3965970513026401,5,3,-1
1246,2025-01,ЖК Курская Васильевка,0.10320925816023739,0.7772847807042333,2.067666752510945,0.025009061254077564,2.6374508400812946,0.20809636104104337,0.0,23.39591719526265,0.0,0.0,0.11010854905373069,0.20586400773327634,2.779083295953194,2.0033573127229487,11.924295215021226,35.34629110566905,0.9579183653442306,-0.4472673886587087,0.8076653744198555,2,33,10
1247,2025-01,ЖК Наратлы,0.1956268656716418,0.6082952483634045,3.389128050490884,0.028339179332999277,3.380989311910583,0.2026042163726679,0.0,19.469549996459307,0.0,0.0,0.06352845915694214,0.2054119806073133,2.3341371068432295,7.7256161921606665,12.031702803542549,34.764938445512115,0.7843870097436251,-0.1654949435968387,0.2901099694392577,2,33,10
1248,2025-01,ЖК Нестерово,0.2681918626827718,1.0828191018841637,2.9321271346330606,0.008842045695692155,7.979941572337864,0.23194355336212216,0.347953083280356,19.836282896289887,0.0,0.0,0.2155514379925569,0.18130571563211473,3.5881989059005677,5.013616819138696,12.66292625030123,40.65229469211522,3.4624683658101443,0.983864512115997,0.4861086495159341,8,31,5
1249,2025-01,ЖК Огнева Заимка,0.019745429052159282,0.6586658973505062,0.564945263827082,0.0,0.7583643426368052,0.22532088778994466,0.0,24.734760336255505,0.0,0.0,0.06520821078827446,0.12593353044042618,0.7197759018550902,5.640359052337274,13.477296602345024,35.740660166533836,-0.4609237901710842,-2.6015211155209217,0.09105589944623314,9,32,8
1250,2025-01,ЖК Озерки,0.0,1.4933076937834537,2.4249109974735945,0.008102804329936064,4.331842427603501,0.0,0.0,22.152998716825515,0.0,0.0,0.0,0.16644570822731128,2.6286736779314936,4.183592664008064,9.652461334893978,30.03473098643678,-0.8721884637989776,0.21329804440423145,0.22336308572607158,1,30,3
1251,2025-01,ЖК Пеневичи,0.0,1.3547285361842105,1.6527876971197706,0.042528707549474715,3.9534350781533982,0.0,0.00529293916442707,26.46681934398261,0.0,0.0,0.0,0.267092245035059,1.1100187265917603,2.8049995393608236,11.027760055435683,28.711580556998182,-0.3398184455974412,-0.7368434073806024,0.3031060558390742,1,17,19
1252,2025-01,ЖК Пеньково,0.0,7.161199556783672,1.4277279480233642,0.0,1.1346095303336619,0.0,0.0,22.424013777890096,0.0,0.0,0.16175118551287357,0.2940378856732839,2.062092630999746,5.101279159364929,11.150832364073759,31.982174036076287,-0.2445550094675704,-0.7214916529720105,0.12051467945695542,1,20,17
1253,2025-01,ЖК Песковатка,0.0,1.177986863897639,2.2308626505723934,0.0033178500331785005,3.2142059011062583,0.0,0.0,23.991497434376388,0.0,0.0,0.21846589072098288,0.20548129684043714,2.3667569373279482,2.7915670889979696,9.006462081047848,23.156711211218813,0.11898377407788216,-0.394757342563684,0.03976152830612783,1,23,14
1254,2025-01,ЖК Петровское,0.0,6.991972694519942,3.0757989298984394,0.008945081036440592,5.539953020054019,0.0,0.009666156055528962,24.29624358106161,0.0,0.0,0.0,0.18146805465873195,2.707168472759143,1.9359280935342706,11.313601618559437,29.83080283532076,-0.6607564303684357,1.0061325454885943,0.34595359347840865,1,17,19
1255,2025-01,ЖК Петропавловка,0.0,0.8554179371738463,2.2372826390830305,0.005232138561462593,4.534234606787238,0.0,0.0,30.03538156417954,0.0,0.0,0.0,0.17863312014878638,2.751891122446186,3.139942955502727,9.36234273494047,29.52305150766854,-0.4281712796036694,0.2278324262616221,0.07263561208014839,1,30,3
1256,2025-01,ЖК Плеханово,0.1269444512120843,5.750598299262262,2.131771113831089,0.002460734257233163,2.9655533916904213,0.24446383296047727,0.0,23.123760727529575,0.0,0.0,0.11265701928129673,0.26387723950966524,1.4408436407383736,4.757624704525799,12.026059052220914,35.1051768448428,0.8807737042798276,-0.8179446029167634,0.6528563414361458,2,33,10
1257,2025-01,ЖК Подболотье,0.26352108487479925,1.8771473170569783,1.0327621916776502,0.021182451515722085,7.5818251824065745,0.32043279036629324,0.3444917840866329,27.693613210886905,0.0,0.0,0.23512977157167791,0.2185640865454697,3.0040980171077307,3.424407656935087,12.909391200767683,42.012331978808014,4.403540266085127,-0.11359485920639954,0.17008422125017492,8,31,5
1258,2025-01,ЖК Семено-Макарово,0.0,1.273926567459844,0.7026020616684074,0.017982834567004224,3.6578490845243565,0.0,0.0,19.27007307205301,0.0,0.0,0.09533082706766917,0.21778540104490945,2.741700690519855,2.8416171794055507,8.925024951540813,23.52356988969222,-0.22502009633041406,-0.46664669049355456,0.20275137235394694,1,23,14
1259,2025-01,ЖК Старая Чигла,0.0,2.6996343334311246,2.3647703750177085,0.0,4.654809915478223,0.0,0.0,24.942349527371988,0.0,0.0,0.1386662891657229,0.20328862203868722,2.4129758024566548,2.1941514269502354,10.793389030948306,31.36185024976907,-0.07979997485839135,0.11442423023778875,0.3220291037185116,1,20,17
1260,2025-01,ЖК Старое Резяпкино,0.0,1.7487251744498122,3.836680784079419,0.028627195836044242,2.5988421978690357,0.0,0.0,20.20406142979452,0.0,0.0,0.0,0.1675895549834498,3.0736123715753427,3.9776886874673174,10.243288160577862,30.82816057428508,-1.0123399957949277,0.6756603879907795,0.497429616854927,1,30,3
1261,2025-01,ЖК Сугоново,0.0,1.3899127061105723,3.7035322603617717,0.0,6.43970002382384,0.0,0.0,30.751197034303523,0.0,0.0,0.0,0.25526358695652174,1.9180762176482575,1.7479995922735845,10.63617330573222,35.40234132307637,-0.21734078599217094,0.916917106290154,0.4541270052226582,1,28,24
1262,2025-01,ЖК Уланово,0.0,1.8389089591095453,3.1232882816877128,0.056753054534618055,4.825235171281311,0.26653186665699363,0.004000198668918248,22.660110611953236,0.0,0.0,0.0,0.16759068249333825,2.278446703415145,2.417222931179438,12.881332988712202,33.752273047707185,0.5288395661780485,0.12801352734931226,0.6331991715764776,2,21,22
1263,2025-01,ЖК Шацк,0.0,0.6166261971776557,2.2129849627866944,0.017051037512282527,9.97328434388716,0.0,0.0,24.98572283835323,0.0,0.0,0.21297873395746791,0.20504121285182664,2.2634808655142606,5.3387488362364595,9.425773325735594,25.415870574561005,1.0896736697335896,0.6254828651198363,0.19271364917614678,0,23,14
1264,2025-01,ЖК Щучье,0.0,35.015243902439025,3.4725769843671204,0.009195291856834015,4.114177682086079,0.0,0.012511169829449918,23.908235280829075,0.0,0.0,0.0,0.18042061012144445,2.819385453704507,2.1677480254992667,12.02339309736467,31.48898488968241,-1.29628042054647,2.0633204642677447,0.37063229877956316,3,17,19
1265,2025-01,МТФ Каширинское,0.0,2.087038237200259,0.0,0.0,7.992960759149069,0.0,0.0,29.54935505241417,0.0,0.0,0.09358943956999446,0.10904790065050265,5.140644604767879,0.0,20.255607375908713,60.12294397468011,0.7697174602196621,1.089186395689392,1.8688021945698943,1,-1,-1
1266,2025-01,МТФ Щучье,0.0,0.0,5.087291399229782,0.0021482277121374865,2.045337453592487,0.0,0.00895094880057286,24.61364568360897,0.0,0.0,0.0,0.20728920582678126,1.892054232689699,5.510562119584676,15.592707832107426,43.80382351256894,-1.2489301903712329,0.4220723624481639,0.1489993580243666,1,10,20
1267,2025-01,РМ Кольцово,0.0,1.290594810431676,1.76712942939525,0.03839545127932769,0.888028504372944,0.0,0.0009684776156705927,12.108940256260386,0.0,0.0,0.0152758122970238,0.17980673773856098,0.9945844278487112,5.6760910993783,8.380872436994787,24.530622582341742,-1.6914529347466074,-1.508946265289747,0.07343151095118458,9,22,12
1268,2025-01,РМ Пеньково,0.0,2.1022612839370605,0.8119443850242566,0.0,0.6841940749487723,0.0,0.0,7.673129891905057,0.0,0.0,0.0,0.1572865147596411,0.882182955973934,7.103860413250246,10.029136769692046,32.121789279018124,-2.3427230872746367,-1.9185674264780785,0.05222961410119317,9,27,24
1269,2025-01,ЭФ Родня,0.0478964924167405,0.0,0.0,0.0,0.0,0.0,0.0,29.599765663734022,0.0,0.0,0.18008175303466095,0.0,3.084883208808494,6.000001800720288,25.346566755491843,80.59959719541723,-0.521414262163033,-2.054063151490653,0.09143967531192378,4,0,29
1270,2025-02,ЖК Авангард,0.2940122782114975,1.3547810164583645,2.452706253284288,0.00830367734282325,10.206052664576802,0.38526109900750427,0.3941430801987225,28.20568757209192,0.0,0.0,0.31210639016156255,0.20304120441188309,3.5775947516061892,1.6407284263185187,13.16469806701627,42.45875294845851,5.457643314258659,1.0036429414898138,0.6032139291910771,8,31,5
1271,2025-02,ЖК Аристово,0.0,2.097209990248131,3.937780822675424,0.0,4.683960457568081,0.0,0.0,29.793939494224166,0.0,0.0,0.2826269430051813,0.2989888627115014,1.2379456062411962,6.582787822541887,11.324994630468108,32.48784800522993,0.800433590575878,-0.04501744158659195,1.6558213989847923,0,20,17
1272,2025-02,ЖК Бобров,0.0,0.9658963591450972,2.178022303473492,0.0011877125735571992,3.8498213266496264,0.0,0.0,25.045062800722256,0.0,0.0,0.0,0.21479156724282028,2.5250231810543675,3.5339895514780837,9.027685771886112,28.656577226770036,-0.673735084372222,0.08890783449035063,0.1682540745652963,1,30,3
1273,2025-02,ЖК Бобров 2,0.0,1.0246049943423468,2.330754603145039,0.003705342329388342,3.7034551782372542,0.0,0.0,18.661645453160972,0.0,0.0,0.0,0.19035704639339054,2.524808275997641,3.2437306112971425,9.248630348010764,29.07053952082009,-1.0609165690724798,0.10598367496237075,0.10523430665601717,1,30,3
1274,2025-02,ЖК Богданино,0.0,0.5816326530612245,0.0,0.0,4.317275001513592,0.19078813095853966,0.0,27.712830141540007,0.0,0.0,0.052271008403361345,0.24708836768538261,0.8553421368547419,1.4699230284706475,17.739074798313588,46.055456513005936,0.3839739120986488,-1.6727413887540152,1.0430151336472522,5,-1,-1
1275,2025-02,ЖК Бодеевка,0.0,0.9428378893551629,1.7953272925316905,0.006755387421468621,3.1870527935156123,0.0,0.0,18.833333287468246,0.0,0.0,0.005888993977608019,0.0940014344664208,2.1938329664126446,2.3643809064462578,7.331085369724355,20.58771648821985,-1.4777908170010337,-0.5972760737396426,0.061324800333092205,9,23,14
1276,2025-02,ЖК Болдасовка,0.0,2.4749669873196325,0.18728423475258918,0.0,1.5005062311425947,0.0,0.00913937547600914,25.829562310030397,0.0,0.0,0.0055505439108516855,0.2713049846961085,1.206492675994753,3.1468401739130436,10.582392690423438,27.825045739699956,-0.8512596843224197,-1.5621669033073302,0.6912543738859752,9,-1,-1
1277,2025-02,ЖК Борково,0.0,10.51301514168289,3.651668901867474,0.0,1.2430886374351722,0.0,0.0,19.69686253268184,0.0,0.0,0.0,0.0,2.8174344220924366,6.53336006538476,14.893636158652034,46.61519327078132,-2.25582591088038,0.13684767845294857,0.5988868880036656,4,5,28
1278,2025-02,ЖК Бортниково,0.1629970808033629,0.0,4.508682035322801,0.04197382277719272,8.383563028608013,0.0,0.006318639987964495,20.08321038023869,0.0,0.0,0.2579024006660807,0.2130189611690881,3.6707519513465874,11.094049237425207,17.72476873137859,43.73553311838625,1.8154702965565153,1.6488870517660494,0.36731505514452034,0,6,9
1279,2025-02,ЖК Бушовка,0.0,0.18603932873468548,1.0016460345477263,0.04904718934126015,4.7731141789627,0.1612084772770731,0.005998195233292637,24.388403921422448,0.0,0.0,0.0,0.30789429337418617,0.758819362132164,3.133661174020337,12.666151361684303,31.744073685267608,0.5082816640510605,-1.1137325462552445,0.5778296391270449,9,21,22
1280,2025-02,ЖК Верхний Икорец,0.0,1.3536098845086781,3.3447441186206586,0.0,6.098165654703246,0.0,0.0,27.38193646047657,0.0,0.0,0.0,0.21396269078575467,3.793742324883695,1.0264227642276422,10.61251673572808,35.16965685922709,-0.11656460097174919,1.6509454076820096,0.1443982115841597,1,28,24
1281,2025-02,ЖК Волчанское,0.0,0.46967088607594937,3.367562490232413,0.007414571244358479,5.157312698062614,0.0,0.010423382763808296,20.01710859789135,0.0,0.0,0.0,0.16422993125813598,2.7858888221153846,6.833426889741711,10.849673332066967,28.346663551236198,-0.8530193135843196,0.6998621013162245,0.07107034294441847,1,17,19
1282,2025-02,ЖК Высокое,0.0,1.067575058024907,2.4676732548570612,0.006120949971435567,4.548394216973844,0.0,0.0,20.44960429485268,0.0,0.0,0.037535128805620606,0.15647749168727088,3.473389267611742,3.6779713177817444,8.224116741542323,22.985714625319396,-0.6116776273464847,0.6446225407183351,0.3732792924250924,1,23,14
1283,2025-02,ЖК Гусево,0.0,16.012764321414842,2.920776345604024,0.10338711770558463,3.033878230968629,0.37402903606252386,0.005450534238871826,16.602757002464077,0.0,0.0,0.05818587597640682,0.1797708489520975,2.7051925497577054,5.060510429145987,11.255437864553182,35.29988081785082,1.051871083551588,0.28677602711447464,0.9351896888222764,2,25,13
1284,2025-02,ЖК Детчинское,0.0,0.8565287263961431,3.496977089520577,0.02200180342651037,2.9378441181216717,0.0,0.0005410279531109107,21.555240294365277,0.0,0.0,0.043625625446747675,0.1997714487768813,1.4349050776809398,8.666025740424873,8.21355849297465,23.103099056390782,-0.9554967892923781,-0.3910534546388761,0.2297307255601077,1,22,12
1285,2025-02,ЖК Добрино,0.0,0.899377460400211,2.272120557185099,0.010328871260948603,4.263810504178762,0.0,0.0,26.313496703447743,0.0,0.0,0.06532818422370021,0.16028823892106886,2.617317250434752,2.5480144858991385,8.560992080540961,22.91203855745122,-0.3980059388014295,0.01520174501746761,0.22693894406157497,1,23,14
1286,2025-02,ЖК Елбань,0.15333609820836097,6.520172227718749,3.1509478301738993,0.0,1.2006955350214465,0.0,0.0,18.157921259301343,0.0,0.0,0.2991087095012741,0.3420293035436072,3.106411703360371,6.7449125643077625,13.92594937224277,37.896336086986764,0.9800627690249738,0.285131159569186,0.8321351347918381,0,13,18
1287,2025-02,ЖК Залужное,0.0,8.420159680638722,3.748693850505874,0.009591593330245484,5.864635411738733,0.0,0.008707735062528948,20.725805585462137,0.0,0.0,0.0,0.1864352734783962,3.1480757669679074,5.877961029559621,11.412603431010954,31.126108703092942,-0.7105740468827134,1.542435140842785,0.15325784965782668,1,17,19
1288,2025-02,ЖК Зимитицы,0.16218614850195398,3.509226350175108,2.8868955805107768,0.0470002075980901,6.542648911704312,0.3188709792164236,0.0,22.97454116405908,0.0,0.0,0.3462392965696917,0.1886930194231901,2.5926170500317998,6.279842225451526,12.56939476445488,38.18627052345385,3.0933559598776617,-0.09583188447249609,0.3596198787550753,0,33,10
1289,2025-02,ЖК Колыбелка,0.0,48.10423651325815,3.924769625508594,0.0019824603269299602,5.913111207745323,0.0,0.008045221333969692,23.338202047168682,0.0,0.0,0.0,0.15149283000090474,3.3111457679875493,2.5899347754111024,11.774605990692969,30.274708376876927,-1.406419744757434,3.2527527156022633,0.24696117121865174,3,17,19
1290,2025-02,ЖК Коршево,0.03589275167785235,0.656937025225111,2.030594028573466,0.023741690408357077,3.436228726968174,0.0,0.0,20.86831819635114,0.0,0.0,0.1285120690741791,0.18940420662445068,2.180869196215816,1.5502917941402803,10.626831545239165,28.335466009140553,-0.20748186088079887,-0.4571432150130236,0.41701902506351407,1,14,15
1291,2025-02,ЖК Курочкино,0.156344537159791,0.0,0.0,0.0,3.0945634850363026,0.24876853115052297,0.0,38.29333352053546,0.0,0.0,0.4023584794286052,0.31015673744920697,2.6355026871149563,6.6817892195679915,23.614440739917008,65.88956568287703,3.6658472078836613,-1.6483038299011874,0.20737015207669798,5,3,-1
1292,2025-02,ЖК Курская Васильевка,0.06978407320872274,0.7100534206979074,1.8818582035613378,0.023405972558514933,2.5317764060436123,0.20981330044378863,0.0,22.483530101095965,0.0,0.0,0.08319247953900116,0.1872705124483853,2.6324520953696724,1.8237318432948268,11.689801848106246,34.594232695615595,0.5829162013428718,-0.5937497053525796,0.40259618988473483,2,33,10
1293,2025-02,ЖК Наратлы,0.0,0.6264127466906301,3.777293594465906,0.025221618530168716,3.8758554813558814,0.0,0.0,21.38778987833617,0.0,0.0,0.055366413634765334,0.21878997180119844,2.494696589666633,5.3654637543526436,8.891450842737163,24.57930104698592,-0.48453384810456346,0.5380891469891973,1.4509275364427963,1,23,14
1294,2025-02,ЖК Нестерово,0.2660580993925121,1.1640110432717554,2.457152139461173,0.01249375312343828,7.845053601979601,0.23049661080607373,0.3453454786308775,20.519189643709606,0.0,0.0,0.22182619038823834,0.18877701226787408,3.5250277261746543,5.931866138995804,12.628325862633176,40.40569980561246,3.565843632214296,0.7326456873619367,0.2716566649558605,8,31,5
1295,2025-02,ЖК Огнева Заимка,0.10963084112149532,1.0964271853703216,2.119793579048167,0.0,0.8349850451660659,0.20889860947929711,0.0,24.82122755777408,0.0,0.0,0.11471058333333334,0.15253773515126112,0.9481169087372235,4.836352369148632,14.35068355647966,38.73057122782171,0.016873081558150243,-1.8907917819382125,0.8564029637087698,9,32,8
1296,2025-02,ЖК Озерки,0.0,1.4181897375429466,2.486314396758455,0.0055147058823529415,4.293152849584582,0.0,0.0,22.690648241765153,0.0,0.0,0.0,0.16564548802946594,2.5583473353537594,2.9559016382631964,9.472951829053171,29.591510998512568,-0.9020284206035496,0.21707536782350284,0.030078084950882378,1,30,3
1297,2025-02,ЖК Пеневичи,0.0,0.8820334564414513,1.4952753996905621,0.04391987431264729,3.7264871918373768,0.0,0.00539159465828751,28.437914994948766,0.0,0.0,0.0,0.23972320476886028,0.9409210892970234,3.7372753654774677,10.977818692264286,28.73688338951202,-0.3910714956991079,-1.0496281915864978,0.3169561426687492,9,17,19
1298,2025-02,ЖК Пеньково,0.0,8.81699143601837,1.6771866328869587,0.0,1.0539209955716677,0.0,0.0,19.453224926893103,0.0,0.0,0.16534814427600628,0.3100350907872111,2.216696851248643,5.231284431489162,11.272751339556176,32.36227233497113,-0.31628217959113153,-0.44431591501752554,0.28630608908045874,1,20,17
1299,2025-02,ЖК Песковатка,0.03533689376443418,0.8638564127613659,2.0507643769621837,0.0020511978995733505,3.271583358150127,0.0,0.0,21.867093156445904,0.0,0.0,0.041197138964577655,0.2100313794123447,2.18373166085923,2.3280310912230595,9.774388269484303,23.884537951382278,-0.6751159331274679,-0.2871688611645298,0.8013548691518626,1,14,15
1300,2025-02,ЖК Петровское,0.0,9.738903394255875,3.0829552827364326,0.012787621776504299,5.5101719214392295,0.0,0.010674043629465698,24.82074940740387,0.0,0.0,0.0,0.19630398903730029,2.621062091727455,2.2344273805554233,11.549562734215975,30.49712158318512,-0.6124062652133563,1.08804467188082,0.0951174795745736,1,17,19
1301,2025-02,ЖК Петропавловка,0.0,0.7472208796520058,1.98823092061616,0.004800438897270607,3.384810195484929,0.0,0.0,25.61663885090179,0.0,0.0,0.0,0.15336263252788584,2.517941449219308,4.8139956411971605,9.252423140446394,29.17740256477303,-0.8936580326033832,-0.2697919310269358,0.681401436882156,1,30,3
1302,2025-02,ЖК Плеханово,0.13466018537175095,2.8863812544045104,1.4409537517697026,0.005531392604248623,3.625634354035413,0.2546159169550173,0.0,29.26853521657842,0.0,0.0,0.13536708041887358,0.2730462861449911,1.8518578417498888,6.519549725673205,11.95300161010785,34.14297342159058,1.6580869354825825,-0.9651551717039039,0.7911300847303817,5,33,10
1303,2025-02,ЖК Подболотье,0.2711513189448441,1.8684639339280287,1.129633815551537,0.01977848101265823,7.19955613328795,0.3401007759070139,0.3540508451316301,27.05548535224629,0.0,0.0,0.24063985492787476,0.217853002958914,2.9549642366694444,4.692547385881528,12.90656601205223,41.88437344013112,4.454669259388475,-0.22488817040682021,0.12247601836346378,8,31,5
1304,2025-02,ЖК Семено-Макарово,0.0,0.708055986345946,0.7308531884259905,0.019971204310064557,3.5414172059560274,0.0,0.0,18.963827609916528,0.0,0.0,0.0,0.20901356654033135,2.7696760067174413,3.339063073796342,9.588515289861755,29.265611327687168,-0.6848844711940112,-0.38124873223193795,0.4677264740678464,1,30,3
1305,2025-02,ЖК Старая Чигла,0.0,2.7470021565684495,2.3832504823127176,0.0,4.598802342105463,0.0,0.0,23.644676979148535,0.0,0.0,0.13932461538461538,0.2014682571824798,2.413165682965592,3.124899190205231,10.819461599146676,31.538461996772718,-0.1460800962027334,0.0936674668178972,0.06945428505923917,1,20,17
1306,2025-02,ЖК Старое Резяпкино,0.0,3.3102970856073357,4.330171896546441,0.03406813627254509,4.036677180266223,0.0,0.0,21.158891555263725,0.0,0.0,0.0,0.17393750741839764,3.1030668351859654,4.987866361769647,10.599586699171258,31.79542052634862,-0.7722152378538171,1.1667508835228628,0.5466532485755702,1,30,3
1307,2025-02,ЖК Сугоново,0.0,3.1301334702258727,3.8895225561161073,0.0,4.56696868935356,0.0,0.0,29.46738636858625,0.0,0.0,0.22319999999999998,0.27560239025511374,1.5304158110882957,6.603883156855534,11.288783758909652,32.6304774897786,0.46731452233936494,0.14070769654994725,1.0350139800967864,0,20,17
1308,2025-02,ЖК Уланово,0.0,1.318491341061972,2.7903340985480294,0.08006773101112724,3.8294978289188015,0.2585733151778553,0.0071964199322689885,22.595177870501164,0.0,0.0,0.0,0.1747818121385362,2.267230872082369,3.7365703430192108,13.095981490953891,34.16754592593361,0.631450528014132,-0.23374525298301974,0.3760298188129003,2,21,22
1309,2025-02,ЖК Шацк,0.0,0.537914296573584,2.418845687433682,0.01589394533338085,10.547591110567073,0.0,0.0,24.603520015445245,0.0,0.0,0.21890113991728036,0.20356658177886233,2.213957959906808,5.097766530328946,9.422853330349099,25.339204436260943,1.129939843476187,0.7711662764659705,0.15114569490831012,0,23,14
1310,2025-02,ЖК Щучье,0.0,33.39541387024609,3.427391939053456,0.01116387534449862,4.2687242102384095,0.0,0.011091795632817468,23.522177161329125,0.0,0.0,0.0,0.18013506003063878,2.878773987206823,1.8686723136217211,11.992665257859677,31.72296660082587,-1.2420813764248604,2.047203744124897,0.05654454042486383,3,17,19
1311,2025-02,МТФ Каширинское,0.0,2.0363425925925926,0.0,0.0,8.314964720141985,0.0,0.0,29.174254109558856,0.0,0.0,0.09537790453820988,0.11030901722391084,5.030601092896175,0.0,20.259676261646888,60.13230247065255,0.7820836761095309,1.088289928192334,0.012398667243221091,1,-1,-1
1312,2025-02,МТФ Щучье,0.0,0.0,5.083147499203568,0.013590033975084938,2.081984346720149,0.0,0.010570026425066062,22.931762082142512,0.0,0.0,0.0,0.2349574083979674,1.8910443466812241,5.550773876934692,16.044363637255604,44.997388464014165,-1.114094862797796,0.4910299610922275,0.15144542242204545,1,10,20
1313,2025-02,РМ Кольцово,0.0,1.354652462478898,1.864872033361717,0.04249792561059201,0.970560992154114,0.0,0.00101013745084599,15.352509485303752,0.0,0.0,0.016391344201010082,0.18839833400510547,1.0021388171752634,5.5251993217648545,8.43358620750676,24.53292622624675,-1.4739334221076492,-1.4542078175381006,0.2243012172079091,9,22,12
1314,2025-02,РМ Пеньково,0.0,1.256592099633978,1.2711435579634667,0.0,0.0,0.0,0.0,9.064348883459287,0.0,0.0,0.0,0.1654439932364066,1.1438282244209181,6.25908929429563,16.00918127756652,46.90169514556225,-2.2999531830825806,-1.7296386538495299,0.19370943660939058,9,4,25
1315,2025-02,ЭФ Родня,0.05228511137162954,0.0,0.0,0.0,0.0,0.0,0.0,31.027390357615896,0.0,0.0,0.1611137680004251,0.0,3.3553480798946946,5.999998525073746,25.367075328595465,80.69175134072051,-0.468781692763105,-1.8950853966089225,0.1674637689438341,4,0,29
1316,2025-03,ЖК Авангард,0.2565820556338636,1.3494677913818383,2.603597488545732,0.02524402558061259,9.345920985120575,0.2670139590483168,0.344388919253229,26.008476736775016,0.0,0.0,0.2847921806054387,0.19241785802826214,3.3070128274060986,1.680206904529755,12.90666976184422,42.216723843534865,4.426237576214522,0.8836579728040002,1.0383612999245047,8,31,5
1317,2025-03,ЖК Аристово,0.0,2.774506002066937,3.9673155645792697,0.0,3.8674126583237576,0.0,0.0,29.185590532876635,0.0,0.0,0.05289639970609846,0.3039928977272727,1.391355115668972,7.0993591762161286,10.56878851924651,31.692614160811857,-0.31943131490276944,0.2664020520692092,1.16235945711795,1,20,17
1318,2025-03,ЖК Бобров,0.0,0.9696706879662422,2.136274075915294,0.0013014557023040586,3.991739917742488,0.0,0.0,26.505726266892296,0.0,0.0,0.0,0.23475155335031964,2.6491244433152286,3.9405998751789713,9.09045408482153,28.893465679104967,-0.4804632265413311,0.19476257949950587,0.220361607523537,1,30,3
1319,2025-03,ЖК Бобров 2,0.0,0.9332819452661705,2.3683893034531693,0.010458856703409382,3.5388086634680005,0.0,0.0,19.164811726204086,0.0,0.0,0.0,0.19741489939200926,2.5590030896703624,3.200258112087424,9.565401366664391,29.629201027592035,-0.9712377118951012,0.11228298347409693,0.08989982598629748,1,30,3
1320,2025-03,ЖК Богданино,0.0,1.0062932662051605,3.6181434599156117,0.0,5.022174014978834,0.2404466159583996,0.0,26.081873872104875,0.0,0.0,0.048681359044995404,0.2615966724808802,1.2481844016419323,1.6170872310726074,12.60560878533888,32.03354304716589,0.4523783631797134,0.029865158894365237,1.703980112860135,1,24,0
1321,2025-03,ЖК Бодеевка,0.0,0.9486158996475059,1.8130002326424153,0.005081989429461987,3.349996483795806,0.0,0.0,19.313740941585582,0.0,0.0,0.005421365115023851,0.10061911561348726,2.279503647523657,2.2701403973268914,7.220199443226332,20.49742045923774,-1.408560515981957,-0.49780535304041684,0.12119100154555766,9,23,14
1322,2025-03,ЖК Болдасовка,0.0,2.109524670160853,0.2465,0.0769835035349568,2.0345490948246856,0.0,0.024788391777509067,27.280571088536576,0.0,0.0,0.0018623133383953428,0.2446622989336707,0.5709380083137539,4.096458451010211,9.98705859826202,26.32977856586979,-0.31253462116668773,-1.9901411083120129,0.6880309686500583,9,22,-1
1323,2025-03,ЖК Борково,0.0,2.705425674190002,1.2366821096584977,0.0,1.2541651254211907,0.027609793208382326,0.0,18.576142128416322,0.0,0.0,0.0,0.0,0.9117495484747561,6.074933701288585,15.96610903144444,47.27237539923469,-2.3290970642765485,-2.0862550703848353,2.2243098915866275,4,5,-1
1324,2025-03,ЖК Бортниково,0.15573126357180586,0.0,5.3358128882608575,0.023743917453245,6.642173397296604,0.0,0.007949815325086474,21.88550331868132,0.0,0.0,0.24326144860846866,0.19728779272319671,3.569661542857143,10.572735759789726,17.65460460555702,43.197574544791195,1.2992154804863751,1.6104496786306002,0.5176837516951521,0,6,9
1325,2025-03,ЖК Бушовка,0.0,0.8868778280542986,1.129390101500045,0.04695643622775101,4.584830498019045,0.203715101138405,0.006096961353132068,21.283741915735277,0.0,0.0,0.18890201134605467,0.29347702589807856,0.8045158371040724,4.59190160832545,10.883692525234782,32.65328151722731,1.290515727827131,-1.4068486547691073,0.8353485401926171,5,25,13
1326,2025-03,ЖК Верхний Икорец,0.0,1.2525860214539295,3.2923740584304553,0.0,6.0782004065493425,0.0,0.0,29.229392105356258,0.0,0.0,0.0,0.225360067777464,3.8189167728012454,1.2008750994431185,10.614773066128729,35.301191116209,0.01836503196709874,1.6497332734321106,0.13493507740558794,1,28,24
1327,2025-03,ЖК Волчанское,0.5154639175257731,0.49850944021199073,3.5242048686109717,0.00793132406457031,4.64852617989727,0.0,0.00746477559018382,19.872065138169525,0.0,0.0,0.0,0.1847969352931992,2.718431818181818,4.738586529659761,13.671410783967708,32.13707014530754,0.7024454322312289,0.4477883619825263,1.5757575148279326,1,-1,-1
1328,2025-03,ЖК Высокое,0.0,0.9827801347908905,2.339278648377472,0.007672241829062452,4.315837888102146,0.0,0.0,19.982298283861592,0.0,0.0,0.035369782971619364,0.15694913294797688,3.2505388103179484,4.2337251848691695,8.236182243492769,23.05943585611277,-0.6943009075100934,0.4263092794238017,0.23342511964664261,1,23,14
1329,2025-03,ЖК Гусево,0.0,7.007602184147565,3.017897358664162,0.08296801428803377,2.4555737297994904,0.39082121422324095,0.006104887157006008,15.057623610220517,0.0,0.0,0.04926108374384237,0.1736761786493502,3.083208562860163,6.151742134787074,11.097492951090535,33.93182189330543,0.9774789791011643,0.06020953575312246,0.2384671050949301,2,25,13
1330,2025-03,ЖК Детчинское,0.0,1.0377995552993495,2.5845805777932473,0.04581549240949786,1.6062707046442462,0.0,0.0007785130400934215,14.79671251257967,0.0,0.0,0.046104086889925504,0.18355533106031907,1.1548586995612458,6.747100175746924,8.686270596998078,25.006955314922063,-1.285829959854129,-1.091551464887065,0.7744788350465431,9,22,12
1331,2025-03,ЖК Добрино,0.0,0.8751066680977808,2.1892301175473894,0.008052178114179886,4.349596220523312,0.0,0.0,24.76594245538298,0.0,0.0,0.06744425150133855,0.17660596962061997,2.5978165844980534,2.91328485958226,8.49989417523933,22.847808907542813,-0.3975516955087895,0.030084412631811764,0.014889598123789531,1,23,14
1332,2025-03,ЖК Елбань,0.16029670740833127,5.4172797467057405,4.388976490825688,0.0,1.338222594371419,0.0,0.0,17.543159573121173,0.0,0.0,0.3454401012373453,0.3407270761913586,3.449728829023108,5.729911723225086,13.990879415047866,38.09475342236238,1.1950736711628107,0.8643087185117041,0.6177995895278181,0,13,18
1333,2025-03,ЖК Залужное,0.0,7.0609934490873245,3.899668385747259,0.010648627853295716,4.9979170995883155,0.0,0.011883688125160297,21.29190482994852,0.0,0.0,0.0,0.18531466730391374,3.262596791519721,5.188543030349538,11.520504105652698,31.115819883664436,-0.7470197252350022,1.4638127558844996,0.08665891118106271,1,17,19
1334,2025-03,ЖК Зимитицы,0.1602052647830786,5.770528092917887,2.800288691721771,0.05594829327408604,6.328826076833527,0.3197727764748331,0.0,22.01099414686675,0.0,0.0,0.3669019221861973,0.18752552263559857,2.6680754708802046,6.857200565542315,12.644729671116817,39.10937454299446,3.172735724500651,-0.08866566525873784,0.07970258295325698,0,33,10
1335,2025-03,ЖК Колыбелка,0.0,37.359916298535225,3.8747263603641753,0.0010097337006427917,6.2613580671054745,0.0,0.007037924701561065,23.43311492580121,0.0,0.0,0.0,0.17246086524734652,3.2365072910544583,2.849273372627521,11.568212583560555,29.572329864949555,-1.1304657242234715,2.8787749621334116,0.4647687398464616,3,17,19
1336,2025-03,ЖК Коршево,0.03720264729998828,0.6484833112111108,2.075832333324184,0.014426891726177594,3.365484333476211,0.0,0.0,21.913084938348256,0.0,0.0,0.08310364482560267,0.1832105242365583,2.1384815590752067,1.6209821040828676,10.35088216126575,27.17820025114064,-0.48250402134811327,-0.4222968739936888,0.27722095200497565,1,14,15
1337,2025-03,ЖК Курочкино,0.14646600318471337,0.0,0.0,0.0,3.5237573500329598,0.23821918294849023,0.0,37.33399860191689,0.0,0.0,0.35486473302570865,0.27067003401360545,2.4653061224489794,8.251369040375291,23.54474100078873,65.82005814602428,3.206526891981398,-1.7110410089570092,0.4635850582540784,5,3,-1
1338,2025-03,ЖК Курская Васильевка,0.07553063652587746,0.6923356819646812,1.8932333314950642,0.024676497141137527,3.093385752945626,0.2212435337886612,0.0,20.27964470317705,0.0,0.0,0.0835475379616322,0.19114363439374432,2.686860238905434,3.2785669136325146,11.675608300339654,34.46157441902476,0.663841389633558,-0.4901853130244201,0.1314323759892667,2,33,10
1339,2025-03,ЖК Наратлы,0.0,0.6814889233609395,3.760131618388817,0.04485519898850021,4.417304029585558,0.31505351968638146,0.0,23.410578430405714,0.0,0.0,0.03529215142135411,0.20088383815310581,2.5246641683595983,4.113251315852625,10.988194543947552,28.67479970466615,0.9173117122809525,0.3368980243721457,1.4162093217432552,2,26,4
1340,2025-03,ЖК Нестерово,0.27823134984426806,1.361422215403498,2.89480071193571,0.02380080556572684,7.468778908418131,0.24425587520259318,0.3447406492668491,20.50891329150579,0.0,0.0,0.22297571148660444,0.2002299467277565,3.5802498017708473,6.776481943410276,12.626497820781914,40.98392643048154,3.729956612678437,0.8393803048967322,0.1957686107043786,8,31,5
1341,2025-03,ЖК Огнева Заимка,0.1199905087910378,1.1079053331285174,2.3488171129416884,0.0,0.9129395444722106,0.22527750226910986,0.0,22.849378224286642,0.0,0.0,0.1228314419864294,0.14669845366367723,0.9835618227365178,3.6367076987273106,14.453882432853801,39.37761631900349,0.03611093143979952,-1.7774117454490237,0.1150005545306572,9,32,8
1342,2025-03,ЖК Озерки,0.0,1.2392967043432197,2.6309659283925586,0.0020616195166647576,4.200612422224383,0.0,0.0,23.588662288440453,0.0,0.0,0.0,0.16357901391676047,2.4166366897108995,2.3078525471996625,9.154469585852492,28.81327521326655,-0.9528792580237855,0.1821101351711362,0.0617120341649292,1,30,3
1343,2025-03,ЖК Пеневичи,0.0,0.46925876268914,1.7738334599185253,0.04191211401425178,3.6428069203492255,0.0,0.0056681062405527964,27.617776493609735,0.0,0.0,0.0,0.24391972718703214,0.9923132796170184,5.1297108664966204,10.951932018856288,28.560937286336404,-0.4331363671825236,-0.9646931851378825,0.09478084581466131,9,17,19
1344,2025-03,ЖК Пеньково,0.0,3.6236552052436926,2.0379662628724344,0.0,1.1804511198918473,0.0,0.0,19.804858280958214,0.0,0.0,0.14103465967392545,0.2966540546911834,2.166497928409693,5.22353686922261,10.906990259842832,31.57078364109598,-0.4021380475214179,-0.519466012369005,0.11409981240124639,1,20,17
1345,2025-03,ЖК Песковатка,0.03570768533897025,0.9104467125546712,2.188308871957518,0.0,3.7051609316875207,0.0,0.0,23.559478967436352,0.0,0.0,0.03896866934327502,0.21959841212017317,2.2899118136843177,2.3576455837494246,11.893125292337142,29.62102501259577,-0.5214002855672559,-0.08368415379423112,0.25501867860694316,1,13,18
1346,2025-03,ЖК Петровское,0.0,5.234194358195151,3.0712401254542736,0.003996333926888028,5.393245678410997,0.0,0.006642042587546675,25.21987873384811,0.0,0.0,0.0,0.18197459569671873,2.524184083241881,3.170908403678972,10.886704361570642,28.64178758012797,-0.6934057791157324,0.7835535752247762,0.3150805439807756,1,17,19
1347,2025-03,ЖК Петропавловка,0.0,0.7616954707985697,2.1189780842106347,0.004337671004337671,3.3402896944650458,0.0,0.0,26.133117865597328,0.0,0.0,0.0,0.1713228907114441,2.6555352897567883,3.918733633974992,9.230210510698441,29.146795624563627,-0.7931467526360803,-0.09110452098335202,0.2050163601002354,1,30,3
1348,2025-03,ЖК Плеханово,0.07257103825136611,3.9843371904607583,0.7581043125175021,0.00048254785266205565,4.656913588198311,0.09277941176470587,0.0,31.432933078775054,0.0,0.0,0.1214865660424626,0.1752109337482472,1.4902195361265944,4.8411656385524156,11.368789212014471,33.798167830673826,0.5136662289477507,-1.1998165276723387,1.1682314434779728,5,33,10
1349,2025-03,ЖК Подболотье,0.2631510572282234,1.8244305398263496,1.0951368921115139,0.04063007875984498,6.858842115789474,0.3356032221390345,0.3433128390596745,25.79371524202371,0.0,0.0,0.23561403157894736,0.21514223346280073,2.928157957894737,5.547481062922941,12.909866879091151,42.6914224815576,4.418899126525115,-0.3475425941177254,0.1277638840240726,8,31,5
1350,2025-03,ЖК Семено-Макарово,0.0,0.6457317920654855,0.7611778520458856,0.019374943546201787,4.4324639552259075,0.0780559646539028,0.0,20.416754308381822,0.0,0.0,0.0,0.22611323461959143,2.942789063824911,1.4668551815837112,11.631601568397855,28.433985948193815,-0.10978598751456349,-0.11475559173179066,0.6338429299629611,1,21,-1
1351,2025-03,ЖК Старая Чигла,0.0,2.869821456609699,2.51344919548468,0.0,4.855685408636389,0.0,0.0,24.65264298350441,0.0,0.0,0.1896336322164543,0.19653442790283523,2.4838424786342648,3.2755859965654897,11.014034344034302,31.854167223188966,0.14312835200062946,0.13435688331591725,0.29205676696003224,1,20,17
1352,2025-03,ЖК Старое Резяпкино,0.0,2.8348616341902733,4.052391658162251,0.033144704931285365,4.756884509975227,0.0,0.0,20.104937829907076,0.0,0.0,0.0,0.16697567537766014,3.1253486950517835,5.449418915939655,10.549946945764601,31.749169522379418,-0.7278732456386959,1.1615581989448127,0.04464500248329015,1,30,3
1353,2025-03,ЖК Сугоново,0.0,4.409890566560465,3.88828598787105,0.0,3.26869753355189,0.0,0.0,28.335842831179548,0.0,0.0,0.0,0.30546671779141105,1.026457958165951,5.670973801787165,11.06661127892435,36.24135695891985,-0.7736628405188115,0.12351898071031948,1.2410963971741475,1,28,24
1354,2025-03,ЖК Уланово,0.0,1.2754763806653031,3.4860885629184213,0.06856231730002657,3.6869690339528947,0.3456405836995793,0.008796173266011162,20.284518722789922,0.0,0.0,0.0,0.21148655766634136,2.5239173809691096,6.7699986877788465,13.286773714091737,34.493822671242754,0.9303962605892384,0.10606440855916625,0.452591600786274,2,21,22
1355,2025-03,ЖК Шацк,0.0,0.47843879895388486,2.7928900270230788,0.018944099378881987,11.103089701538623,0.0,0.0,26.68557509682282,0.0,0.0,0.24045628897517357,0.21454437551172925,2.3778577617821646,4.9710496082833195,9.550628423281387,25.628800228177724,1.4653584923054663,1.0746054809442211,0.4523063351279231,0,23,14
1356,2025-03,ЖК Щучье,0.0,33.977329974811084,4.248643068923048,0.005032013022246338,4.050757531020422,0.0,0.007925845541689276,22.91913137263152,0.0,0.0,0.0,0.19026004743285685,2.7647556427278217,2.8845755556145614,11.722630393235606,30.659557184868294,-1.406963607219688,2.2900156554514197,0.29350259677542545,3,17,19
1357,2025-03,МТФ Каширинское,0.0,2.4732165364255105,0.0,0.0,7.25977546968077,0.0,0.0,27.68625040970174,0.0,0.0,0.09845487795775174,0.10928160595466335,4.547048440870759,0.0,20.26675169680483,60.07027782523082,0.47738056825892194,0.6671406950578408,0.519817910910726,1,-1,-1
1358,2025-03,МТФ Щучье,0.0,0.0,5.085719598363704,0.01084850833010461,1.804197600033449,0.0,0.009298721425803952,22.10043759113444,0.0,0.0,0.0,0.19532437007617684,2.0025962088072324,6.313444401394809,15.927475960729824,44.693542363781454,-1.3359994690581887,0.39293723111450374,0.2426187089943035,1,10,20
1359,2025-03,РМ Кольцово,0.0,1.1668866656889243,1.7952488949912542,0.036947819618123205,1.0891332018232658,0.0,0.0010981614651599419,14.587909509941545,0.0,0.0,0.01678863699679621,0.19490034588030344,0.9802209359624584,5.006376421410606,8.365918183925462,24.206405307862795,-1.5095365188441028,-1.4377005664861213,0.03924372350476367,9,22,12
1360,2025-03,РМ Пеньково,0.0,3.119225255149204,1.4108806960420737,0.0,0.5164875086526965,0.0,0.0,11.400792034087031,0.0,0.0,0.0,0.15564195445700302,0.9119783413404742,7.259409484724122,10.338569895236798,32.911962258040155,-2.2587414911533066,-1.7005156397574652,0.05046338773288989,9,27,24
1361,2025-03,РМ Поляна,0.0,0.5170699610478882,2.2554591490963856,0.0,1.0119807495392177,0.0,0.0,12.313332309175252,0.0,0.0,0.0,0.14258095698405027,0.6871499487920959,0.0,15.444413670945712,44.57543471111203,-2.311040114818724,-1.3821797834738263,,9,7,26
1362,2025-03,РМ Торопово,0.0,1.0823748730476792,0.0,0.0,0.0,0.0,0.0,22.381021108396695,0.0,0.0,0.0,0.2113060305783536,0.44011915676209823,0.0,20.638223323743194,64.26633300588482,-1.6268174399722755,-2.401974730564118,,9,-1,-1
1363,2025-03,ЭФ Родня,0.07331022096440622,0.0,0.0,0.0,0.0,0.0,0.0,30.18910637802607,0.0,0.0,0.23387992495309567,0.0,3.9501778471964846,6.20486083807553,25.679524117199726,81.44609503083083,0.02324825221448619,-1.696331145739701,0.5306568750079819,4,0,29
1364,2025-04,ЖК Авангард,0.27953356510745886,1.3389332963087848,2.7218610698365526,0.03671221700999388,9.614615297192863,0.2964852558357871,0.3749961125158028,26.873256601218685,0.0,0.0,0.31130805773383335,0.2000765757152313,3.525711069169895,2.688293190657926,12.928422840285478,42.6878557107305,5.061399551249768,0.9943851851178495,0.6447412272202478,8,31,5
1365,2025-04,ЖК Аристово,0.0,3.0583417955981695,4.210049869983836,0.0,4.441080033776206,0.0,0.0,28.82354248548524,0.0,0.0,0.009431372549019608,0.3188706815432182,1.103416103726302,6.891211889370756,9.982287698644017,30.746650812593096,-0.4908894921456282,0.4236207470620966,0.23262765226582618,1,20,17
1366,2025-04,ЖК Бобров,0.0,1.1068461648878682,2.332970219154604,0.0018885741265344666,4.480760916036328,0.0,0.0,25.644920517735276,0.0,0.0,0.0,0.23282955136387273,2.899717794253939,3.6330689959008544,9.230021519723078,29.279723158006618,-0.4208661744528079,0.4994043249590163,0.3104164971361208,1,30,3
1367,2025-04,ЖК Бобров 2,0.0,1.0132267293465094,2.531760044449298,0.0045078489605430636,4.221171222906594,0.0,0.0,19.658156725242456,0.0,0.0,0.0,0.19528483679525221,2.6289061620328398,3.116757987740378,9.34779838504605,29.342796544701635,-0.918271789090891,0.3343401213632929,0.2282865774986408,1,30,3
1368,2025-04,ЖК Богданино,0.0,1.381132870077911,2.7231584015406836,0.0,5.145661734419771,0.24673385619818536,0.0,27.289010329620456,0.0,0.0,0.0,0.27533823741526037,1.6816171825647506,1.7551483691268017,13.607947232893675,36.53418792614718,0.5393392832884941,0.04985535746539361,0.089228973237816,1,-1,-1
1369,2025-04,ЖК Бодеевка,0.0,0.9271081669762696,1.73321081787901,0.001793400286944046,3.3649131302070936,0.0,0.0,20.006356396030814,0.0,0.0,0.004859092086703705,0.09804517392527147,2.217116330089085,1.471085462645986,6.878662601593383,19.78321762657104,-1.4266692511446528,-0.5451687211096697,0.050707148648451744,9,23,14
1370,2025-04,ЖК Болдасовка,0.0,2.489661554192229,0.2942260442260442,0.05958230958230958,3.7430694665791693,0.0,0.0,28.776054464415132,0.0,0.0,0.00032296296296296294,0.28418887752783456,0.5295387980004544,5.559253076316906,8.436220268858373,23.79626723831299,-0.11252901325680806,-1.6069770118635207,0.43222328489172107,9,23,14
1371,2025-04,ЖК Борково,0.0,3.25933510420144,3.2832046075978822,0.0,1.2258571128809195,0.0,0.0,20.41089212647241,0.0,0.0,0.0,0.0,2.3794284716970155,2.4540819681482158,14.20346182744027,44.55467406309391,-2.201955494949865,-0.42695164201383407,1.66416731311927,4,5,28
1372,2025-04,ЖК Бортниково,0.10368057553956835,0.0,5.1402781977813055,0.03692292150722295,7.1142674126322545,0.0,0.24923063389739458,22.6231547900209,0.0,0.0,0.24663670349754924,0.21098128789881368,3.3877215752278054,9.868865695041736,18.702933759066326,46.75853056953041,2.0776725879486166,1.638987080107531,0.7789800070871751,0,6,9
1373,2025-04,ЖК Бушовка,0.0,1.0794701986754967,1.040324301258801,0.04436254436254436,5.08859254962215,0.24394749758404966,0.00546000546000546,26.64440604413702,0.0,0.0,0.19114436805922794,0.30059512440311636,1.2853476821192054,3.8999195759142835,10.832272276513747,32.24744499532019,1.873521352575137,-1.1254901524733747,0.6473470207716342,5,25,13
1374,2025-04,ЖК Верхний Икорец,0.0,1.501912617394855,3.380058048079057,0.0,6.270770287445728,0.0,0.0,28.337769350127783,0.0,0.0,0.0,0.20071285364223657,4.032959045271998,1.227743113681327,10.670703081731691,35.42180630183509,-0.05367714349226227,1.7825509966591415,0.15109805640089993,1,28,24
1375,2025-04,ЖК Волчанское,0.0,0.4311070448307411,3.361835943905977,0.00951618641053006,4.201705841222526,0.0,0.008715759516186411,19.383798879893536,0.0,0.0,0.0,0.18025388170055454,2.922902222102076,3.654327150611113,10.74959905527083,27.964616391410367,-0.9078776564849306,0.7199903302600869,1.6331669729658782,1,17,19
1376,2025-04,ЖК Высокое,0.0,1.0176871772136147,2.497487822947816,0.0,4.586077216275897,0.0,0.0,22.382197863899513,0.0,0.0,0.04030895008605852,0.15136495125821808,3.4128631823115887,3.50567026939829,9.993675393308054,30.356541965129686,-0.5944913439352115,0.6113242964039779,0.2102201357843327,1,20,17
1377,2025-04,ЖК Гусево,0.0,4.4067894035533,3.1749613852542127,0.0856995148333731,2.4539175883988107,0.3991414916681173,0.006601447546329436,15.568982069498292,0.0,0.0,0.0,0.18380459975316882,3.113788399946372,7.227354461209457,13.509666397253527,36.48605986009463,0.9146720103724311,0.08827991775367061,0.06879434327434761,2,21,22
1378,2025-04,ЖК Детчинское,0.0,0.8678413732843048,1.8706715634837356,0.043923865300146414,0.8811558765594223,0.0,0.0002440214738897023,15.817056329226924,0.0,0.0,0.03917784300444043,0.1243418510090648,1.073406319266374,5.263299170326989,8.320584005951766,23.395926399705278,-1.5780727155614425,-1.6417353372968282,0.6229832435332487,9,22,12
1379,2025-04,ЖК Добрино,0.0,0.9224045146229993,2.296404544990992,0.0004886391399951136,4.631557645446239,0.0,0.0,25.05137347334055,0.0,0.0,0.06036879891339499,0.16236725102181923,2.721928389299451,3.432282964799493,8.076662724877686,21.60385900637384,-0.4758618282179083,0.1570710742726415,0.14919145122828711,1,23,14
1380,2025-04,ЖК Елбань,0.13923215646431295,4.180529726017241,4.27096850300814,0.0,1.2879782585841595,0.23438377552865844,0.0,22.48223463163933,0.0,0.0,0.24383461117196056,0.28361681814009,3.1233006711409397,1.3627286712850277,14.809319785545865,42.14817691342488,1.5237877166945548,0.4686300405524439,0.5144069788809571,0,32,8
1381,2025-04,ЖК Залужное,0.0,10.968613428684943,3.8359299017205357,0.010094106233325248,4.496952997514837,0.0,0.009792869269949066,20.892266409802122,0.0,0.0,0.0,0.17814238514789174,3.2260871880803466,4.399017273917405,11.534740671825125,31.013690968844095,-0.9344487230738101,1.4909795413738929,0.18938760113768427,1,17,19
1382,2025-04,ЖК Зимитицы,0.16273714308407133,4.666215546570243,2.5807730880567745,0.0477085402184707,6.174725885737174,0.32515483991761845,0.0,22.959331002331,0.0,0.0,0.3736058536197927,0.1857972432376412,2.3813876677563663,6.876861966236346,12.640388850890817,38.82788733771761,3.1497249197046613,-0.4089023692280912,0.3210623673159381,0,33,10
1383,2025-04,ЖК Колыбелка,0.0,15.535429936305732,3.757793705146314,0.0010093448240058147,5.977950072213079,0.0,0.004597549579482919,21.882261155606407,0.0,0.0,0.0,0.19056119806853436,3.0592654462242566,4.6793112636181196,11.027265466010526,28.929756488416707,-0.8495552825507268,1.8415752976591222,1.0745668058461302,1,17,19
1384,2025-04,ЖК Коршево,0.0,0.643058399226969,1.9390467366435544,0.016276041666666668,3.3301946326079745,0.0,0.0,21.81006223139981,0.0,0.0,0.06002110270797756,0.18159862359862358,2.13006314990961,2.3068205538547173,8.584063743608503,22.552935579406167,-0.6899985507266623,-0.45257750165917365,0.20969238453945166,1,23,14
1385,2025-04,ЖК Курочкино,0.15200925690021233,1.4791494632535096,0.0,0.0,3.6053767009624957,0.22348064516129032,0.0,38.458691972603226,0.0,0.0,0.35263903086624626,0.2924371957156767,2.3210808179162608,4.77018416722213,20.284133642658574,50.05463738272904,3.227898353197909,-1.5692829896455303,0.14335995045214847,5,19,21
1386,2025-04,ЖК Курская Васильевка,0.0852546211733762,0.7443120382762313,1.9854420328215987,0.022166538164996145,3.376826431130739,0.23225711314526173,0.0,20.26541509075667,0.0,0.0,0.09393224594201983,0.19988774053007383,2.574243103672737,3.195633136785568,11.764845066926881,34.61342468129587,0.7987268612508469,-0.4666494896944233,0.13692342908808294,2,33,10
1387,2025-04,ЖК Наратлы,0.0,0.7635054666523466,3.9182576246711536,0.044902912621359224,5.302152771949685,0.0,0.0,26.553316920352632,0.0,0.0,0.036490643229064715,0.2090955939835517,2.7283690463405468,2.86806349787273,8.968675979572225,24.439755537295206,-0.012473101583544777,0.9738391773903481,1.1270287629431623,1,23,14
1388,2025-04,ЖК Нестерово,0.16526406575434377,2.689035410425405,2.8388573366110026,0.09152619937457097,6.888773932639348,0.2598279950083195,0.19687871548741115,19.43794643712097,0.0,0.0,0.14777585427747073,0.16944750662058441,3.466037193374228,7.843903104429368,12.20060883590734,40.53790371484714,2.944123884052171,0.6423615769538635,0.810153970884812,2,31,5
1389,2025-04,ЖК Огнева Заимка,0.1206163714111179,1.2333758129975545,2.6622157324241615,0.0,0.9799824987207353,0.21398706028589184,0.0,20.27710928649102,0.0,0.0,0.12132930908050295,0.17608830575951176,1.2318048536283017,4.028656180536443,14.405415194207771,39.27173923600702,0.02855281904041918,-1.4193650013800585,0.3581265083757816,9,32,8
1390,2025-04,ЖК Озерки,0.0,1.3400446727385733,3.2886482769747647,0.011409189022510022,4.182148103651056,0.0,0.0,23.18479940777662,0.0,0.0,0.0,0.17704775831784308,2.3978607615585386,5.189063635255394,9.840171717998444,30.454245698180483,-0.8874301145494317,0.37222685290522795,0.2010670453940945,1,30,3
1391,2025-04,ЖК Пеневичи,0.0,0.371785662979457,1.4945169600686992,0.04075150442477876,3.5684776458893204,0.0,0.005454277286135694,29.622175671298795,0.0,0.0,0.0,0.26785423995455243,1.1548361311610642,3.2380487580813706,10.860728284721109,27.894126356983072,-0.22050994154980816,-0.904922741739299,0.22086761369971816,1,17,19
1392,2025-04,ЖК Пеньково,0.0,2.5455070352087934,2.4729751024267257,0.0,1.0900003797122289,0.0,0.0,24.297161766752236,0.0,0.0,0.11828655803627529,0.27874697928653625,1.8323429078626199,3.1771261496429344,10.67931008928428,31.0603348351215,-0.4873866009530755,-0.5838332805263425,0.1068197597461667,1,20,17
1393,2025-04,ЖК Песковатка,0.030198628963153385,1.0006160418566696,2.3449177683066478,0.022885389967045037,3.881170413314912,0.0,0.0,19.62562258279846,0.0,0.0,0.15540687086092717,0.22289810643349353,2.433220412191705,5.11525158620232,10.546305920299952,27.946178887365907,0.06390524537880082,-0.1437586213131423,0.5883804094323044,1,14,15
1394,2025-04,ЖК Петровское,0.0,11.28158657829329,3.146522253934769,0.002956732941708089,5.169388183875405,0.0,0.009909283370382133,21.889565215493725,0.0,0.0,0.0,0.18300823268836977,2.5466629132328404,2.520042634924463,11.282395511340694,29.234900813741117,-0.9619852853118799,1.0649126645266123,0.3889702922863454,1,17,19
1395,2025-04,ЖК Петропавловка,0.0,0.744322960470984,2.1967944966149813,0.0036029411764705883,4.174437745930961,0.0,0.0,25.97961021991735,0.0,0.0,0.0,0.1642404791734601,2.4618782790052984,3.1409860772211857,9.162584563965979,28.978402904382506,-0.781976645107974,-0.01616087882772001,0.07577150388992474,1,30,3
1396,2025-04,ЖК Плеханово,0.08377156369814266,3.827730488285394,0.8145100275265434,0.003966124065112187,5.628636261314818,0.13724337240757437,0.14337763990991376,32.15928717046337,0.0,0.0,0.13475019402733254,0.1604220751187221,1.999190146785895,4.7142825759344555,11.60884674914326,37.72824256309596,1.4392629218186404,-0.8172646713815306,1.001536400039994,5,31,5
1397,2025-04,ЖК Подболотье,0.26269029317310677,2.093315058255148,0.9953735202068309,0.03061641039597224,6.302567268573915,0.38327924006705294,0.35503374306537583,24.772157748089615,0.0,0.0,0.22625348617348146,0.22135558559026874,2.915152909822691,6.5084962983108205,12.956934660267164,42.41521622232818,4.43074719033324,-0.4924121216087795,0.1453532132822755,8,31,5
1398,2025-04,ЖК Семено-Макарово,0.0,1.4518962660295869,0.7089117240550448,0.012138693588125714,5.599778426920428,0.0,0.0,20.654862718540038,0.0,0.0,0.0,0.22421850969158338,2.9521786251953523,2.5418681364537328,9.619200176782524,29.605394443454998,-0.32957333658823146,0.15415697063925307,0.347304542172703,1,30,3
1399,2025-04,ЖК Старая Чигла,0.0,3.1432351671792835,2.6629954436545034,0.0,5.052682530984214,0.0,0.0,24.005419602296836,0.0,0.0,0.22002656780970034,0.19629821348921286,2.605764755466297,5.180776014109347,11.178436966206005,32.320333643905904,0.29587528350765413,0.21337103074235478,0.17197342986152975,0,20,17
1400,2025-04,ЖК Старое Резяпкино,0.0,1.5746595721040482,4.50448312236287,0.04195345788266142,6.325129082787028,0.0,0.0,20.153300089079906,0.0,0.0,0.0,0.16739051749925218,3.396907324646986,6.813762066484868,10.597898374252955,31.949203808926516,-0.40266142985298164,1.6548912686617887,0.5908809040771381,1,30,3
1401,2025-04,ЖК Сугоново,0.0,3.799506984387839,4.187357175903209,0.0,4.168463474450207,0.0,0.0,29.371570605851183,0.0,0.0,0.0,0.3140128184059162,0.8718159408381265,4.534410378636044,11.025080857204989,36.13051030860458,-0.6351529460572628,0.32918574482337826,0.24795928844164303,1,28,24
1402,2025-04,ЖК Уланово,0.0,1.0475285171102662,3.921196535853912,0.08211064746264639,3.6938532644682827,0.4151167825699702,0.006689998653923813,20.433262243017985,0.0,0.0,0.0,0.19868011646148528,3.8617460474433583,6.71823118094935,13.341393054318043,34.17823315694634,1.5421908009366592,0.856569785700321,0.9682721108844863,2,21,22
1403,2025-04,ЖК Шацк,0.0,0.5287700016162922,2.801241806068357,0.01912960306073649,10.520054448361739,0.0,0.0,25.934394664811077,0.0,0.0,0.2392647914645975,0.21656391548455342,2.462340456558528,7.593094620250099,9.585719283598573,26.10863551923976,1.3925447324109554,0.969911613902604,0.12752509331932788,0,23,14
1404,2025-04,ЖК Щучье,0.0,34.21711992866696,4.055387761312827,0.00946588089330025,3.473295135567575,0.0,0.00946588089330025,22.97483979331726,0.0,0.0,0.0,0.18221238174478446,2.6881399105404724,1.6483291994594165,11.915717926878443,31.477800875465032,-1.4798573460229336,2.089644793963728,0.2132181495324344,3,17,19
1405,2025-04,МТФ Каширинское,0.0,2.501756013517991,0.0,0.0,6.167071831869511,0.0,1.0290697674418605,23.866264962795213,0.0,0.0,0.09754955517402841,0.1144359433793227,4.065055467511886,0.0,23.629845303189928,67.62982631827968,3.075160352316795,0.5233627570260528,2.6017555423068566,8,-1,-1
1406,2025-04,МТФ Щучье,0.0,0.0,5.410567135239942,0.001794526693584567,2.129279244796147,0.0,0.013458950201884253,21.813314942112882,0.0,0.0,0.0,0.20362971490485543,1.7991131210805595,6.992821893225662,15.779421600141845,44.020464915448294,-1.4043382386866856,0.4825890068911389,0.11272811687525366,1,10,20
1407,2025-04,РМ Кольцово,0.0,1.080898596126784,1.6286237395619978,0.038796718322698265,0.9380174769339957,0.0,0.0010938924339106654,13.188363725710856,0.0,0.0,0.021946158580196603,0.18256572280992187,1.1493435591567258,4.855168641750228,8.46960685406834,24.340275109619736,-1.5480526395905463,-1.4683332901403265,0.049212349220795384,9,22,12
1408,2025-04,РМ Пеньково,0.0,2.296617778531855,1.8030755769119546,0.0,0.4833985005187937,0.0,0.0,11.866750665469171,0.0,0.0,0.0,0.16180828237873676,0.8527599544493757,7.207133108815738,10.280476090733703,32.840862648747745,-2.2481916415438166,-1.609975960415093,0.09115225099909739,9,27,24
1409,2025-04,РМ Поляна,0.0,0.27630175243049104,2.6556950813609466,0.0,1.054935500253936,0.0,0.0,12.069552320149485,0.0,0.0,0.0,0.15211220584065777,1.0256930862659608,0.0,15.424428388823292,44.59559652941002,-2.2281322908662564,-1.0298991679233989,0.36190515244345645,9,7,26
1410,2025-04,РМ Торопово,0.0,0.770314924607652,0.0,0.0,0.0,0.0,0.0,22.65705204636373,0.0,0.0,0.0,0.20714729715868296,0.5962662837214073,0.0,20.586879915156086,64.23483926795528,-1.5901996672212888,-2.3437898860012636,0.06874836302084905,9,-1,-1
1411,2025-04,ЭФ Родня,0.09176451930438588,0.0,0.0,0.0,0.0,0.0,0.0,36.07567236084453,0.0,0.0,0.26238300025297245,0.0,4.486820135622881,5.999997898055702,25.864406070475642,82.05201072390842,0.5892020718384497,-1.4965199098097608,0.6001901831509776,4,0,29
1412,2025-05,ЖК Авангард,0.2817090639117935,1.5405384776842788,2.3612408895533545,0.03031488362996284,9.092933394459362,0.3000919333973209,0.3772438631409345,28.161581772947493,0.0,0.0,0.3053313903988473,0.1997238665743632,3.447006440327582,2.690112672954821,12.928819440168468,42.47459776131559,5.006035547365671,0.7386941283304413,0.2616163019521909,8,31,5
1413,2025-05,ЖК Аристово,0.0,1.6344447223611804,4.718626794386756,0.0,4.901818991060509,0.0,0.0,27.721072713461623,0.0,0.0,0.0,0.28523708683473387,1.0592965649491413,5.822660025834659,10.836094685082937,35.9368215921625,-0.6841495592180022,0.5768105621351921,0.24661016395709992,1,28,24
1414,2025-05,ЖК Бобров,0.0,1.0402339428069391,2.2322135770843037,0.00145131298471586,3.9443983078715186,0.0,0.0,22.791303473182296,0.0,0.0,0.0,0.22409273478355402,2.6409916485624807,3.124342182200912,9.07959616047195,28.766903858367773,-0.7036111942943009,0.23761142517878603,0.38533137507930487,1,30,3
1415,2025-05,ЖК Бобров 2,0.0,0.9464170448851027,2.3055102394730027,0.00404040404040404,3.9562481369091556,0.0,0.0,20.483951191667842,0.0,0.0,0.0,0.17903094178268097,2.575271866895388,3.0673587976032963,9.251774576352986,29.103693263276515,-0.9763012534533639,0.12810152395430943,0.2142470018353122,1,30,3
1416,2025-05,ЖК Богданино,0.0,1.5022814382186531,2.731442365721183,0.0,5.034428853385654,0.2603094121169777,0.0,27.98455626650007,0.0,0.0,0.0,0.27224569589702335,1.240189815659792,2.7699603224786595,13.6634109844109,36.69675155335208,0.49895996515697677,-0.24477465921193214,0.297384155697723,5,-1,-1
1417,2025-05,ЖК Бодеевка,0.0,0.9720205580834385,1.7427044073861435,0.007162810686913545,3.4107040176009185,0.0,0.0,19.974030748856098,0.0,0.0,0.005255205135784503,0.09838193593319519,2.180366343842383,1.9254720525813784,7.318751287435928,20.547479030218256,-1.3837587011976245,-0.5690252683893484,0.049096335350654836,9,23,14
1418,2025-05,ЖК Болдасовка,0.0,2.3471886119042393,0.2650802434975097,0.059767570558937465,4.954545133056317,0.0,0.0,26.38336212444535,0.0,0.0,0.0,0.26759943992971663,0.49571721941576985,4.090440200903391,10.411901467422982,30.414341276393852,-0.14029761776972696,-1.419504090630087,0.18951831466217747,9,-1,3
1419,2025-05,ЖК Борково,0.0,3.743185360897686,3.2326055312954876,0.0,1.293689102767623,0.0,0.0,21.052485998603036,0.0,0.0,0.0,0.0,2.467248675400291,1.3697394790224426,14.179511477243746,44.263932228255534,-2.153810888513014,-0.34609578352072856,0.09410405401265341,4,5,28
1420,2025-05,ЖК Бортниково,0.17521593557957196,0.0,4.70851816314143,0.034445386862689664,7.1200989860482355,0.0,0.26526677199062276,22.389131500015644,0.0,0.0,0.25495393082506995,0.19158102283543169,3.380935474177378,8.953485030345037,18.924114653909818,47.26907221126585,2.303843872263358,1.405592089765832,0.3250025713208764,0,6,9
1421,2025-05,ЖК Бушовка,0.0,2.0590458195559753,1.3263295023196964,0.038516098525555605,4.198342057582033,0.1894695684463372,0.006276060697244551,25.044227238923984,0.0,0.0,0.1896386703383163,0.315774097761535,0.6533882853094001,3.6376008429383804,10.855237757011892,33.10557764176519,1.301819824462941,-1.3568767276472908,0.6167514770282552,5,25,13
1422,2025-05,ЖК Верхний Икорец,0.0,1.4987072326266326,3.3334344429622442,0.0,6.1241288267648795,0.0,0.0,30.256464399847737,0.0,0.0,0.0,0.1802567237163814,3.9320397475279516,1.1352081347314904,10.640172712534879,35.289398584455526,-0.08650947420947146,1.6243332610571,0.16158840861696028,1,28,24
1423,2025-05,ЖК Волчанское,3.5587188612099645,0.39933489124573074,3.411889433770963,0.004722756690571978,4.16076947327058,0.0,0.010495014867937729,19.26124874505628,0.0,0.0,0.0,0.1912417651797183,2.8326298422800225,6.462479950843141,15.053225230253753,34.791607866618314,10.034311340894147,-1.3461877112303386,11.135555296144911,10,-1,-1
1424,2025-05,ЖК Высокое,0.0,0.9588397328999435,2.292390971044398,0.0035368182782768622,4.343750786424899,0.0,0.0,21.152578634218617,0.0,0.0,0.03539213775178687,0.15030775039745628,3.207842136578139,3.4534940248583306,8.00979041447371,22.07534975826801,-0.707500474726615,0.3903538081687926,0.2481914992765157,1,23,14
1425,2025-05,ЖК Гусево,0.0,1.2021332368943778,3.4953315984566786,0.08577743474600057,2.7350184061246137,0.31658229808199895,0.004736177378613528,15.806332741416048,0.0,0.0,0.0,0.18312729951161458,3.006675567423231,6.89622615778876,13.141649580074876,34.34171636848621,0.6279527841896242,0.15238632642475958,0.29379847905592066,2,21,22
1426,2025-05,ЖК Детчинское,0.0,0.5839004245914035,1.7656657068421775,0.0207508017355216,0.6736455124011183,0.0,0.0003772873042822109,22.796586774900753,0.0,0.0,0.05033354852593071,0.12480624173683112,0.978581548465759,5.297868326730805,8.18749697301589,22.80317296775504,-1.4404240697544797,-1.8086681338006272,0.21636475739146951,9,22,12
1427,2025-05,ЖК Добрино,0.0,1.167897025612167,2.1656400937615397,0.0034734785440335768,4.511958821186778,0.0,0.0,24.740956808054996,0.0,0.0,0.0625953955577739,0.16254613196719947,2.6948148484873418,3.8399392804167096,8.320790231462126,22.575744763601286,-0.4683046511878581,0.06798375964203197,0.08940727348911123,1,23,14
1428,2025-05,ЖК Елбань,0.14955677501055298,5.015754729551368,4.55333480565371,0.0,1.4761140923697202,0.28612294648185477,0.0,23.226208644671335,0.0,0.0,0.20904268381815522,0.2746698396300669,2.9841206947393255,2.412448918617614,14.844927215025411,42.14200954468593,1.5636385538375712,0.5112476855423319,0.05834683269452887,0,32,8
1429,2025-05,ЖК Залужное,0.0,12.245498906276291,3.8316894941139035,0.014191972076788831,5.783981914566258,0.0,0.0140037397157816,21.488664768852427,0.0,0.0,0.0,0.17987478559176673,3.09181838847672,5.402590779528568,11.839331363102978,32.0372721140356,-0.7414514101623999,1.665680827534251,0.2603238409694896,1,17,19
1430,2025-05,ЖК Зимитицы,0.1750102246379566,2.298450929432014,2.3474735378715246,0.04266030736618972,6.57820138544398,0.3513761065943993,0.0,23.951721101549055,0.0,0.0,0.40645562355087617,0.1956555394874267,2.3613172275839314,3.4804351291042397,12.755324036867705,38.5230003063387,3.5659925706767424,-0.49933032711118164,0.4259764932630911,0,33,10
1431,2025-05,ЖК Колыбелка,0.0,10.357873210633947,3.788922835219074,0.0010172237815769328,5.917148594059406,0.0,0.0023906608828782854,21.109833000110516,0.0,0.0,0.0,0.18676268029627063,3.025793951136811,4.886677538853854,10.599424365979278,28.113312934115307,-0.8392797351348157,1.6105208498797325,0.23128282407765463,1,17,19
1432,2025-05,ЖК Коршево,0.0,0.6114357422049068,1.9834934971855134,0.015467904098994586,3.223620402309379,0.0,0.0,20.196077553130333,0.0,0.0,0.03960822814399252,0.1786181321196427,2.09921789784172,2.041323184009465,8.35538225479817,22.07454492087936,-0.8953690955768492,-0.4323196436076577,0.20636724910919854,1,23,14
1433,2025-05,ЖК Курочкино,0.18391739422431164,1.5753607696419027,0.0,0.0,5.613531353135314,0.22855165373621886,0.0,35.96781656738804,0.0,0.0,0.3350176897689769,0.2539114682751775,2.4790028250744447,6.552969622988874,20.37275631171316,50.65651132576918,3.3012517256084064,-1.2513499515515163,0.3262853566369212,5,19,21
1434,2025-05,ЖК Курская Васильевка,0.05758667040044805,0.6950501477319594,1.9882624996438847,0.028239427104445346,3.9618307750691577,0.2938028249725092,0.0,20.883137042981986,0.0,0.0,0.07508347182846156,0.18731952136475727,2.4728779215116954,2.640038106028982,11.69646240820296,34.51373667031772,0.9475589578982979,-0.46147650671324353,0.14892196864599855,2,33,10
1435,2025-05,ЖК Наратлы,0.0,0.6799917381255128,3.4315973174596497,0.02368270097517004,5.5575068538167764,0.0,0.0,27.6334432800764,0.0,0.0,0.04276904589773149,0.21155314242250148,2.911324174926883,2.5041371965373167,8.730485773922334,23.783007690879565,0.010911397710058264,0.9577845815696345,0.02836520499095669,1,23,14
1436,2025-05,ЖК Нестерово,0.2087977297427847,1.3877471257760405,2.64504063290458,0.11600928074245939,5.611840409858023,0.249349267540478,0.2438440393352119,18.568871094465493,0.0,0.0,0.13381824141340326,0.18901172968567279,3.2786096705062953,8.252929472033312,12.490084526763466,41.86535349051647,3.180091599370991,0.22523042919744962,0.4792485337498353,2,31,5
1437,2025-05,ЖК Огнева Заимка,0.10522397500976181,2.569814452522113,2.83021055702737,0.0,0.9444133118857149,0.2326272290068086,0.0,21.97222729743839,0.0,0.0,0.11250683748380597,0.17865723555153162,1.2169979923638123,2.59771466318735,14.43540578156808,40.40980406596499,0.05206789679744857,-1.2830758312748218,0.13830291670783113,9,32,8
1438,2025-05,ЖК Озерки,0.0,1.0934574672126898,3.0856293513264834,0.0032137806916056047,4.2389995775756315,0.0,0.0,19.839472604266422,0.0,0.0,0.0,0.19129191473017093,2.3582991477968633,7.43093699530019,9.455281642956665,29.736357271006398,-1.019166838944708,0.28943704039503554,0.15559150879745912,1,30,3
1439,2025-05,ЖК Пеневичи,0.0,0.42102759276879165,1.76931269883351,0.04617614019321501,3.982079763710132,0.0,0.005753875533587958,27.923065447697365,0.0,0.0,0.0,0.23596307587185616,1.036462734814748,3.681504499491734,10.964715217411056,28.347920712079894,-0.36849068406368835,-0.8778325695404359,0.15043994677187095,9,17,19
1440,2025-05,ЖК Пеньково,0.0,2.7816861661609966,2.5869638192234246,0.0,1.2199072571100065,0.0,0.0,26.316327231156475,0.0,0.0,0.15713006439227292,0.2864764562423788,2.0468442564424345,2.1319480980650836,10.85054566437766,31.084636803836922,-0.1451533391072522,-0.41980079899870987,0.37951318884822044,1,20,17
1441,2025-05,ЖК Песковатка,0.03079731214605697,1.032775670394006,2.3848964255231984,0.03318290416777276,4.09294095918736,0.0,0.0,20.996653254227834,0.0,0.0,0.43288187588152327,0.22220384170968802,2.512458545823899,4.069898521730225,11.09928626391471,29.885049834826997,1.492842413951742,-0.44806179167191806,1.4609797572929122,0,14,15
1442,2025-05,ЖК Петровское,0.0,5.652056724028044,3.235411455471889,0.007089342996316977,5.556793102209448,0.0,0.010333908244222145,22.389964713272242,0.0,0.0,0.0,0.1870980375736259,2.4823429781786275,3.765416586224519,11.249034663547347,29.829075515205446,-0.7678030583019367,0.8812683403543092,0.2672676094988748,1,17,19
1443,2025-05,ЖК Петропавловка,0.0,1.0714674730304021,2.2887597539964672,0.002398267058641498,4.551112551431498,0.0,0.0,26.44897344042249,0.0,0.0,0.0,0.16708425972713492,2.5538651380789967,3.044485784769685,9.17897327853701,29.050058618064217,-0.704375395579297,0.153822087006445,0.18685867012849824,1,30,3
1444,2025-05,ЖК Плеханово,0.11140455330306324,3.5259026686929227,0.46098135071519103,0.0003621220351258374,5.676965562182799,0.1607627236941288,0.17561437742001224,30.507442516075255,0.0,0.0,0.17127270565858296,0.1588607634730539,1.942278552262283,4.013501538399255,12.495847000959184,41.05024821034464,1.7886469320818046,-1.0352778908498594,0.4118239314203542,5,31,5
1445,2025-05,ЖК Подболотье,0.2570362302552261,2.510850730554362,0.9825493171471927,0.0347749114820435,5.85638069158899,0.4473198981635105,0.36517781368255453,24.952890391742216,0.0,0.0,0.23600065908182338,0.23467073553736312,3.090736847870138,8.06316213900509,12.996591078642043,42.53019949353323,4.818102500736899,-0.542756654597218,0.39061324670284636,8,31,5
1446,2025-05,ЖК Семено-Макарово,0.0,2.5381559922077357,0.522102067918801,0.0313665971036489,5.146112940127573,0.0,0.0,21.887736714431288,0.0,0.0,0.0,0.2287291690626797,2.6018075596868506,2.5281451220314453,10.131620465411402,30.213195604469504,-0.24262093026526232,-0.1596512005567072,0.3256321379635429,1,30,3
1447,2025-05,ЖК Старая Чигла,0.0,2.6153336397989793,2.595821369329785,0.0,4.76106162930096,0.0,0.0,22.97029438727483,0.0,0.0,0.23698850574712643,0.19870386080436428,2.5539931753027254,4.00622087680627,11.130623177045994,32.03252402182783,0.2959632501926549,0.10584851352018686,0.10752255320596264,0,20,17
1448,2025-05,ЖК Старое Резяпкино,0.0,1.1640042592454518,3.4699619487276117,0.028322741088698537,5.638983547774731,0.0,0.0,21.669250217236133,0.0,0.0,0.0,0.17958321553334958,3.0808180980383555,7.155065668320817,10.289972267916015,31.3910481907752,-0.47215319194811667,0.9956758074312659,0.6628681085438171,1,30,3
1449,2025-05,ЖК Сугоново,0.0,2.3289835865021917,4.576459141375771,0.0,4.743169350150393,0.0,0.0,27.654215561266696,0.0,0.0,0.0,0.27826883686905635,1.1107146498113978,4.135868711720672,10.867514442836603,35.914554980663354,-0.7299437775942298,0.5745799331194058,0.2630657890964461,1,28,24
1450,2025-05,ЖК Уланово,0.0,0.5211147447746338,4.451790641478423,0.06537590861889928,4.1284308499990905,0.34643384317574566,0.0067601246105919,19.907710840682018,0.0,0.0,0.0,0.19399792880096406,3.7763380685778003,6.079106541650946,13.172686575005578,33.10499714197294,1.095936307107186,1.155833023884529,0.5373095560210123,2,21,22
1451,2025-05,ЖК Шацк,0.0,1.7534720361919438,2.6670018361458423,0.024729442702538688,10.874900048747563,0.0,0.0,24.64342734106478,0.0,0.0,0.0,0.21656091046145778,2.3982558273730437,8.467689857207347,10.412009925110423,31.90616990756342,0.3273132703365661,1.3211160264537603,1.121633900695117,1,30,3
1452,2025-05,ЖК Щучье,0.0,36.39178356713427,3.8264908974838754,0.008288536691272254,2.95947899804633,0.0,0.010549934867564045,23.60193441030832,0.0,0.0,0.0,0.19180841229489254,2.3758683448178877,1.8335825875313745,11.947495110830523,31.09123765973951,-1.5735982873746004,1.8519409537834823,0.2555200182411006,3,17,19
1453,2025-05,МТФ Гилево,0.17295698924731184,3.748873873873874,2.7037037037037037,0.0,7.838589981447124,0.0,0.0,31.88682745825603,0.0,0.0,0.34713978494623654,0.18664329896907217,3.0764462809917354,0.0,20.132024777647374,53.52929841244955,2.1311126315237536,0.7602686229955959,0.5513332620359535,0,-1,-1
1454,2025-05,МТФ Каширинское,0.0,2.958877760827751,0.0,0.0,6.43135313714603,0.0,0.012244897959183673,25.143935542305076,0.0,0.0,0.10019739060323975,0.11269629918626686,4.122968943179715,0.0,21.76915420840769,64.67005289371002,0.21419409063247313,0.3421567228704176,2.8666990733787143,1,-1,-1
1455,2025-05,МТФ Щучье,0.0,0.0,5.350100406523975,0.0005037783375314861,1.9337928686920263,0.0,0.015617128463476071,20.25957378369825,0.0,0.0,0.0,0.1962018989280245,1.8817212072388294,7.82367758186398,15.726891332493175,43.34523764889718,-1.5031734300379682,0.4429465808662422,0.10648904634085167,1,10,20
1456,2025-05,РМ Кольцово,0.0,0.8145715084014181,1.3821051056338027,0.03552724699221514,0.9610810225365448,0.0,0.0010615711252653928,12.063215837649896,0.0,0.0,0.027156308623298032,0.18832364260865736,1.4734974313488964,5.068789808917198,8.44160959919876,23.878818956591306,-1.4782224383891065,-1.3817163816839837,0.11125981228803165,9,22,12
1457,2025-05,РМ Пеньково,0.0,4.2216435895566615,1.7770419446799766,0.0,0.39658930172774554,0.0,0.0,9.222306232199402,0.0,0.0,0.0,0.15347811520382384,0.6926524296894067,8.182621176124814,10.51844999860935,33.24559293085267,-2.468584530199611,-1.6714487199743016,0.22880543161793554,9,27,24
1458,2025-05,РМ Поляна,0.0,0.19502413168548902,2.633301986754967,0.0,1.1230893317299433,0.0,0.0,11.686209702023797,0.0,0.0,0.0,0.15847291565259716,1.216058425709346,0.0,15.396208341288746,44.49676930377438,-2.165557652835236,-0.9102144146374812,0.13505563851177863,9,7,26
1459,2025-05,РМ Торопово,0.0,0.6829353402208763,0.0,0.0,0.0,0.0,0.0,19.68461111220144,0.0,0.0,0.0,0.19839208682511336,0.7976761917845858,0.0,20.564752112373522,64.22540877957745,-1.7076934505489654,-2.2433550286611306,0.15457020957993128,9,-1,-1
1460,2025-05,ЭФ Родня,0.08493620258667536,0.0,0.0,0.0,0.0,0.0,0.0,36.601197660384365,0.0,0.0,0.24269207438345267,0.0,4.200063549289712,6.2240622406639,25.798841016976027,81.88175610271306,0.43823798788969515,-1.6250396227008488,0.19826111884102315,4,0,29
1461,2025-06,ЖК Авангард,0.2426791364535267,1.6232262955971013,2.2507759722475806,0.008366800535475234,8.006671091839005,0.39190649848049625,0.34035372445616346,27.083384214435217,0.0,0.0,0.2588511452079164,0.20092670498139759,3.07591847464395,2.2905133843037793,12.954776396353244,41.73721324187717,4.496479816859423,0.3598825159747574,0.6349372253595383,8,31,5
1462,2025-06,ЖК Аристово,0.0,1.7551085625208775,5.079177044576028,0.0,5.329586558236441,0.0,0.0,30.767505625073092,0.0,0.0,0.0,0.2784481040350024,1.1257749693798018,3.8188359092403816,10.831628708482285,35.89950631984395,-0.5448256854116493,0.838321728246557,0.29630935154553334,1,28,24
1463,2025-06,ЖК Бобров,0.0,1.0495421004862715,2.298971965271736,0.0012888741061034426,4.041542394856493,0.0,0.0,22.343881974568447,0.0,0.0,0.0,0.22362647287892876,2.646702911426331,3.12048074323494,9.070270063385781,28.722965572716287,-0.7180900535306566,0.2849564488330426,0.04950948019933474,1,30,3
1464,2025-06,ЖК Бобров 2,0.0,0.9301237550466204,2.19999513786237,0.003756762171909437,3.8365137530492675,0.0,0.0,19.695732844584676,0.0,0.0,0.0,0.17687044064248092,2.5008086459113046,2.332738032211769,9.170622174751848,28.80528816614531,-1.048734095985737,0.04558691690551479,0.10979607030188529,1,30,3
1465,2025-06,ЖК Богданино,0.0,1.6805500199282584,2.9294478527607364,0.0,6.080067801823304,0.2581719607958906,0.0,26.236409280263974,0.0,0.0,0.0,0.2983069170865781,0.552809884416102,2.7569609445732928,13.722602375267924,37.50705822786304,0.470751336519767,-0.26586404869563424,0.03522057748514772,5,-1,-1
1466,2025-06,ЖК Бодеевка,0.0,0.9572129685989473,1.715461574893666,0.005151806566836104,3.3061685428528653,0.0,0.0,19.437132918446963,0.0,0.0,0.0051287542087542085,0.09730579242529001,2.13654733932495,2.9166970198211333,7.20758918163369,20.522041019188634,-1.4448910315579078,-0.641816012749537,0.0950560586169506,9,23,14
1467,2025-06,ЖК Болдасовка,0.0,2.0668914688459377,0.29577464788732394,0.05211267605633803,5.173911027106768,0.0,0.0,28.495599417184234,0.0,0.0,0.0,0.23595619838284257,0.4327409088943659,2.992673338098642,10.265940872026123,30.251418844737564,-0.22095564987994445,-1.4703062593715601,0.09532354637092545,9,-1,3
1468,2025-06,ЖК Борково,0.0,4.511038599255228,3.7346846976016685,0.0,1.4170110897409665,0.0,0.0,20.468664269345666,0.0,0.0,0.0,0.0,2.78252098540146,4.345238374350759,14.507834986032387,45.694166652632276,-2.128618523239562,-0.008515918641427523,0.33851856734896857,4,5,28
1469,2025-06,ЖК Бортниково,0.2075162402989365,1.6779375176105944,4.587329874999051,0.03051643192488263,7.301103410805917,0.0,0.277409920804287,20.257822944499235,0.0,0.0,0.25626431973226926,0.19457591566049617,3.495161739730885,10.225050149326933,12.886855174626247,36.83258784572453,2.3670810457035,1.4973657259039967,0.1114510672659478,0,15,23
1470,2025-06,ЖК Бушовка,0.0,2.502834714348016,1.1734556648397025,0.04958520976534724,3.312767006013347,0.2113509435828943,0.006684048352690211,24.89424032173859,0.0,0.0,0.16933720604703245,0.3776534831460674,0.7538983863933711,4.666980760009086,10.943179276538363,33.610177276213975,1.5410373701523874,-1.3718029136159142,0.2396827594827218,5,25,13
1471,2025-06,ЖК Верхний Икорец,0.0,1.4956534765193883,3.422063412331861,0.0,5.95178833795576,0.0,0.0,30.45275353864868,0.0,0.0,0.0,0.17313843966589657,3.9694883427328684,0.0,16.55896875739175,49.80771176032239,-0.12981090675145313,1.6554325309122688,0.053312087238377784,1,7,26
1472,2025-06,ЖК Волчанское,0.0,0.41188748633336647,3.509579265760559,0.008365867261572783,4.2693004607051295,0.0,0.008365867261572783,19.677798545377197,0.0,0.0,0.0,0.18514827804679368,2.862128815264786,6.0134245482778095,10.742133809219128,28.14164635487022,-0.8921116396943037,0.7084127659856337,11.117918072719709,1,17,19
1473,2025-06,ЖК Высокое,0.0,0.9535511656225701,2.2918715978246382,0.003538820864887819,4.316840646326777,0.0,0.0,20.010662989500137,0.0,0.0,0.038301709401709405,0.1425014313757566,3.1679011333566933,2.818425891768066,8.032082660402708,22.004432968082195,-0.7899694593636195,0.36309194204518863,0.0868581761931471,1,23,14
1474,2025-06,ЖК Гусево,0.0,0.6213611482276638,3.6738510587285163,0.07035021053712642,2.776102773400882,0.31955518355359763,0.0051692855431173185,17.174076535308348,0.0,0.0,0.0,0.17811373234002553,3.016532138981367,7.94637750706416,13.090470183397391,33.62756696246669,0.5651997453534711,0.17948398047797948,0.06835368854977564,2,21,22
1475,2025-06,ЖК Детчинское,0.0,0.7201846004372116,2.0176845342706504,0.030889467807964272,1.0625393767108864,0.0,0.0,16.717893835514793,0.0,0.0,0.05833064646138965,0.17511915999363634,1.0963289310549296,4.0524748790472644,8.904121625413135,24.434756336412487,-1.3475704237941823,-1.407852279836413,0.41143061183774654,9,23,14
1476,2025-06,ЖК Добрино,0.0,1.1909010928096293,2.20750847162553,0.006150691952844695,4.671097358628683,0.0,0.0,22.12169583320852,0.0,0.0,0.06642658035034273,0.18066035391367186,2.676941804274347,6.0642791859823575,8.537234187455406,23.7388812595899,-0.452772959143331,0.10210105314972055,0.03748630648724672,1,23,14
1477,2025-06,ЖК Елбань,0.13413532041728762,4.4932165659944605,3.4735427994168946,0.0,1.3265728090664552,0.2623227029005793,0.0,21.838579262292797,0.0,0.0,0.25957468737612166,0.27665634317591614,2.8727772265893305,2.91884146515516,14.79587567373719,41.68553275741288,1.6425008814730022,-0.03878666911510304,0.5556591203458278,0,32,8
1478,2025-06,ЖК Залужное,0.0,5.018613242666402,4.039175188467515,0.011949638286032276,5.926944888929998,0.0,0.011184474123539232,21.804267032418952,0.0,0.0,0.0,0.17351784557165445,3.111000221668052,5.677903463195787,11.439531591411429,30.999162674561454,-0.6559096535113951,1.470960899389195,0.2126810817815151,1,17,19
1479,2025-06,ЖК Зимитицы,0.16571221028194857,2.5449704174681202,2.1648293290621106,0.03920071845532106,5.6494931492485145,0.331511557045227,0.0,26.425633350867965,0.0,0.0,0.3887802448796196,0.18676098421762236,2.134650476190476,3.808578103959063,12.684344995918396,38.48040122392554,3.2692165400970388,-0.8336478001560945,0.4470393552135888,0,33,10
1480,2025-06,ЖК Колыбелка,0.0,6.237583737583738,3.671628095866843,0.0028333131728559336,5.799820022692174,0.0,0.009303858715374381,21.39583633650515,0.0,0.0,0.0,0.17188926372407937,3.043482533046291,4.26084002978709,11.109302920025979,29.442602028228684,-0.7888317515120985,1.3685021694324944,0.24722063169772124,1,17,19
1481,2025-06,ЖК Коршево,0.0,0.5137554144859904,1.885241348347602,0.018179275625786605,3.4762011065536824,0.0,0.0,19.557150977522504,0.0,0.0,0.045821396547859224,0.19126166103639494,2.117242987984843,2.195304078966468,8.468641461472512,22.357981254542715,-0.7795914949415031,-0.39947421679477757,0.12034647843372046,1,23,14
1482,2025-06,ЖК Курочкино,0.18540782017378163,1.6006332541765613,0.0,0.0,5.553154077221775,0.21627220756376428,0.0,35.63810598759949,0.0,0.0,0.33285713239065134,0.2546347956505437,2.4632599932818273,7.988157636959836,20.36220156855144,50.75421469970105,3.230560002565361,-1.2869582450539236,0.07915346027147667,5,19,21
1483,2025-06,ЖК Курская Васильевка,0.0669595916019557,0.894361545883709,2.868680596800029,0.017841655309131458,4.083954192452691,0.15881823410986484,0.0,20.55143993666841,0.0,0.0,0.07646694231383828,0.21800025156060748,2.5138926327668814,3.3079108409321174,11.298661452427211,32.63381983771355,0.42885092941617914,0.10886669949988065,0.7709405889465627,2,33,10
1484,2025-06,ЖК Наратлы,0.0,0.9302292508106264,3.398827772709969,0.028666666666666667,5.897601006293259,0.0,0.0,27.896700016577135,0.0,0.0,0.055405743983555376,0.19941671155509852,2.8262707648219485,3.694016782196279,8.96887238776799,24.701802591223288,0.09944780870478212,0.8838788557912028,0.11532888785843468,1,23,14
1485,2025-06,ЖК Нестерово,0.1877160763814807,1.496004896754742,2.651655045062426,0.09946746648711514,5.003128607482289,0.23768604954367664,0.3148241590964891,19.67774754713207,0.0,0.0,0.15861844059014943,0.20314326091507898,3.4250832423713615,7.046782076583796,12.544277991264112,42.031478151352204,3.3073899475977884,0.2873343278050842,0.14163955550459167,8,31,5
1486,2025-06,ЖК Огнева Заимка,0.11891930859342999,2.753551493719934,2.681617746935116,0.0,0.9265041871103405,0.2322269748890969,0.0,21.6207772386214,0.0,0.0,0.10845335147367854,0.16369814344634262,1.0601689228451523,4.921017563117453,14.486075164801944,40.267022424292676,-0.018803753630996005,-1.5108828886821912,0.2385767093390638,9,32,8
1487,2025-06,ЖК Озерки,0.0,0.9794281084122208,2.9072066023768555,0.001860074402976119,4.873400527188576,0.0,0.0,21.99671316572281,0.0,0.0,0.0,0.20480520246761474,2.5325082059605935,5.238969262866197,9.269653617805652,29.345720557731727,-0.7583013673264196,0.49695576448241535,0.3333388893145924,1,30,3
1488,2025-06,ЖК Пеневичи,0.0,0.3211262638137785,1.828798275959848,0.049756249999999995,3.6003013912886823,0.0,0.005814791666666667,28.573140347484372,0.0,0.0,0.0,0.2664051698718999,1.3402582477435419,4.793229983106347,11.007355216977182,28.069199189618654,-0.16949369054930818,-0.7249814254013508,0.2509248407240495,1,17,19
1489,2025-06,ЖК Пеньково,0.0,2.788924908808033,2.720326295816643,0.0,1.2627447294394278,0.0,0.0,23.3596736039125,0.0,0.0,0.2733657089527365,0.28935654376860076,2.1760686849030315,3.2481279565172487,11.191756880631896,31.740040089730478,0.28892969572791616,-0.4623636877677053,0.4361647402439494,0,20,17
1490,2025-06,ЖК Песковатка,0.02926228673287497,1.064750566287993,2.4346799930671907,0.020290149132596125,3.908558165866578,0.0,0.0,22.745461519667725,0.0,0.0,0.12048809901618533,0.22214932800019047,2.5619891442314113,2.2045394736842105,10.422843632966126,28.008292467641493,0.02986298161316936,0.0685027727230434,1.5514985557950896,1,14,15
1491,2025-06,ЖК Петровское,0.0,3.5011678719008263,3.1119977518127993,0.006356579677956691,5.656141816075542,0.0,0.009762164429530202,21.77606667005179,0.0,0.0,0.0,0.19285911212125287,2.496514084659678,4.766098129862358,11.080467811708294,29.522790550947292,-0.716984127826736,0.7702277763417115,0.12211703628437394,1,17,19
1492,2025-06,ЖК Петропавловка,0.0,1.0336694609287462,2.2029533552102865,0.005063691747764855,4.328862711536178,0.0,0.0,26.10822271174008,0.0,0.0,0.0,0.1778514280491706,2.4713073093713103,3.041571938941215,9.354799407763808,29.414974367687545,-0.6958971813472035,0.06344177327837991,0.09077709637429887,1,30,3
1493,2025-06,ЖК Плеханово,0.12718899596647587,5.786611178062257,0.29422615753551007,0.006640841173215274,6.946374425501657,0.2190438064138505,0.22548968363136176,32.66076444267157,0.0,0.0,0.23313295913386875,0.16973502835637108,2.257028845640213,5.717324641209636,12.470790083847078,40.61769138021176,2.8932230650374615,-0.793465947339924,1.1307349156718056,5,31,5
1494,2025-06,ЖК Подболотье,0.24022636268235972,2.5524686156029586,0.8724373576309795,0.03132118451025057,5.087728757993724,0.409458402726178,0.3390086833062409,25.473754236845675,0.0,0.0,0.22319621693321398,0.2228773168210344,2.837407962988925,6.174841639657568,12.979149343672312,42.47512807377626,4.277852365501494,-0.7782331482624577,0.5893380928556617,8,31,5
1495,2025-06,ЖК Семено-Макарово,0.0,2.546227868529332,0.5908040071923966,0.02067814025173388,5.199910061355814,0.0,0.0,24.255037538754834,0.0,0.0,0.0,0.23922539133052378,2.8565060862116374,2.797039693393245,9.996509397963752,30.24895532544412,-0.12328701463618849,0.029424764943270818,0.22358511611714182,1,30,3
1496,2025-06,ЖК Старая Чигла,0.0,2.901409474059124,2.721993655606086,0.0,4.8255438828156,0.0,0.0,23.083186040242282,0.0,0.0,0.2198246848911442,0.20369213616572107,2.640371914146744,3.8673350152118955,11.129359764552676,32.09950340761142,0.2562202574866209,0.2612251647205654,0.16037895500182048,1,20,17
1497,2025-06,ЖК Старое Резяпкино,0.0,1.1849784913363774,3.2510392332386715,0.02064377262498777,5.537487075928918,0.0,0.0,23.165726961346646,0.0,0.0,0.0,0.1835731498860437,3.0999689962065946,7.263310789342291,10.15695940751157,31.235765131562527,-0.4447987084740641,0.915114475866933,0.08507876297614234,1,30,3
1498,2025-06,ЖК Сугоново,0.0,2.4683459051724137,5.093139610481386,0.0,5.6202534375124795,0.0,0.0,30.24259723206712,0.0,0.0,0.0,0.2869428879310345,0.7125538793103449,3.281507378455173,10.903143992288998,35.75714615107224,-0.6076326786739427,0.7414644206755489,0.20690683194608323,1,28,24
1499,2025-06,ЖК Уланово,0.0,0.33879732739420937,4.494805857236148,0.06952293336837954,4.035338891216311,0.327542248585224,0.0078328295439611,21.097602559992538,0.0,0.0,0.0,0.19701838230490848,3.613215114374128,6.275231092710384,13.211460760996214,33.65737855310972,1.0737501462366477,1.0688424575457838,0.08977518792021001,2,21,22
1500,2025-06,ЖК Шацк,0.0,1.2489311998065173,2.252981108481086,0.024356524214207295,10.596058227007171,0.0,0.0,23.92787883722801,0.0,0.0,0.0,0.22504550699119064,2.3903161486912956,8.868730780847654,10.299981874970667,31.622023027379107,0.32926202663505366,1.11034912767485,0.21077590771240973,1,30,3
1501,2025-06,ЖК Щучье,0.0,37.08747927031509,3.682660631341601,0.008460262008733625,3.539473096171005,0.0,0.011517030567685589,22.32102350808233,0.0,0.0,0.0,0.17887610317629501,2.525867884539344,2.140338864055358,11.994087364254337,31.251555254553512,-1.5682065759668422,1.975031784462616,0.12320885986479906,3,17,19
1502,2025-06,МТФ Гилево,0.17441129032258065,5.021186440677966,1.7037037037037037,0.0,7.979591836734694,0.0,0.0,33.20686456400742,0.0,0.0,0.35028897849462365,0.18311502782931355,2.8382899628252787,6.0,13.889951478368266,35.31122573450555,2.237344040716446,0.1668928098688516,0.6028100595568145,0,13,18
1503,2025-06,МТФ Каширинское,0.0,2.9687978178431242,0.0,0.0,6.320363146306279,0.0,0.013090043633478779,24.104997770999532,0.0,0.0,0.09817601140884186,0.10966161259990596,4.194518221851037,0.0,21.78114157306723,64.65577178778625,0.15233366109553942,0.3632264895083587,0.06535019363912578,1,-1,-1
1504,2025-06,МТФ Щучье,0.0,0.0,5.263053363299012,0.0005120327700972862,1.968843481851971,0.0,0.014848950332821301,21.288637289650037,0.0,0.0,0.0,0.15949966453186945,1.7826952196574832,4.911904761904762,15.609724404303135,42.93965764917452,-1.626327280686022,0.3359391905981198,0.1631485596057698,1,10,20
1505,2025-06,РМ Кольцово,0.0,0.9302510739317206,1.2701320633608215,0.033679354094579006,1.1362604981455766,0.0,0.0009886307464162135,12.88656830752006,0.0,0.0,0.030263646846376432,0.18604846561240543,1.5895502519126703,4.917712967539957,8.408946302604228,23.559240761997522,-1.397745843426825,-1.3361869137482532,0.09246304552216424,9,22,12
1506,2025-06,РМ Пеньково,0.0,3.175369222619979,1.776159388418675,0.0,0.32575199092910023,0.0,0.0,9.450741494227628,0.0,0.0,0.0,0.16408743534527528,0.7150367650244811,7.075411671290539,10.379041089270553,33.20683547342692,-2.409402405697796,-1.6614171573386982,0.060026295150212364,9,27,24
1507,2025-06,РМ Поляна,0.0,0.31526812926178477,2.4868372012469693,0.0,1.0745114776019613,0.0,0.0,12.731453589756365,0.0,0.0,0.0,0.1434570888997692,1.081112052214638,0.0,15.438731908024803,44.708782558572466,-2.2055032287491647,-1.0846218473079974,0.1789234518049998,9,7,26
1508,2025-06,РМ Торопово,0.0,0.0,0.0,0.0,0.0,0.0,0.0,19.53857354278103,0.0,0.0,0.0,0.20085881308272902,0.8314551893274699,0.0,20.79547698605943,67.81762323950863,-1.6860708067213601,-2.2452396342981804,0.021704618506269025,9,-1,-1
1509,2025-06,ЭФ Родня,0.07573940847322143,0.0,0.0,0.0,0.0,0.0,0.0,38.48373183309892,0.0,0.0,0.22388941200552684,0.0,3.1451212872784464,5.999997712717292,25.670203918105855,81.42056519247102,0.16667924144986518,-2.158318217051388,0.5984398148188828,4,0,29
1510,2025-07,ЖК Авангард,0.22770628088633826,1.9494451558369152,2.3212268659310107,0.013302148808653706,7.311807611614636,0.49139647812166487,0.33876303204208513,27.02777044328553,0.0,0.0,0.17067027635187398,0.2119916114372278,3.099821686670275,3.1261320049547243,12.856845086852054,40.84493612217539,4.4336112070993705,0.3371576979858054,0.06684967797822754,8,31,5
1511,2025-07,ЖК Аристово,0.0,1.9403866537180912,5.0362772651458085,0.0,5.33550353363497,0.0,0.0,31.859477813100202,0.0,0.0,0.0,0.2950629855715871,1.0748945615982242,2.931437435353223,10.832270452898616,35.81030277311132,-0.4469343674299381,0.8600186158131315,0.10026696896921278,1,28,24
1512,2025-07,ЖК Бобров,0.0,1.0144220023688426,2.166512199396249,0.0025370445269698866,4.021614139742308,0.0,0.0,23.278573736300874,0.0,0.0,0.0,0.22675660101487916,2.60996482402356,3.4883217920558005,9.202589572278574,29.140602372630198,-0.6536617124706632,0.202402622324126,0.10471936498569466,1,30,3
1513,2025-07,ЖК Бобров 2,0.0,1.084803133698156,2.4857912448548225,0.0035636888995906574,4.039312314098751,0.0,0.0,18.244226867697638,0.0,0.0,0.0,0.20793754150302618,2.6972182750420406,3.4446405447689346,9.310977697425473,29.276936735874976,-0.942715654573801,0.35854864759310245,0.33043146762133024,1,30,3
1514,2025-07,ЖК Богданино,0.0,1.947089947089947,0.0,0.0,5.651312275610018,0.2433026360052209,0.0,25.62793822079679,0.0,0.0,0.0,0.3254860823556476,0.5163946061036195,3.9040945344548055,18.200327853735473,51.54469623695587,0.6456993122861543,-1.3853590856424471,1.1330824912482331,5,-1,-1
1515,2025-07,ЖК Бодеевка,0.0,0.979095173934346,1.7322071219078143,0.002790490010045764,3.4904271825819433,0.0,0.0,19.572327642075724,0.0,0.0,0.004298735158637255,0.09869885594448517,2.1504392309302767,2.707671975250048,6.985548229085706,20.20076048597474,-1.4326437642935868,-0.5830211711657511,0.060056880973841695,9,23,14
1516,2025-07,ЖК Болдасовка,0.0,1.9778684084372005,0.24775928297055058,0.06274007682458387,5.8503694724592705,0.0,0.031484257871064465,34.54945711407044,0.0,0.0,0.0,0.23999536593160756,0.4423139980824545,3.599815167129079,12.21251605517043,32.59518337656521,0.3331487746547217,-1.4179971164666947,0.5565680189521629,5,17,19
1517,2025-07,ЖК Борково,0.0,3.8922072738564957,3.8443700833626866,0.0,1.2011437848807711,0.0,0.0,17.808801110623996,0.0,0.0,0.0,0.30932594644506,2.52166440359883,4.765242779437678,10.941029924284248,35.62390217244406,-1.132442815846567,0.6164646058966083,1.175996044233046,1,-1,24
1518,2025-07,ЖК Бортниково,0.19108448838157358,1.6398643632303929,4.915944917364896,0.051659310119339545,6.7820484965542995,0.0,0.27694889311163895,22.56410479266596,0.0,0.0,0.20874917427627743,0.18720577464041188,3.0383698598364606,7.302275160511063,12.895604848166531,37.41997034583785,2.1395789030281116,1.3729238290452523,0.2593125731924603,0,15,23
1519,2025-07,ЖК Бушовка,0.0,1.9500798311264633,0.949427465186613,0.044127405441274054,3.640476561571672,0.23244960003837714,0.006096549435965494,24.859536035608613,0.0,0.0,0.16645636927091828,0.35380374280230326,0.6977625074154638,5.549324697275079,10.939875505157067,33.18452289325046,1.5291502163404427,-1.5384454356257176,0.16706595873347935,5,25,13
1520,2025-07,ЖК Верхний Икорец,0.0,1.5282727007803478,3.30435175098047,0.0,6.2109521662536205,0.0,0.0,29.098599218621413,0.0,0.0,0.0,0.1858931075676518,3.819096190995954,1.0496054114994362,10.635460621638963,35.22445123318849,-0.12930450995881163,1.5937407897773768,0.061693819479475664,1,28,24
1521,2025-07,ЖК Волчанское,0.0,0.40939597315436244,3.700515561868687,0.006328507047655575,4.389771444519683,0.0,0.008438009396874101,19.39671816013904,0.0,0.0,0.0,0.19543886363636362,3.003340865789357,6.2578828778804585,10.703753485887697,28.13154879846904,-0.8466960849334711,0.899933845926321,0.19683215356206743,1,17,19
1522,2025-07,ЖК Высокое,0.0,0.9300491101521184,2.261959821293076,0.008448229251148959,4.303390546853183,0.0,0.0,19.937567834324224,0.0,0.0,0.058790297339593116,0.1603042804115961,3.0588520376578323,2.2164905595340265,8.462748881955148,22.91286305351823,-0.6189927622029469,0.31466124577841986,0.1777035827237492,1,23,14
1523,2025-07,ЖК Гусево,0.0,0.7302092232744988,3.827247874650946,0.07273089568596194,2.9709580269963416,0.3179022057789461,0.005977881837202352,17.8335046178521,0.0,0.0,0.0,0.18658680571096092,2.9978848107431117,7.608721183624567,13.137420850468853,33.882380469912086,0.6476407833615596,0.2890564868653986,0.13712278768998282,2,21,22
1524,2025-07,ЖК Детчинское,0.0,1.0023973150071919,2.090535669377148,0.02758051197357556,0.6941444359949303,0.0,0.0,19.825191093386508,0.0,0.0,0.06047594246031746,0.2006108488798981,0.771099472713745,2.2620087336244543,8.971777578374102,24.981134922206273,-1.2669562844351896,-1.5174269689229756,0.13603401028054693,9,23,14
1525,2025-07,ЖК Добрино,0.0,1.1795204831296542,2.1806853737566967,0.0059687238868329955,5.036161911593617,0.0,0.0,22.621056905185615,0.0,0.0,0.07408714392803599,0.1951241111111111,2.7848252709019325,5.164672170964605,8.577184626258312,23.78922038408418,-0.2733168611387425,0.2569500261937235,0.23702889183349532,1,23,14
1526,2025-07,ЖК Елбань,0.09660916720464817,4.296874081340495,4.575288025370319,0.0,1.3436625589823115,0.23652552588813586,0.0,22.01712308741372,0.0,0.0,0.3153758960750921,0.29976535238751145,3.1916531735805487,2.632236519464749,14.658716082081137,41.603991724657284,1.7689168754593039,0.5641764287287638,0.6160726425487641,0,32,8
1527,2025-07,ЖК Залужное,0.0,0.6604418572851757,4.162128987951152,0.015466666666666667,6.2643989980801535,0.0,0.01026505376344086,22.633713066289143,0.0,0.0,0.0,0.1872816829924377,3.1215130329780147,5.496818651819447,11.103065852593916,29.479507904990015,-0.43671240739896505,1.4384468619206683,0.22159556704902283,1,17,19
1528,2025-07,ЖК Зимитицы,0.16746684087859312,2.7890613148017636,2.319314464882943,0.0381633870005963,5.66130897812933,0.3352342920627083,0.0,28.440529067575763,0.0,0.0,0.3940724274313158,0.1821203765332319,2.0233258948450077,5.437487577022461,12.65356095434789,38.3076438363062,3.343459285676375,-0.8981954941875742,0.0983788090796976,0,33,10
1529,2025-07,ЖК Колыбелка,0.0,0.5352899239543726,3.932814911458465,0.002502101281781887,6.0509221841281144,0.0,0.006254044967430132,22.099222193301195,0.0,0.0,0.0,0.17639816904623032,3.207845981654815,5.338765254038867,10.42574482253957,27.615204916766487,-0.6074481953909133,1.3524396922696793,0.1820933760568272,1,17,19
1530,2025-07,ЖК Коршево,0.03110419906687403,0.6625195592286501,1.8017643983147502,0.015754116877712384,3.383255060383058,0.0,0.0,18.611872881727408,0.0,0.0,0.03968142018152696,0.19034823744849688,2.0517410199236275,2.6038961765250273,9.976443560556769,25.73284462480274,-0.7972109302075842,-0.48724185429814443,0.08951872816354144,9,14,15
1531,2025-07,ЖК Курочкино,0.18204590415826372,1.3567856891330374,0.0,0.0,5.338609424689216,0.21049102040816325,0.0,34.58683692481185,0.0,0.0,0.3215410523272622,0.248884240746437,2.4137872107727536,6.23440541369451,20.310131430842944,50.32163364183637,3.036035119719992,-1.3019093627716571,0.19509860575363924,5,19,21
1532,2025-07,ЖК Курская Васильевка,0.108452880859375,1.0757439743533184,2.9353853120724556,0.019150651794113696,3.777393420421916,0.2572333984375,0.0,19.739808957906366,0.0,0.0,0.06556133965598698,0.20768521536239398,2.3291566326928277,3.2016018647643567,11.820185083637163,33.93185808359241,0.7424233347913001,-0.12639379476520224,0.3920142262400566,2,33,10
1533,2025-07,ЖК Наратлы,0.0,0.980549473342875,3.418354292791266,0.026012321626033383,5.77462297832913,0.0,0.0,29.031086621450864,0.0,0.0,0.04253921458309891,0.21239795844025483,3.0045363832418746,4.378934222936389,8.836422109301349,24.6307463479218,0.14624270659730695,0.9967769942718943,0.1222119148903952,1,23,14
1534,2025-07,ЖК Нестерово,0.20970916283269553,1.5359633596934437,2.4720951955250183,0.08567897072869263,5.3264651293897645,0.24217306707629288,0.32639588081007864,21.817821603387014,0.0,0.0,0.16180277965883075,0.21184858747273,3.564853016802794,6.941626659668968,12.556300705304444,41.943058114479264,3.5419399621346983,0.3635250069832681,0.24661453508035086,8,31,5
1535,2025-07,ЖК Огнева Заимка,0.1319046723952739,2.7299694472738456,2.4626650289088188,0.0,0.9864574177405123,0.2257771970963155,0.0,22.435817489387922,0.0,0.0,0.11101608765800379,0.17720861976907162,1.094462170829224,3.387687428530589,14.519712638086144,40.389597177817436,0.12061832349797942,-1.5040125880055586,0.1395912483730456,9,32,8
1536,2025-07,ЖК Озерки,0.0,0.9910973044088757,2.5049501478770866,0.004177763851898272,4.843863729195521,0.0,0.0,22.664570605126915,0.0,0.0,0.0,0.20654635901778154,2.750205134549685,5.042360660000297,9.433603883464837,29.7733163497023,-0.6288008255994424,0.45921829293389826,0.13488701592983554,1,30,3
1537,2025-07,ЖК Пеневичи,0.06257659673659674,0.7538536520800668,1.7645584025529117,0.0456696113074205,3.569802408543513,0.0,0.007426325088339223,29.635453048685534,0.0,0.0,0.1077709090909091,0.19921001636379296,1.5913560859780627,3.2881978937545826,10.68898160285426,31.56567864459488,0.3119708305507039,-0.9280729029133119,0.52254591503145,1,15,23
1538,2025-07,ЖК Пеньково,0.0,4.007330192116325,2.9357747940783616,0.0,1.298090519064596,0.0,0.0,21.37654493758167,0.0,0.0,0.2451637408436474,0.3023058142461616,2.262149405083829,3.396536543455017,11.258824243047236,31.967645939489277,0.11410264119927459,-0.1997040679713807,0.31552270103228763,1,20,17
1539,2025-07,ЖК Песковатка,0.0,1.0852402158349683,2.1215538497406308,0.01414471616269567,3.4605228469175064,0.0,0.0,21.179521465334826,0.0,0.0,0.005451076587626056,0.22279983028474448,2.275086514748896,1.7630121874453575,7.7244781687194575,21.443014150199023,-0.7949088231397488,-0.06493368234812381,0.8354961504742827,1,23,14
1540,2025-07,ЖК Петровское,0.0,0.8036196650459211,3.148629510863468,0.005913836654504631,5.4226516734817505,0.0,0.007328793947485536,21.264163358120207,0.0,0.0,0.0,0.20789173280904877,2.5449597584724164,5.7095599473691205,10.65705208033743,28.202770611144228,-0.6660994722886748,0.6804162129410649,0.10322482787438059,1,17,19
1541,2025-07,ЖК Петропавловка,0.0,0.8457081143717953,1.9765498387681504,0.006429070580013976,4.372057782135527,0.0,0.0,25.32290348124069,0.0,0.0,0.0,0.16121756725146197,2.342847771781774,3.280588490213688,9.344461560984234,29.319553436399158,-0.7869420364266475,-0.1333286040323722,0.21681270032784683,1,30,3
1542,2025-07,ЖК Плеханово,0.08765493695581487,2.534948422702187,0.18441452468380254,0.024887800897592818,5.695117369428106,0.15630706153283258,0.16583644053740257,27.766706881156544,0.0,0.0,0.1631396718025805,0.13338389908581957,1.7631918503295303,4.262943806724708,12.283916068947248,40.26692162074779,1.610223658627499,-1.327727856820193,1.3897925258000992,5,31,5
1543,2025-07,ЖК Подболотье,0.2504443045173871,2.3984488928852423,0.9721074380165289,0.033574380165289255,5.729535247852634,0.4262021942041734,0.3517459782255444,27.720783391981715,0.0,0.0,0.22591343268136188,0.2274921952539926,2.880782407119942,4.687423544351425,13.021204991088387,42.72583664153943,4.63853183487278,-0.6028508251097529,0.401059395726359,8,31,5
1544,2025-07,ЖК Семено-Макарово,0.0,2.6560478415026934,0.8742586002372479,0.02056148675365757,5.2438022596619795,0.0,0.0,24.02665191592075,0.0,0.0,0.0,0.21002169550512917,2.7089690188736726,2.270797412308752,10.002010297540503,30.26938336918051,-0.30035078338231264,0.010107120373903263,0.1781144283720141,1,30,3
1545,2025-07,ЖК Старая Чигла,0.0,3.1581988458596952,2.6067419671586323,0.0,4.505061639773401,0.0,0.0,24.38058957407608,0.0,0.0,0.23668864468864467,0.20372170621778432,2.5654113037823776,1.7593887881981032,11.135040166738287,31.691025113904292,0.32761840644390655,0.15119651674691031,0.13116401583299156,1,20,17
1546,2025-07,ЖК Старое Резяпкино,0.0,1.1727182438386279,2.7311100800813524,0.021475331310873383,4.668365272663947,0.0,0.0,21.724467839347724,0.0,0.0,0.0,0.18711926708452895,2.589978624136339,7.039515443468405,10.081495011046508,30.9088794450276,-0.6751025727246966,0.32077434705385793,0.637401018673736,1,30,3
1547,2025-07,ЖК Сугоново,0.0,2.4842373667130273,5.161728412083442,0.0,5.605896310326734,0.0,0.0,31.180025545822403,0.0,0.0,0.0,0.29317246175243394,0.7724849327770051,3.6554008101954523,10.939284982336723,35.94136072343134,-0.5340786609137678,0.7974269357104972,0.092422922577145,1,28,24
1548,2025-07,ЖК Уланово,0.0,0.4622715551070748,4.389909763650872,0.0628854780102744,4.033872997895338,0.32186182589400647,0.007511590026312492,20.62252886488302,0.0,0.0,0.0,0.19543891876332903,3.5757157626232052,6.429607107757665,13.152242697143974,33.26069365733167,0.9674887599352312,1.0236212722370117,0.11548349587464504,2,21,22
1549,2025-07,ЖК Шацк,0.0,0.7744131741102751,2.232450569657447,0.021962645251566586,9.20677094717384,0.0,0.0,24.60702817832008,0.0,0.0,0.0,0.2487369627809916,2.4858181278396607,9.220970958824386,10.158881765366067,31.32209087302824,0.29017555251183563,0.9410545694015024,0.17374809328551746,1,30,3
1550,2025-07,ЖК Щучье,0.0,36.64088647670737,3.7344498834004662,0.00864275397207511,3.788795892628567,0.0,0.008482266088910288,23.21594173855739,0.0,0.0,0.0,0.17944360233720044,2.5930573446721503,2.788522417291991,11.856643575354342,30.929220920786733,-1.4814255818030237,2.0348591988220712,0.10540522025496957,3,17,19
1551,2025-07,МТФ Гилево,0.14657384545038868,3.303276182773959,1.7037037037037037,0.0,7.248641304347826,0.0,0.0,28.194293817934785,0.0,0.0,0.29612482853223593,0.1633913043478261,2.637961335676626,6.0,13.649319715817242,34.65894607158813,1.500791631561641,-0.05841612850615246,0.7702425391676434,0,13,18
1552,2025-07,МТФ Каширинское,0.0,2.898634487138774,0.0,0.0,5.021302141303948,0.0,0.012996658002227999,26.24740134850083,0.0,0.0,0.10131419716646989,0.1050123508353222,4.144502432219758,0.0,21.756169896147746,64.51300864334917,0.06994182250154203,0.07640705606183477,0.2984188373234576,1,-1,-1
1553,2025-07,МТФ Щучье,0.0,0.0,5.067802452114826,0.0003940110323089046,2.266181870901548,0.0,0.011426319936958234,22.14153121250256,0.0,0.0,0.0,0.23063818758385168,1.7418421083438203,5.228915662650603,15.529934518771826,42.9550161906705,-1.2809070252597006,0.45836308211489096,0.3664734125047755,1,10,20
1554,2025-07,РМ Кольцово,0.0,1.0051322471876587,1.67824746460488,0.03961204362876363,1.0559084124570304,0.0,0.0010123440663575207,15.236914263264604,0.0,0.0,0.0326856860668515,0.18294785422750484,1.42974471162666,4.767487427339821,8.538563943078573,24.142130729284897,-1.3258052672930853,-1.3103368802640907,0.0764439057452373,9,22,12
1555,2025-07,РМ Пеньково,0.0,4.665074508280101,1.8495821804145507,0.0,0.38877481256694035,0.0,0.0,10.361706745944359,0.0,0.0,0.0,0.17611874253653542,0.6678603752283154,8.014407677365316,10.598312523562031,33.556987804949415,-2.3505738842581265,-1.5877486855486869,0.09427533437041383,9,27,24
1556,2025-07,РМ Поляна,0.0,0.5309966909778499,2.365105931466342,0.0,1.1553032407407409,0.0,0.0,14.382657947398512,0.0,0.0,0.0,0.17855495767438806,1.2571944920907185,0.0,15.633000071900916,45.59621498397374,-1.9412060553087946,-0.9365566931416691,0.302946011307077,9,7,26
1557,2025-07,РМ Торопово,0.0,0.0,0.0,0.0,0.0,0.0,0.0,20.988123103597747,0.0,0.0,0.0,0.20692774165583008,1.0286085392284352,0.0,20.87593169362571,68.0868671862236,-1.5537970382321304,-2.134896408256181,0.17225555829551062,9,-1,-1
1558,2025-07,ЭФ Родня,0.08454203599247918,0.0,0.0,0.0,0.0,0.0,0.0,35.84816653057521,0.0,0.0,0.24670205757145755,0.0,2.6890948160085952,6.02635982428115,25.71805635419566,81.40665438936236,0.07656820964241909,-2.4213896869478977,0.2780766015451728,4,0,29
1559,2025-08,ЖК Авангард,0.19736038925135463,1.2792650522631603,2.3624367167399782,0.023168908819133034,7.072765298853801,0.22115484804630972,0.3078394338162114,28.89409752799053,0.0,0.0,0.125622340862423,0.205542374626712,3.0092689665301324,1.8349725509807189,12.49504310500917,40.5190233430619,3.0682069829905916,0.5431658608007569,1.3808577256040855,8,31,5
1560,2025-08,ЖК Аристово,0.0,2.1517166864961332,4.899400382074345,0.0,5.184798079293851,0.0,0.0,33.09812791790523,0.0,0.0,0.0,0.2953893515764426,0.7163908421913329,1.7774306694433597,10.76634700565088,35.224834171181264,-0.48990743716513224,0.6218775806944116,0.2419872668755141,1,28,24
1561,2025-08,ЖК Бобров,0.0,1.1330772123616468,2.2757212894680316,0.0015477594339622642,4.216102724782992,0.0,0.0,21.35421705867631,0.0,0.0,0.0,0.21026637666923925,2.7605199947001404,4.5259121933053725,9.17698730193715,29.065047778757382,-0.7570165551882696,0.3086775888596513,0.14824504047457435,1,30,3
1562,2025-08,ЖК Бобров 2,0.0,1.1605901710651103,2.529924570167568,0.0030581039755351682,3.9946943836695405,0.0,0.0,17.80304715719202,0.0,0.0,0.0,0.19372435812159106,2.685476007886328,4.5931644341170035,9.3228251216902,29.339321229464762,-1.0289414333749893,0.3038009416628232,0.10213812331592838,1,30,3
1563,2025-08,ЖК Богданино,0.0,2.003030303030303,0.0,0.0,5.074493227485266,0.26397879869390234,0.0,30.092377060418478,0.0,0.0,0.0,0.31996060606060606,3.7612089191036557,3.6593829143694108,18.388786580799746,53.02082841059058,1.5684158753329696,0.17951124024843695,1.81665213857105,5,-1,-1
1564,2025-08,ЖК Бодеевка,0.0,0.8911284975467445,1.6343748206779207,0.006483402489626556,3.3105135942107173,0.0,0.0,19.310931188646574,0.0,0.0,0.0028776631087863154,0.09336240647294242,2.0742003118125183,2.236413565886546,7.086759610661231,20.175071221075235,-1.4746670402472928,-0.6980060277995999,0.12242333509992313,9,23,14
1565,2025-08,ЖК Болдасовка,0.0,2.3941929591757085,0.22521246458923513,0.02903682719546742,6.273893449781659,0.0,0.0,29.470384815135404,0.0,0.0,0.0,0.2292811646241511,0.32776527983763953,4.239310068190934,10.122019863665225,30.653602040352514,-0.2711586861990919,-1.3694662584439676,0.606253042403917,5,-1,3
1566,2025-08,ЖК Борково,0.0,4.148021673994007,3.5753120630937443,0.0,1.1258873576875505,0.0,0.0,18.87854362334668,0.0,0.0,0.5362525697503671,0.3290601788170564,2.4276146854077063,3.8152299868345936,11.774823097122582,32.98037187300288,1.3870770031039752,-0.2448318298708698,2.6626700261861838,0,20,17
1567,2025-08,ЖК Бортниково,0.19675846082522022,1.4761273909475414,4.693231400611893,0.04932611577551922,6.893936861090449,0.0,0.2692665441887449,22.358250202637507,0.0,0.0,0.20894288224956065,0.2119972185109658,2.702134971411187,6.95346219038869,12.893429092224824,37.46329662435939,2.158385088652586,1.1946336142443816,0.17927931646311798,0,15,23
1568,2025-08,ЖК Бушовка,0.0,2.09189983200336,1.2426655301510898,0.04245360486122516,4.082393581407653,0.2393094103483735,0.006035473805222532,27.0314417310555,0.0,0.0,0.1676448195961602,0.3519827803443931,3.9203799299187354,5.071698354096994,10.629517591656382,31.7598166598041,2.400513513443411,0.3485732207564362,2.07848824992408,5,25,13
1569,2025-08,ЖК Верхний Икорец,0.0,1.4386206133013166,3.1853632526908444,0.0,6.068069350361988,0.0,0.0,27.19277000883993,0.0,0.0,0.0,0.19231749808787285,3.729753212974296,1.1439166353736387,10.597891798576372,35.15888525031611,-0.21601609768273453,1.4995994006309383,0.12799023633084178,1,28,24
1570,2025-08,ЖК Волчанское,0.0,0.4780111121574536,3.789934123313655,0.006827309236947791,4.514342395378175,0.0,0.011144578313253013,20.542755606388628,0.0,0.0,0.0,0.17642053064534816,3.0025171961332133,8.545920306311064,10.914263782375215,28.615394187652633,-0.840260568993935,0.8465025545719747,0.053817457773487114,1,17,19
1571,2025-08,ЖК Высокое,0.0,0.9701374188966497,2.3809265884476534,0.0016926201760324986,4.416960438433434,0.0,0.0,20.762786903420775,0.0,0.0,0.05404129793510325,0.1682490360487178,3.311845478008452,3.058731396271597,8.1098527318906,21.93896997196293,-0.5617510450866186,0.524525249246474,0.21753049011590353,1,23,14
1572,2025-08,ЖК Гусево,0.0,1.3091707725017718,3.896214642069846,0.07827989334791824,3.0840670740601035,0.315633765560726,0.006358104874547071,20.487670155344027,0.0,0.0,0.0,0.20251461444438537,2.8331362904776487,5.716164788508548,13.180305946674908,34.31232735181795,0.8172176310376198,0.3338924102889693,0.1754040116331266,2,21,22
1573,2025-08,ЖК Детчинское,0.0,1.5842394624312768,2.0178652339957277,0.026430517711171664,0.779668738929601,0.0,0.0,18.66033489712144,0.0,0.0,0.057344161814281334,0.18912595739203192,0.8679330075662043,0.0,16.597905949601056,42.310620735681425,-1.366946752054276,-1.4155550602052265,0.14274445488522824,9,-1,-1
1574,2025-08,ЖК Добрино,0.0,0.9511499471591767,2.0809911645996917,0.009810333551340745,4.653682954512383,0.0,0.0,20.02994818071917,0.0,0.0,0.07371759633521961,0.1872656159289536,2.601109730421017,6.400308270345636,8.678958264578394,24.14769382954211,-0.4618502909636168,0.008744449221110987,0.3116903312613952,1,23,14
1575,2025-08,ЖК Дошино,0.0,0.0,0.0,0.0,0.0,0.0,0.0,18.334854278999032,0.0,0.0,0.0,0.235663417669017,0.8391401216645928,0.0,20.830168595140464,67.90797905477135,-1.6027401021154297,-2.1459171297347037,,9,-1,-1
1576,2025-08,ЖК Елбань,0.09712300469483567,4.620545815347938,4.474018523071879,0.0,1.3320697398696302,0.2304228300582601,0.0,24.04680415485199,0.0,0.0,0.4241597672485453,0.2967540396758316,3.3111310794114344,2.29244499792445,14.755338484437882,42.0457030883625,2.340782331859724,0.43623223280553025,0.5860032572388174,0,32,8
1577,2025-08,ЖК Залужное,0.0,0.674802247148789,4.066081795126543,0.010365891132572433,6.357044431490197,0.0,0.010077260755048287,22.531973135455683,0.0,0.0,0.0,0.1870764983834867,3.0355209788760136,7.202073224967898,11.011101610705587,29.34358502970224,-0.47748601775316557,1.339187299247399,0.10730772611235802,1,17,19
1578,2025-08,ЖК Зимитицы,0.16172872582281136,2.836938267128379,1.7040033500837521,0.044355853965589595,5.215961193434779,0.32438454288407165,0.0,28.54729401822221,0.0,0.0,0.38034678745059636,0.17616510436195473,1.8000848176420696,4.872531418312388,12.695010151424304,38.85181399815462,3.1885030405128103,-1.2995684088743675,0.43024603956267016,0,33,10
1579,2025-08,ЖК Колыбелка,0.0,0.4803738317757009,3.7079122550854864,0.003823221057327683,5.469710538135474,0.0,0.006494423377202766,19.103388938128006,0.0,0.0,0.0,0.1843229183978727,3.126163906509854,6.177004862946227,10.497588660536069,27.91600723381393,-0.7675423860806364,1.1384350361906654,0.26726043986361775,1,17,19
1580,2025-08,ЖК Коршево,0.0,0.5864763666820847,1.8828083882366715,0.012571500408573763,3.2983228410179963,0.0,0.0,18.002934004920686,0.0,0.0,0.006285750204286881,0.19501344431064827,2.02438386405473,2.8186800400144154,7.558121047842295,21.226668929566785,-1.0985567766742175,-0.4090717039756423,0.3113195971732816,9,23,14
1581,2025-08,ЖК Курочкино,0.18038324191854357,1.14977500511352,0.0,0.0,4.817831996070083,0.20730037783375313,0.0,37.331975518952106,0.0,0.0,0.33421671851973145,0.2812795538734096,3.158721211145112,4.4523794896997995,20.295018667775185,50.23383745854821,3.421927939690706,-0.9140201490642035,0.5471483442500181,5,19,21
1582,2025-08,ЖК Курская Васильевка,0.11284024896265561,0.7957735289800517,2.8588718422441746,0.02306832694763729,3.725660384846026,0.2676425607587434,0.0,18.1111034053066,0.0,0.0,0.05848440084319767,0.20439758697328433,2.2857192356510097,4.627247877477656,11.855678795317607,34.201730977095245,0.7122328465737771,-0.2373284574361985,0.114969408803995,2,33,10
1583,2025-08,ЖК Наратлы,0.0,1.03926501695286,3.4109741416331674,0.020341660906487608,5.591366504127194,0.0,0.0,27.745750690592125,0.0,0.0,0.04681994272324915,0.22331624216050172,2.8578533548535856,5.169672826202169,8.802276159552187,24.716628046945868,0.05204093939477571,0.9043855123023302,0.13194756111657452,1,23,14
1584,2025-08,ЖК Нестерово,0.2011052765848888,1.0325169747635308,2.856165746406009,0.10013556815380824,5.9464178772800365,0.19587482881402357,0.31050355032101706,25.896053947210415,0.0,0.0,0.14142681488266232,0.1977284282996076,3.216323163030801,2.719900255591563,12.592956478245183,42.351120313573965,3.395602306547163,0.5044530197705034,0.20316351599392854,8,31,5
1585,2025-08,ЖК Огнева Заимка,0.12900331870249437,2.5865264223712954,2.4824010745068312,0.0,0.9618987334371751,0.22625088928412626,0.0,22.503113759685974,0.0,0.0,0.11917494409724212,0.18248988747392064,0.977253523099946,5.119966195340046,14.524877665473582,40.17654232441495,0.15221536007799205,-1.6086083831325633,0.10926414361028502,9,32,8
1586,2025-08,ЖК Озерки,0.0,1.0543800962361123,2.35119289212882,0.0026147278548559233,4.837213864202307,0.0,0.0,22.268352924343002,0.0,0.0,0.0,0.20878437295885044,2.930395708423976,5.258389879245226,9.332619299596656,29.56031963891632,-0.598669722885215,0.5036244740774207,0.053663696057266216,1,30,3
1587,2025-08,ЖК Пеневичи,0.21085965559655595,0.557170122321506,1.7100125944584383,0.040136798905608756,3.68549733963498,0.0,0.007119091047271622,28.89933455293533,0.0,0.0,0.2948300113433803,0.2300293787939677,2.197686910525372,3.042084406209829,11.667747282681816,34.458592944745966,1.8109196766451654,-0.8722888768933985,1.499986500194888,0,15,23
1588,2025-08,ЖК Пеньково,0.0,3.9264588287283515,2.5482132341873136,0.0,1.1768851699693894,0.0,0.0,20.813752460295486,0.0,0.0,0.19574973284889935,0.26670581384515046,2.13092226554884,2.6226794114937912,11.064712073044225,31.48128442760378,-0.28941452815060836,-0.43397998207357563,0.46659544563632543,1,20,17
1589,2025-08,ЖК Песковатка,0.0,0.878564875712978,2.082259822939021,0.006926646810279144,3.4728222136209497,0.0,0.0,20.718381687831293,0.0,0.0,0.022073448207038788,0.2116432363610157,2.2422603436365507,1.5936923191879822,7.900750014422003,21.83543513110218,-0.8422816213196824,-0.1383134208163257,0.08734281896674984,1,23,14
1590,2025-08,ЖК Петровское,0.0,1.6715223164179105,3.1090712378461993,0.005702586206896552,4.93094866633657,0.0,0.008488728893460187,20.05846102267086,0.0,0.0,0.0,0.19997568889902906,2.6007878729598706,6.878091248742635,10.851930272974398,29.032239181658106,-0.8026367441241014,0.6033442385173617,0.15678812404588913,1,17,19
1591,2025-08,ЖК Петропавловка,0.0,0.838887129785354,1.9205777372747812,0.005901592718998862,4.394378454724049,0.0,0.0,26.46803752554263,0.0,0.0,0.0,0.15298995446761837,2.2928070023008478,2.511831421337251,9.27213293073299,29.082935778362337,-0.7802796650510733,-0.18573850506771786,0.05283166587266387,1,30,3
1592,2025-08,ЖК Плеханово,0.10347472383770948,1.783098910275145,0.28598639455782315,0.0013605442176870747,4.139516703818639,0.18466243227245824,0.19273998781365978,29.15350012974282,0.0,0.0,0.17573920633679876,0.1821847731027111,2.09314179012193,4.010843760025666,12.447663691636565,40.532421842614625,1.8500186900244648,-1.3115917007622244,0.24033733088099105,5,31,5
1593,2025-08,ЖК Подболотье,0.23784696499959207,0.46632577794177077,0.9665846658466585,0.025625256252562525,5.647715886836793,0.4062547594754,0.3338142490005711,30.85668476268476,0.0,0.0,0.20439998794854028,0.20974051324051324,2.4617617526839606,2.3539925615643256,13.23215294763417,43.82440333631913,4.292292996046686,-0.8634205016421108,0.4333334626356703,8,31,5
1594,2025-08,ЖК Романово-нов,0.0,0.0,0.0,0.0,0.0,0.0,0.0,17.334880149388862,0.0,0.0,0.0,0.22470597555454958,1.542326957899502,0.0,20.956842507129803,68.3408143607225,-1.5288450256885338,-1.7944801552286136,,9,-1,-1
1595,2025-08,ЖК Семено-Макарово,0.0,2.2171010575405448,1.0875089562932887,0.020548819400127632,5.19962653639317,0.0,0.0,21.404527627770335,0.0,0.0,0.0,0.2037173621317656,2.5687053443933547,2.044544244584718,9.945755189436557,30.11189368609168,-0.4876303011049474,-0.003048369188821024,0.18774100421606785,1,30,3
1596,2025-08,ЖК Старая Чигла,0.0,2.797354454314623,2.5198668382025486,0.0,4.350959601531141,0.0,0.0,23.36437228201867,0.0,0.0,0.22271633187772924,0.21674334021198763,2.5134929484992297,3.333540278613143,11.093223864201397,31.912243488512008,0.2581390940374471,0.07117804066234922,0.10597325779351065,1,20,17
1597,2025-08,ЖК Старое Резяпкино,0.0,1.147817760663208,2.5778045678487667,0.02202097856537885,3.4273108461385813,0.0,0.0,19.22071812047687,0.0,0.0,0.0,0.168344377657235,2.4526606181051265,6.1913722749790985,9.993074825067453,30.466469009461616,-1.0319594814633586,-0.038604035402085575,0.5064579697182818,1,30,3
1598,2025-08,ЖК Сугоново,0.0,2.5489568667605274,5.575407842204067,0.0,5.264968723010488,0.0,0.0,31.468747438202733,0.0,0.0,0.0,0.2884344041981313,0.589762486938349,2.643249516441006,10.898235374919025,35.54057773622174,-0.659934624825449,0.8087368242650431,0.1263631165777999,1,28,24
1599,2025-08,ЖК Уланово,0.0,0.2746449456975773,4.484393521142209,0.07387881068874672,4.148911705656801,0.32560029080076597,0.007015430937147159,22.18727610157637,0.0,0.0,0.0,0.1999436142484796,3.4021082797954243,6.403822052942926,13.193739286280842,33.73590322143436,1.1265850111653009,0.9634107925845752,0.1701085506829034,2,21,22
1600,2025-08,ЖК Шацк,0.0,1.0876016788728897,2.172748201071702,0.02002662804300596,8.532197427586748,0.0,0.0,24.055316221329935,0.0,0.0,0.0,0.24488356746624237,2.4428331980082474,8.613899060750475,10.152859749701717,31.333698568844433,0.13805623540981857,0.80144890791716,0.20647040309464418,1,30,3
1601,2025-08,ЖК Щучье,0.0,34.302819956616055,3.8578405024418334,0.010070071760236386,4.168574718565159,0.0,0.0075373575348248205,20.860258742437008,0.0,0.0,0.0,0.17966576133816176,2.757843728167672,6.3444167083780245,11.852940245169773,31.892996078455784,-1.4472270959258415,2.0695811044987114,0.048735481634116694,3,17,19
1602,2025-08,МТФ Гилево,0.1450273076923077,3.5010931541106594,1.7590361445783131,0.0,7.9120591176470585,0.0,0.0,29.696798243128367,0.0,0.0,0.24658846153846153,0.18079880986115046,2.6210169491525424,4.7438202247191015,13.57899310101462,34.305140176458934,1.47282198930163,0.2142240437816984,0.27407109375726213,0,13,18
1603,2025-08,МТФ Каширинское,0.0,1.913968547641073,0.0,0.0,2.2635278091650974,0.0,0.014142165984369185,28.25572319265126,0.0,0.0,0.0913687230989957,0.09297965678627146,3.728553198608137,0.0,21.56768069738301,63.524141133132346,-0.3534865085551614,-0.6942682127422731,0.8793360685697756,1,-1,-1
1604,2025-08,МТФ Романово,0.0,3.0840032102728734,0.0,0.0,1.4974100410934428,0.0,0.0,29.777583256585007,0.0,0.0,0.304719313304721,0.21942156862745096,0.920479302832244,9.36168772563177,16.523837446838122,46.75111796159157,0.40830863236152454,-2.501366753553789,,5,-1,-1
1605,2025-08,МТФ Щучье,0.0,0.0,4.725851138764968,0.0,2.184931506849315,0.0,0.009762447120078099,21.03132543541685,0.0,0.0,0.0,0.215516517089937,1.7590835469896562,4.502160604969392,16.165430812325653,48.78614597196331,-1.3804180875068937,0.31260276749707305,0.17648943545450532,1,10,-1
1606,2025-08,РМ Кольцово,0.0,0.7606307924963094,1.88801682792705,0.051059243541814014,1.1684689920331244,0.0,0.001010407194099222,15.358709131502879,0.0,0.0,0.026976878074517773,0.18679606623460113,1.0210780967433097,4.593849988211916,8.56695155442707,24.252262865588982,-1.3303467478680013,-1.4323426785194313,0.12209029385555274,9,22,12
1607,2025-08,РМ Пеньково,0.0,2.4012639460189593,1.6628493980704606,0.0,0.3227922579250498,0.0,0.0,10.715301060045581,0.0,0.0,0.0,0.17120410358590088,0.8913289347423493,7.1155826621343286,10.28788819468147,33.2590333833771,-2.265544828058138,-1.6325988814449923,0.09613261917891246,9,27,24
1608,2025-08,РМ Поляна,0.0,0.46067988630211154,2.0339178482068387,0.0,1.008662899296156,0.0,0.0,13.8789566755084,0.0,0.0,0.0,0.1724361467652016,1.0955792661361627,0.0,15.510518831634768,45.05041557317307,-2.0166409751581984,-1.1863567208060826,0.26094152784451097,9,7,26
1609,2025-08,РМ Торопово,0.0,0.0,0.0,0.0,0.0,0.0,0.0,22.38289961245431,0.0,0.0,0.0,0.21181880036993,0.6881799004712204,0.0,20.80268317149045,67.81754475759877,-1.5510558804582866,-2.3119527368839443,0.17707754643964194,9,-1,-1
1610,2025-08,ЭФ Родня,0.11333925625079325,0.0,0.0,0.0,0.0,0.0,0.0,34.23245234981254,0.0,0.0,0.27405441719852197,0.0,2.4329229597664677,6.000000340599455,25.86488105628252,81.64219487883133,0.15871775057459794,-2.6016460973712006,0.19809321183236425,4,0,29
1611,2025-09,ЖК Авангард,0.19608052181736393,1.3221047996477322,2.6283939804124534,0.02253267237494367,6.234443430191353,0.23559408194233689,0.3063110661268556,31.607799433566626,0.0,0.0,0.12726469856538683,0.2063351876417476,3.0319762285635656,2.146302994243077,12.463226999221938,40.37268681855393,3.1231329767302785,0.47206697812484755,0.08984384178147574,8,31,5
1612,2025-09,ЖК Аристово,0.0,2.1363262279888784,4.940932656852144,0.0,5.433010609765717,0.0,0.0,35.18649107819256,0.0,0.0,0.0,0.2850494902687674,1.8677039215686275,0.8029336734693877,10.81594269319986,35.39423886865159,-0.1514362694696323,1.2744244573850942,0.7351055418373067,1,28,24
1613,2025-09,ЖК Бобров,0.0,1.1355159840619404,2.334169552635878,0.0014683705055956822,4.2591258450927905,0.0,0.0,22.179573717590454,0.0,0.0,0.0,0.22344602265776015,2.7728961825383327,4.0514182352334185,9.171459752420562,29.052179096438174,-0.6685437799400288,0.3841372348493361,0.11628237240878038,1,30,3
1614,2025-09,ЖК Бобров 2,0.0,1.1456609236607498,2.544716327972921,0.004729316196516998,3.924064112846687,0.0,0.0,18.876155433628927,0.0,0.0,0.0,0.1939413667083855,2.705679642028999,3.3422820756931584,9.394045329353812,29.43083141940451,-0.9778335467041036,0.3289236471967675,0.05694880519650412,1,30,3
1615,2025-09,ЖК Богданино,0.0,1.7801826846703732,0.0,0.0,5.595431676136363,0.30111209444538817,0.0,34.37168237111194,0.0,0.0,0.0,0.29411358220810163,5.15865352947771,2.6622349210764202,18.460004571537276,53.13363428943229,2.1865559995235033,0.900615436482859,0.9497833831780699,5,-1,-1
1616,2025-09,ЖК Бодеевка,0.0,0.905356079186536,1.6319391385140791,0.005258452963138245,3.7856702009829295,0.0,0.0,19.259760590455922,0.0,0.0,0.002401729630631443,0.10258176619681346,2.1210998017456517,2.65896361224377,7.007783771853837,20.19449135807393,-1.3814374891356556,-0.5747699213640762,0.15452794934854044,9,23,14
1617,2025-09,ЖК Болдасовка,0.0,2.210526229930454,0.15832482124616956,0.033707865168539325,7.138340089177138,0.0,0.005422993492407809,28.877540588625536,0.0,0.0,0.0,0.23021911221773847,0.6247529406714175,3.2213513413847146,11.111783631242558,30.81227721234104,-0.060949030369557566,-1.0668081837491368,0.3684969600715223,5,17,19
1618,2025-09,ЖК Борково,0.0,3.961906619150386,3.051771354104964,0.0,1.0800320527655636,0.0,0.0,21.383447684964686,0.0,0.0,0.445875641756988,0.31761466865227106,2.34676903028669,2.983736287399521,11.60365430867221,32.62004290619523,1.0599880119978309,-0.39269577894652125,0.35895815290794303,0,20,17
1619,2025-09,ЖК Бортниково,0.18950555842812825,1.2666278113000549,5.410020201936054,0.03578767123287671,6.36897999444991,0.0,0.2668056999901894,25.476735211305737,0.0,0.0,0.17738062027006973,0.20291522342116836,2.55994231434143,6.641338852118003,12.782344538849916,36.99657898515287,1.8306467500574581,1.3182531962824988,0.3502773467530745,0,15,23
1620,2025-09,ЖК Бушовка,0.0,1.9074049010791367,1.383846836762265,0.055165399331622025,4.518598022495197,0.22174944266360627,0.0067322129122874995,28.585389737335834,0.0,0.0,0.16625349206349205,0.32017378597122303,4.844434673055475,3.703490834793731,10.664233764785067,31.961357423560596,2.626733863967447,0.9042983602030265,0.6000050646487495,0,25,13
1621,2025-09,ЖК Верхний Икорец,0.0,1.5371066151099233,3.2983024642803804,0.0,6.240271409218296,0.0,0.0,28.245062604872356,0.0,0.0,0.0,0.18043963794522158,3.804378787742833,2.9439586580012933,10.734231322940644,35.922003531576394,-0.17917467131323042,1.5348426931801422,0.05098411876896925,1,28,24
1622,2025-09,ЖК Волчанское,0.0,0.5189303172625324,3.9112896307411127,0.005127010020974132,4.527552688636299,0.0,0.010020974131903984,19.80559696329041,0.0,0.0,0.0,0.19693355156211725,2.999169067509596,8.27522244722461,10.81448810652877,28.48628290496797,-0.8203021863438883,0.9588290907520017,0.11408587891675559,1,17,19
1623,2025-09,ЖК Высокое,0.0,0.9861691000834936,2.2475867715096243,0.0,4.483838718179176,0.0,0.0,22.123204309656824,0.0,0.0,0.05472985781990521,0.18506387460504306,3.356849804219872,2.392794057869258,10.088476240703557,30.320710156634313,-0.4220219588620654,0.5619034573194253,0.14464213762211012,1,20,17
1624,2025-09,ЖК Гусево,0.0,1.321207485396481,3.9177060562335333,0.08420519743503206,3.174239955714235,0.3326940853672537,0.006074924063449207,18.87299167152292,0.0,0.0,0.0,0.18809222403558687,3.0001856892371093,8.371961320928236,13.228491574050203,34.82096536207037,0.8637885953867573,0.3329053023351779,0.04658142443636818,2,21,22
1625,2025-09,ЖК Детчинское,0.0,2.9535053332117784,2.0246750800527407,0.03294598391010088,0.9927871005958395,0.0,0.0,16.224948562628338,0.0,0.0,0.06223357049957923,0.1831263431420746,1.2306468230277186,0.0,16.823505643844864,43.080427674842284,-1.335661708262927,-1.1446396745631087,0.2727157863832676,9,-1,-1
1626,2025-09,ЖК Добрино,0.0,0.9874358433860666,2.2439192366039156,0.0,4.934860044585945,0.0,0.0,21.18436189705958,0.0,0.0,0.07538073046493986,0.18129836879144123,2.632678348325584,5.911656644844683,10.322519861482903,30.899667284104304,-0.47818103212251084,0.13703712208457539,0.1293278895569347,1,20,17
1627,2025-09,ЖК Дошино,0.0,1.1803644729326648,0.0,0.0,0.0,0.0,0.0,15.814082235171796,0.0,0.0,0.0,0.1901207292598593,0.9047804241120004,1.7186320041251288,18.317275879281336,53.816097585876165,-1.8861965453829408,-2.204662390282819,0.28947981081024227,9,-1,-1
1628,2025-09,ЖК Елбань,0.11244479943201988,4.644370351369797,4.349727184393452,0.0,1.2348742986217016,0.22107270756253572,0.0,25.35480516405044,0.0,0.0,0.5430006510416666,0.31724257978129883,3.3610022396416572,2.511018926626912,14.88169202414369,42.361607466540654,3.032093892055398,0.26623997714005726,0.7119052185834942,0,32,8
1629,2025-09,ЖК Залужное,0.0,0.6290422698784566,4.005816907426807,0.010478053551778947,5.294027521648748,0.0,0.010478053551778947,24.63604392682746,0.0,0.0,0.0,0.18704227419512673,3.1608354253392226,5.352326382333108,10.98360821002035,28.856334417754066,-0.48997537506306704,1.2264531000638579,0.11342391155117473,1,17,19
1630,2025-09,ЖК Зимитицы,0.17569146883980943,1.9320343983030464,1.581333660812968,0.04569958343543249,5.683087473283637,0.36401425975115337,0.0,32.873184292117415,0.0,0.0,0.41264989567339866,0.1795652962402079,1.9434406836758211,6.346483704974271,12.755396097206257,38.38989838867076,3.868906566516231,-1.3703595111244407,0.6840762664759451,0,33,10
1631,2025-09,ЖК Колыбелка,0.0,0.49383492702566684,3.8355791459282007,0.003257033790470804,5.305153672952435,0.0,0.008102502474197653,19.85863462658506,0.0,0.0,0.0,0.19378995621237,2.829298997619218,6.240137798735761,10.586902671543532,27.890551442225238,-0.7951727734285036,1.0190730131562795,0.12251828780983863,1,17,19
1632,2025-09,ЖК Коршево,0.0,0.7113675012242899,1.841085776330076,0.027064087759815243,3.1235719949323957,0.0,0.0,18.916702206516117,0.0,0.0,0.04242799700129489,0.2037816943207878,1.9833198662606055,1.6585419242166926,8.637674945109866,23.046290993361364,-0.7797316817656486,-0.4991065170259439,0.3312939913497689,9,23,14
1633,2025-09,ЖК Курочкино,0.14339312657166808,1.3071026060296371,0.0,0.0,1.536241180243746,0.1739687063425538,0.0,33.69371187624215,0.0,0.0,0.3637876844130853,0.32062204681546,2.561241154055525,8.060848047921812,20.19919379971072,50.97472301435429,2.768253466567164,-1.7565023241404876,1.0663332181520964,5,19,21
1634,2025-09,ЖК Курская Васильевка,0.06307617504051864,0.7351298703541657,2.8793675658793676,0.02446770119090581,3.9428742610571734,0.14026940392580586,0.0,19.08801527116561,0.0,0.0,0.07864366182714697,0.20747896401622196,2.3385046914563423,5.236427908602385,11.246840191498954,32.84162669241837,0.2542378548854442,-0.06811716726389819,0.4882539023227264,2,33,10
1635,2025-09,ЖК Наратлы,0.0,1.1066249954498575,3.7193487820233426,0.01942690626517727,5.264143955221553,0.0,0.0,27.54454181985294,0.0,0.0,0.057973985571829756,0.2279913995787192,2.683618770930402,3.961130086130086,8.885616306402607,24.68059086411214,-0.005602374061146885,0.9001216594053604,0.057800796081929055,1,23,14
1636,2025-09,ЖК Нестерово,0.19774809260147358,0.8958802435159703,2.953615114448347,0.08740060323553606,6.222298546217272,0.2569542984979227,0.3068189824301347,26.008067649434572,0.0,0.0,0.15547410395800557,0.1996904636198647,3.1072034623529152,2.247300602296842,12.738801564059619,42.805850503400535,3.591282759788038,0.48440616725477587,0.19670464172545996,8,31,5
1637,2025-09,ЖК Огнева Заимка,0.12983788628990953,2.2381071390975644,2.2866975772604654,0.0,2.656994911395416,0.2101600882942465,0.0,23.07934101880686,0.0,0.0,0.10933625404558116,0.17592475659722015,1.966352271315734,4.6142107139384905,14.287770412609612,38.54483089996418,0.5020586455688764,-0.8542729983290637,0.8315119946036258,2,32,8
1638,2025-09,ЖК Озерки,0.0,1.1351299286125704,2.3306890450375977,0.0030303030303030303,3.90703178745001,0.0,0.0,21.598031451254478,0.0,0.0,0.0,0.21300733624103071,2.7199231235771357,5.007785661013878,9.33476164036603,29.483188070610506,-0.7735984603387649,0.24525255442092006,0.3120194097393273,1,30,3
1639,2025-09,ЖК Пеневичи,0.22441993239013397,0.7621089800893945,1.7307272513519867,0.041782908668624906,4.334301546590857,0.0,0.006296400027324271,28.973827081927627,0.0,0.0,0.2991775880097595,0.22617133203553288,2.162299748065503,4.199213810952297,11.617404562995258,34.00530020055148,1.9447529131421097,-0.8162382845074933,0.145096533721719,0,15,23
1640,2025-09,ЖК Пеньково,0.0,3.8107703680116454,3.021067938608842,0.0,1.4587125722692842,0.0,0.0,22.19139661993337,0.0,0.0,0.15231004709576138,0.24011256189484972,2.6981495650968568,1.5112466606685584,10.940243469633355,30.96848353814711,-0.40060432910519916,0.10179427532366704,0.5471903021124264,1,20,17
1641,2025-09,ЖК Песковатка,0.0,0.7408225743552413,2.1231425477117356,0.015429717636167259,3.1633410664761508,0.0,0.0,18.684455641257266,0.0,0.0,0.2314824251002595,0.2077609664496745,2.0769851367675214,2.0048127314375237,9.351076249090564,24.26507370733567,-0.010515438812085894,-0.5903555965491527,0.9466663144976315,9,23,14
1642,2025-09,ЖК Петровское,0.0,1.7444162146798987,3.140764810747456,0.003823461699455839,5.156470663312266,0.0,0.008585973301454474,21.663926282726926,0.0,0.0,0.0,0.19664773826081197,2.384545540409095,4.888303521236176,10.759185068958669,28.31353659259685,-0.7929026146955565,0.5752294476768535,0.02975222243357951,1,17,19
1643,2025-09,ЖК Петропавловка,0.0,0.8246684292562421,1.936022575316994,0.005121739815617366,4.429099739500604,0.0,0.0,28.29111015282381,0.0,0.0,0.0,0.1621527225526601,2.337425914766831,2.7882176892179253,9.254606929379289,29.143234290931808,-0.6560396949077133,-0.14524654675751736,0.13067198961146184,1,30,3
1644,2025-09,ЖК Плеханово,0.09247475217573417,1.0159104301708899,0.3872615292173652,0.002253267237494367,4.969341744647105,0.15071352645718958,0.15658018357959003,31.4637376580925,0.0,0.0,0.14428349885709782,0.12702068991460708,1.7549460471348624,3.826970380211793,12.110035229511677,39.54884293798023,1.3611822711032524,-1.415352728314336,0.49972732094852,5,31,5
1645,2025-09,ЖК Подболотье,0.24213883741974404,0.6509764115964547,1.0987611439157114,0.03762880629848327,7.87804358443413,0.413151775342189,0.33831583143017196,33.68089269100939,0.0,0.0,0.21214125331917152,0.21443637823151654,2.4921400106213487,2.306996004150385,13.15450960412884,43.7877140831571,4.892974279061661,-0.44000811842445137,0.7349122736943331,8,31,5
1646,2025-09,ЖК Романово-нов,0.0,1.435884862201341,0.0,0.0,0.0,0.0,0.0,12.92322562069103,0.0,0.0,0.0,0.18937564260949266,1.534969712668872,0.9945383171189622,18.3440166828568,53.79590102984038,-1.8799253493862897,-1.8263184261019993,0.35252101948667997,9,-1,-1
1647,2025-09,ЖК Семено-Макарово,0.0,1.3121454620058166,0.30484988452655887,0.020376831821353802,5.58107623284525,0.0,0.0,22.88287721018093,0.0,0.0,0.0,0.22918858576759746,2.610192937421284,2.2083114103535917,9.7309562433553,29.279724168864895,-0.19537277710586406,-0.19131807564524447,0.3476491661190382,1,30,3
1648,2025-09,ЖК Старая Чигла,0.0,2.7899556145235196,2.528905076885873,0.0,4.157083913015,0.0,0.0,21.704500396419704,0.0,0.0,0.1841744145806898,0.2201726389291521,2.498123448567502,4.406340726128411,11.010855725857283,31.900938338859053,0.0010563829698808421,0.08099086356677881,0.2572699201679113,1,20,17
1649,2025-09,ЖК Старое Резяпкино,0.0,1.1879220222204774,3.0577866228970043,0.019877211111786516,4.118585821031197,0.0,0.0,22.19478234372141,0.0,0.0,0.0,0.19767154896092043,2.909330078619057,5.746476400662085,10.050743945334299,30.859072107089805,-0.6523627876982567,0.573294665891427,0.7200789335635946,1,30,3
1650,2025-09,ЖК Сугоново,0.0,2.7502555366269164,5.325520431765613,0.0,5.548776206721928,0.0,0.0,33.69081881664622,0.0,0.0,0.0,0.2889465076660988,0.44514480408858603,2.620891466792078,10.924040989560165,35.44261120926095,-0.5423881284251535,0.6839883274181603,0.1714041022891267,1,28,24
1651,2025-09,ЖК Уланово,0.0,1.103865097421167,4.636059919588011,0.06003253568429891,4.298115440274038,0.33228383267231215,0.009092149454240134,19.600696056762033,0.0,0.0,0.0,0.19891574858227787,3.563122824980366,7.579451516549901,13.24169237439846,34.27940097309223,0.9654390907229872,1.162554181069334,0.2561759099767035,2,21,22
1652,2025-09,ЖК Шацк,0.0,0.8811025247285763,2.5950276391185017,0.01794091307899434,9.815943644088792,0.017543589743589744,0.0,22.862904639706088,0.0,0.0,0.0,0.23783238517550945,2.3830204273887188,10.036108119566512,11.046216096376861,29.759519416198383,0.23573902214212092,1.0863876338482887,0.3012175366060937,1,-1,-1
1653,2025-09,ЖК Щучье,0.0,32.91641533821629,3.742132758406236,0.009782222868780914,3.871308690961619,0.0,0.007664969450101833,21.050969237397673,0.0,0.0,0.0,0.19044841009828484,2.578466564649601,5.537034105952835,11.821434475197309,31.62289071762782,-1.450116510191469,1.8706059274119087,0.1989961552681933,3,17,19
1654,2025-09,МТФ Гилево,0.15966639394559215,2.281541823961852,1.873481772694782,0.0,9.622632417929294,0.0,0.0,34.637310763888884,0.0,0.0,0.26542319492738803,0.16824384469696968,2.1502086230876216,1.9390316796174536,13.618998590032707,34.405121345772436,1.87694627154295,0.22846076154950537,0.4043749740400141,5,13,18
1655,2025-09,МТФ Каширинское,0.0,0.4329545454545455,0.0,0.0,2.280816742081448,0.0,0.01240694789081886,34.04054116092808,0.0,0.0,0.09237319197896121,0.09200651309474839,4.180901726277784,0.0,21.313406480723206,62.58956266018667,0.025789532606533442,-0.5516626747954413,0.40519952474354276,1,-1,-1
1656,2025-09,МТФ Романово,0.0,2.5473285848172447,0.0,0.0,1.6377906430249947,0.0,0.0,31.960430155210645,0.0,0.0,0.3,0.22406144615702905,0.9559324506051515,12.567028528149457,16.543160863411988,46.970211625217004,0.5491596334530446,-2.5528262427392727,0.14995693893819753,5,-1,-1
1657,2025-09,МТФ Щучье,0.0,0.0,4.860391379737429,0.009959424566580598,2.1723797308479593,0.0,0.011803762449280709,25.77662060680733,0.0,0.0,0.0,0.18697905409912616,1.7327276143539196,6.659904094430099,16.00919647050494,44.87199378980091,-1.2035774124030405,0.17903322489820767,0.2216155388984641,1,10,20
1658,2025-09,РМ Кольцово,0.0,0.67184740374426,1.7237709251914028,0.05235302531826634,0.9034472528253608,0.0,0.00421971105707338,16.301016048767394,0.0,0.0,0.021909043403904926,0.1884660471902778,1.2084637906995817,4.910670862537549,9.08989801903487,25.387533685965796,-1.2608944596824718,-1.447467285650136,0.07108005398889344,9,22,12
1659,2025-09,РМ Пеньково,0.0,1.3744586197237725,1.7519832771385715,0.0,0.33973878913785427,0.0,0.0,11.995639932033699,0.0,0.0,0.0,0.16707886677111644,0.7916030287673896,6.547681793732999,10.061939491785086,32.6699256284534,-2.238505089490986,-1.6944796347334625,0.06753054930421067,9,27,24
1660,2025-09,РМ Поляна,0.0,0.6464622188699944,2.288743953418931,0.0,1.0166998627421078,0.0,0.0,12.943047609581553,0.0,0.0,0.0,0.1632896305125149,1.1493393797833218,0.0,15.609124112896868,45.38330770664783,-2.1017558721983294,-1.070991316593036,0.1433656938998717,9,7,26
1661,2025-09,РМ Торопово,0.0,0.8584776299879081,0.0,0.0,0.0,0.0,0.0,23.67299655341101,0.0,0.0,0.0,0.21109250200124524,0.773058725429156,0.0,20.68233607526653,64.54252386045637,-1.4912779134078755,-2.243296949853338,0.09103308430165363,9,-1,-1
1662,2025-09,ЭФ Родня,0.10520757705761996,0.0,0.0,0.0,0.0,0.0,0.0,34.915438029637016,0.0,0.0,0.23595533112250025,0.0,1.920863309352518,6.0,25.743646112109666,81.24119896349853,-0.12456780117759102,-2.8177907555127066,0.3563274015209196,4,0,29
1663,2025-10,ЖК Авангард,0.19882542812662168,1.2800647548566142,2.6269787680996326,0.03151106551370365,5.030353582746842,0.22650918992511915,0.3102947586922678,28.560050466827914,0.0,0.0,0.12094265422537871,0.2025920908168127,2.997392894157274,2.2448898902009526,12.526644956760778,40.96064918250232,2.845409194654087,0.25338635711477436,0.35348509605930356,8,31,5
1664,2025-10,ЖК Аристово,0.0,2.3305631345631346,4.929522528811328,0.0,5.842377205927947,0.0,0.0,31.715672782539038,0.0,0.0,0.0,0.3140865150865151,1.8364509954058195,4.211487060829326,11.028815086258616,36.673475820358604,-0.13546555031685859,1.3453425453870058,0.07269414746802969,1,28,24
1665,2025-10,ЖК Бобров,0.0,1.1942028088971068,2.5030109937154306,0.00220884403828663,4.5016433451715585,0.0,0.0,23.94311072785394,0.0,0.0,0.0,0.23294481193754327,2.8391064623636066,3.6896147568518187,9.293859793369007,29.413258393457056,-0.5177153701075763,0.5473269729622031,0.22221633566849305,1,30,3
1666,2025-10,ЖК Бобров 2,0.0,1.1180506766991454,2.6652942890654283,0.005706494293505706,4.18337255519477,0.0,0.0,21.532616474756423,0.0,0.0,0.0,0.1958644508908365,2.913732139690738,2.9627460410296655,9.469975054997384,29.64155074843788,-0.7757643075422589,0.5240947266845556,0.28093367132452335,1,30,3
1667,2025-10,ЖК Богданино,0.0,1.2422963794807296,3.864374110597928,0.0,6.65434633035811,0.2814192193675889,0.0,32.54879908946952,0.0,0.0,0.0,0.29160192307692306,4.881698628586947,2.787689190437695,13.86189982081263,37.902620796119386,1.8114076019409004,2.380421746823649,1.526618169790081,1,-1,-1
1668,2025-10,ЖК Бодеевка,0.0,0.8874054129299009,1.6491132656334349,0.004053177691309987,3.7437955491744437,0.0,0.0,17.643926028869824,0.0,0.0,0.00300772978974689,0.09660415625010348,2.1027027817834765,3.807771854392714,7.0011088736506855,20.2573564024161,-1.4881729895716922,-0.6179882939467941,0.11515335332516287,9,23,14
1669,2025-10,ЖК Болдасовка,0.0,2.6642449941524613,0.1509433962264151,0.03773584905660377,7.265924292043922,0.0,0.001098901098901099,28.838441177232568,0.0,0.0,0.0,0.26354102137009605,0.8459085303186022,4.1569056984809905,10.573553870936006,29.848635507702088,0.14990228989504725,-0.8574074743120939,0.2971648303047718,5,17,19
1670,2025-10,ЖК Борково,0.0,3.5384583784233747,3.703178278309164,0.0,1.2281770328619928,0.0,0.0,24.98725629347985,0.0,0.0,0.4874850439882698,0.32412052320149487,2.689264993149777,3.974966163929926,11.694619358196524,33.003882557009526,1.4907556678773808,-0.04997951002712184,0.5504681774035594,0,20,17
1671,2025-10,ЖК Бортниково,0.0936141797197032,1.6668753884860144,4.573431073107626,0.03965974370304905,5.951264751775531,0.3027115197745603,0.27086205848705847,25.766076823478635,0.0,0.0,0.09057803268337418,0.18619288182778151,2.5996155335270683,4.966808693829791,12.034353450706744,39.077900920212784,2.33640191177149,0.8696069883330962,0.6760707829123848,8,31,5
1672,2025-10,ЖК Бушовка,0.0,0.7918572510412722,2.177412401806934,0.04127431136143624,5.192960464893719,0.2493313012458737,0.006204347443456834,28.520175898375967,0.0,0.0,0.15932603972687773,0.31530656610470276,5.134981967300421,4.446694314710968,10.567457279616809,30.908770725523215,2.681852628638134,1.4021521164095585,0.5008956386192394,0,25,13
1673,2025-10,ЖК Верхний Икорец,0.0,1.4894262364141881,3.1343718846078366,0.0,5.846227350100411,0.0,0.0,23.7493698344888,0.0,0.0,0.0,0.16764264627595218,3.6441302853270976,4.069898380234223,10.707088316434882,35.840708391602476,-0.4947391425360485,1.2873194413861866,0.4010594665093828,1,28,24
1674,2025-10,ЖК Волчанское,0.0,0.5153133185573242,3.8018565751710947,0.0019154467095361882,4.110592866842604,0.0,0.01026132165822958,19.93443235511906,0.0,0.0,0.0,0.18011109074990328,2.849680411003209,5.571218366800536,10.604899900742122,27.4878244511831,-0.9946714188570587,0.7926935202928274,0.2408436360359712,1,17,19
1675,2025-10,ЖК Высокое,0.0,0.986489546380859,2.172167041302886,0.013970940443876737,4.474991939001954,0.0,0.0,22.292091944417226,0.0,0.0,0.04554442344045369,0.17595177745056795,3.349354968840905,1.5040227427903736,8.529259429197568,23.618601277511875,-0.37949407073292185,0.5205760422930185,0.05930072935040363,1,23,14
1676,2025-10,ЖК Гусево,0.0,1.6357226596090273,3.7743394032921813,0.08505706913893384,2.939362040982824,0.36471749718995883,0.0069969825512747625,17.37296145723506,0.0,0.0,0.0,0.18223238961914393,2.824313273882503,6.253341801277235,13.352391405690543,35.18273845905457,0.8380890534958904,0.17438154965556346,0.16059342021710601,2,21,22
1677,2025-10,ЖК Детчинское,0.0,3.1637015681035088,2.1985734301362885,0.027152408241233456,1.0607284116732447,0.0,0.0,13.032165708168398,0.0,0.0,0.06211541914945719,0.17788279503584367,1.2340537718479658,0.0,16.784952772923234,42.95278804203129,-1.550803120737696,-1.0424487345006195,0.23817811736701164,9,-1,-1
1678,2025-10,ЖК Добрино,0.0,0.9403794734345351,2.024550617909005,0.0035014369693011104,4.950324316486897,0.0,0.0,21.000054357914582,0.0,0.0,0.06727272727272726,0.17393298734752632,2.526126397988468,5.104959149520775,8.340674414475792,22.86972867142684,-0.5319288513624861,0.008936720778895799,0.13891918833526642,1,23,14
1679,2025-10,ЖК Дошино,0.0,1.2169496397606545,0.0,0.0,0.0,0.0,0.0,19.498522701184516,0.0,0.0,0.0,0.1760922456954451,1.3669556966662595,0.0,20.816006343705777,64.93084084706501,-1.6807979403979656,-1.9755684689010349,0.30768914791369695,9,-1,-1
1680,2025-10,ЖК Елбань,0.11479693034238489,4.9677866955389165,4.302584350323044,0.0,1.095415088638195,0.22322052939656853,0.0,27.324582363629542,0.0,0.0,0.5614982290436836,0.3443919716646989,3.412756470547253,0.9079601990049752,15.038872400477945,43.20545553933418,3.308687022257198,0.32901327119886875,0.28362694886386186,0,32,8
1681,2025-10,ЖК Залужное,0.0,0.7509923516313293,3.858998148171319,0.006463520515333987,4.605578939767602,0.0,0.008564066657330905,23.956772167748646,0.0,0.0,0.0,0.16674709174369615,2.9306411165263624,4.808681312127237,10.750511095721649,28.135288964444428,-0.7683302841304424,0.9054160862185474,0.4249073071395935,1,17,19
1682,2025-10,ЖК Зимитицы,0.16373633980073413,1.9608187457910742,1.7106922901459853,0.041760672417606726,5.893117988702363,0.37623797586675733,0.0,31.463392193394412,0.0,0.0,0.3758612130746373,0.17822229427625516,1.9314797400674508,6.48086706480867,12.689188755530472,38.068856698830515,3.6296859250199103,-1.2340039420842062,0.27535314874937866,0,33,10
1683,2025-10,ЖК Колыбелка,0.0,0.5414908579465542,3.8885273298612852,0.0007311340790032563,5.425952267129177,0.0,0.008680164236160273,21.57413583400468,0.0,0.0,0.0,0.18472881987033465,2.951290069361209,6.566870299873105,10.499733062172862,27.244663782172235,-0.7336999171123405,1.0881950455309881,0.09250279684030041,1,17,19
1684,2025-10,ЖК Коршево,0.0,0.904526404428152,1.9466072028548473,0.02400110774684292,3.255420474911585,0.0,0.0,19.393756602520405,0.0,0.0,0.03531003389830508,0.18851021258315218,2.0413747800533724,1.9451452174174355,8.542884491193714,22.846501156509305,-0.8544670369531182,-0.4323654644738452,0.10019851002265076,9,23,14
1685,2025-10,ЖК Курочкино,0.20917161159811193,1.4771092178197496,0.0,0.0,1.761958324779306,0.25377376938637897,0.0,31.071605931150962,0.0,0.0,0.41856466844590434,0.31345498412698414,2.3362962116402115,9.429518976613085,20.55115682851004,51.84083252905715,3.369611881177189,-2.0514546084343013,0.6697975760126497,5,19,21
1686,2025-10,ЖК Курская Васильевка,0.0,0.7709465011249246,2.7499433568485205,0.020418749410544185,4.212730072504333,0.0,0.0,17.926855559663395,0.0,0.0,0.07251161295674174,0.20252887037789516,2.3786655444527454,5.428304376086353,8.910952370347715,24.711476328775035,-0.571872029984109,0.11947842919264555,0.8471420481177125,1,23,14
1687,2025-10,ЖК Наратлы,0.0,1.0533351742341852,3.803101395442225,0.021735370423753245,5.072322073998758,0.0,0.0,28.079541483477524,0.0,0.0,0.06323391204422635,0.23529197328576762,2.7468272399668736,3.7434401167017937,8.960632272729656,24.772770148271917,0.07267430913873284,0.9387104565024594,0.08727161276254389,1,23,14
1688,2025-10,ЖК Нестерово,0.20567944222786444,0.9127359478007538,2.5504966574348202,0.06276841757515692,5.137332294664102,0.2932104969290899,0.32083246685205336,22.896342973997992,0.0,0.0,0.1707765748166898,0.19764945094043634,3.108878474875662,3.3307962514201286,12.798373126164197,42.823882693309656,3.423811994346554,0.11132590845432512,0.4089441731876954,8,31,5
1689,2025-10,ЖК Огнева Заимка,0.13796349491322563,2.518819955487321,2.8221463476202655,0.0,2.8162710285711774,0.22168465239203028,0.0,22.407476752194103,0.0,0.0,0.11419086085152018,0.20777758916970535,2.422684507937629,4.98191758760482,14.345899956911776,38.82660815067559,0.7695683985542462,-0.3201979993822387,0.5973253489032126,2,32,8
1690,2025-10,ЖК Озерки,0.0,1.1378088730181402,2.3685353840635894,0.0016476726623644103,4.558908234522934,0.0,0.0,24.99034859168286,0.0,0.0,0.0,0.207855374226224,2.5421201148884074,3.2254120423177826,9.15940778412584,29.01325296616284,-0.6248771521438626,0.2898391295909821,0.15526103888805684,1,30,3
1691,2025-10,ЖК Пеневичи,0.23728546840422915,1.2638564575155964,2.2042956551151565,0.03877450418434025,4.107921648488693,0.0,0.006984523673048263,24.998256155496016,0.0,0.0,0.36779272190804035,0.23300068322981365,2.241972339250493,5.788434390957099,11.710438748419147,33.887958107607936,2.0762013374459225,-0.7150746631112027,0.1658697276357781,0,15,23
1692,2025-10,ЖК Пеньково,0.0,3.5325003882696877,3.973542499402453,0.0,1.3913915550063318,0.0,0.0,22.709585146084187,0.0,0.0,0.0,0.25663002028397564,3.2344774862564125,2.4289036141659803,10.843735855830124,35.41996106949067,-0.9480318212313639,0.95423882328955,1.0130836917512298,1,-1,24
1693,2025-10,ЖК Песковатка,0.032145727297080096,0.8223143403637387,2.3107916276541123,0.04878577623590633,3.680338287583558,0.0,0.0,20.239148901385427,0.0,0.0,0.23480309339678762,0.2111116419645452,2.3245323137545597,2.434564668217101,10.986884470765705,29.876871898528012,0.5618920453303132,-0.37467733840123085,0.6116922747100478,0,14,15
1694,2025-10,ЖК Петровское,0.0,2.2567976654735826,2.8997958492201805,0.00456315118009781,4.74491093532724,0.0,0.009820603015075377,20.65099497431021,0.0,0.0,0.0,0.16219765419150187,2.1937559712954133,5.287306151792133,10.888677832848128,28.546673908018647,-1.044698188560065,0.24191451085142934,0.41773180167266855,1,17,19
1695,2025-10,ЖК Петропавловка,0.0,0.7418413892998345,1.8620058278948433,0.005854293148308759,4.464482286693152,0.0,0.0,27.410521562845556,0.0,0.0,0.0,0.14859403663330453,2.225302158165146,2.5844569910328796,9.23545666425252,29.001977725547306,-0.7565942303160043,-0.2537469441125397,0.14793089879188517,1,30,3
1696,2025-10,ЖК Плеханово,0.09531542612283764,1.3414746168582374,0.49201211792367516,0.005468981732682221,4.35851963157584,0.14208985111501202,0.1553092010679811,30.087669807415026,0.0,0.0,0.14541219901556474,0.13216033536900942,1.698624192799561,2.767555971351835,12.051147278312179,38.98686765692469,1.2158029515744353,-1.4527084564935058,0.1501019552652727,5,31,5
1697,2025-10,ЖК Подболотье,0.2493981196473815,1.7858108103812715,1.017512077294686,0.042270531400966184,6.168048509614429,0.4246701911648178,0.35008373641560403,28.616330293790234,0.0,0.0,0.22514478315337352,0.22898883887517543,2.5683549483982584,4.6603097888993,13.043428240712869,43.18561997032314,4.7262033402256,-0.7090515812019089,0.31653898796759045,8,31,5
1698,2025-10,ЖК Романово-нов,0.0,1.4051139345722257,0.0,0.0,0.0,0.0,0.0,16.095470145856837,0.0,0.0,0.0,0.17399916879415783,1.4067368243978706,0.0,20.82410475109365,64.90848312225175,-1.8327087551956018,-1.9303718881803547,0.11426517289821878,9,-1,-1
1699,2025-10,ЖК Семено-Макарово,0.0,1.8624656349360107,0.8843846268489884,0.020330064577852188,4.496828403759912,0.0,0.0,23.07409586963407,0.0,0.0,0.0,0.22277719140331192,2.5926042025459064,3.5572204386747983,9.91186128033305,30.220832518780067,-0.39734646631952814,-0.20266116539578843,0.20229195935495473,1,30,3
1700,2025-10,ЖК Старая Чигла,0.0,3.130385772285735,2.594652033675924,0.0,4.3049495408661675,0.0,0.0,22.983549314505282,0.0,0.0,0.15591765364170473,0.22581291615867954,2.563748297592272,3.38283266619281,10.945844662285447,31.8171367009425,-0.029292306750110193,0.25122577446086636,0.1729189632597831,1,20,17
1701,2025-10,ЖК Старое Резяпкино,0.0,1.4975869413893916,3.902847033854436,0.010491211005349823,4.0688043914216285,0.0,0.0,21.666082782680682,0.0,0.0,0.0,0.19017509463811516,3.752766473014436,6.892535419258522,9.988904570547952,30.972308919454143,-0.6567432100430428,1.3081334865409824,0.7348518765258398,1,30,3
1702,2025-10,ЖК Сугоново,0.0,3.008370436331256,5.110670875025183,0.0,6.232186241131066,0.0,0.0,32.757051167137725,0.0,0.0,0.0,0.3000612644701692,0.37791629563668744,3.1528170697195783,10.997478027175955,35.7783760229498,-0.456356414706659,0.719054612699621,0.09290371428948244,1,28,24
1703,2025-10,ЖК Уланово,0.0,1.2992358152755732,4.474995414122963,0.05249685393258427,3.6982697514295717,0.33480688408157944,0.010508988764044944,22.823915940234134,0.0,0.0,0.0,0.2010726730697847,3.4860748515444366,5.824576133245684,13.258320678795641,34.325422273682925,0.9776959598683136,0.9997480371836215,0.16326687149627447,2,21,22
1704,2025-10,ЖК Шацк,0.0,0.6383237035557888,2.599065374699713,0.022410137705304752,9.331839902113698,0.0,0.0,22.592706172127855,0.0,0.0,0.0,0.22881115457720022,2.207089807615996,9.543474391025352,10.145827742802283,31.1729488142351,0.056534100802453795,0.9012239560997095,0.2576819578273496,1,30,3
1705,2025-10,ЖК Щучье,0.0,33.58142908959013,3.768441801556901,0.004250462573591253,3.7837474752978784,0.0,0.0027555929352396967,21.2929948165759,0.0,0.0,0.0,0.19410957888493477,2.604017833278248,4.383181862603558,11.246728411652207,29.8468088859089,-1.5068436630897264,1.9466808567777565,0.09489660032878419,3,17,19
1706,2025-10,МТФ Гилево,0.1844249165739711,2.1892833805271184,1.8754266211604096,0.0,10.270526315789473,0.0,0.0,36.019724559259906,0.0,0.0,0.29795083426028923,0.1695217315412812,1.8320997273081419,2.2205128205128206,13.74702853476863,34.726616338491766,2.176484858930863,0.09710099264846814,0.32707606794151184,5,13,18
1707,2025-10,МТФ Каширинское,0.0,0.0,0.0,0.0,2.204846298409289,0.0,0.019504480759093307,34.85068521908946,0.0,0.0,0.08321865866789725,0.08409920128867708,4.472163204411543,0.0,23.31478010751727,72.01419352522345,0.07410321757413894,-0.43781542175294075,0.12367461008821568,1,-1,-1
1708,2025-10,МТФ Романово,0.0,2.191076299057224,0.0,0.0,1.6180225533217676,0.0,0.0,33.53558172742048,0.0,0.0,0.28352215002953335,0.21322078491558868,1.0149084630563474,11.051196644460893,16.458967388441785,46.76346687506016,0.5124596878928824,-2.5158155948739944,0.052121723489601715,5,-1,-1
1709,2025-10,МТФ Щучье,0.0,0.0,4.807747136607187,0.000390015600624025,2.2594009401114206,0.0,0.0070202808112324495,25.338133225569436,0.0,0.0,0.0,0.2164832574172104,1.6796770903747245,6.105694227769111,15.325614163355002,42.74775447042214,-1.1997058058126213,0.24850694459166778,0.0695815138211037,1,10,20
1710,2025-10,РМ Кольцово,0.0,0.6759122111871559,1.7878101222581804,0.04737376922807386,0.7406879186071776,0.0,0.002698062300711307,14.743825758984112,0.0,0.0,0.021420752513686893,0.18620810663285967,1.2454060976132935,4.496373383790602,8.878560159432531,25.029203495000573,-1.4035623800376285,-1.410938483938902,0.14727012206460605,9,22,12
1711,2025-10,РМ Пеньково,0.0,1.2403689132747036,2.102419860517859,0.0,0.3659970535714286,0.0,0.0,11.34669018810495,0.0,0.0,0.0,0.1820874873531014,0.9009391424754197,6.266527319310364,10.091408784280127,32.752483836167656,-2.205832383067389,-1.4577001260306908,0.23902309822811799,9,27,24
1712,2025-10,РМ Поляна,0.0,0.8305610478820122,2.3231970983176415,0.0,0.8702377075871052,0.0,0.0,12.411825358232889,0.0,0.0,0.0,0.17071272953625896,1.1914541410170192,0.0,15.667801406560187,45.51060309870054,-2.110612934529855,-1.0321262279535204,0.03986154372452149,9,7,26
1713,2025-10,РМ Торопово,0.0,0.9161747396263845,0.0,0.0,0.7533502968617473,0.0,0.0,21.89669939271255,0.0,0.0,0.0,0.20380723787490707,0.8905231554160126,0.0,18.1088351317032,53.123629335514885,-1.4776795318331444,-2.0537141627416347,0.1900698533447466,9,-1,-1
1714,2025-10,ЭФ Родня,0.12166596250330078,0.0,0.0,0.0,0.0,0.0,0.0,38.24928951521984,0.0,0.0,0.22208239095315024,0.0,2.6355225235779978,6.0,25.851438935184962,81.6937494369581,0.17341146964147214,-2.4499178115675124,0.4734154082037937,4,0,29
1715,2025-11,ЖК Авангард,0.20102047502047501,1.2729079266946346,2.748177229388671,0.02176278563656148,4.711837387755102,0.24228235294117648,0.3133063063063063,29.667650346091204,0.0,0.0,0.11728984668787966,0.20686490781945327,3.05147528419977,2.0888975720789076,12.54498208233455,40.57352814311938,2.856404139509289,0.282203483025055,0.030843403802075668,8,31,5
1716,2025-11,ЖК Аристово,0.0,2.375363881401617,4.7891909682752924,0.0,5.811598726114649,0.0,0.0,31.915881774234588,0.0,0.0,0.0,0.3086352201257862,0.8775082872928177,2.5211043797795214,10.873875680950212,35.76064771082724,-0.3678644073878637,0.8074982697401225,0.585905874363818,1,28,24
1717,2025-11,ЖК Бобров,0.0,1.2584145757997218,2.5646185416764613,0.005241482590789966,4.668249538915529,0.0,0.0,24.718285123333846,0.0,0.0,0.0,0.2176668826360607,2.9038991496859197,3.8273086463292776,9.538423150193042,29.984764637771875,-0.48755015035293925,0.5855617823545154,0.04870155163967566,1,30,3
1718,2025-11,ЖК Бобров 2,0.0,1.1280520936913048,2.703338354029935,0.0023210831721470018,4.308694726125025,0.0,0.0,21.388602657004828,0.0,0.0,0.0,0.1895528642829681,2.933882721202003,4.213044965434325,9.285397772792166,29.34027988968842,-0.811148294377671,0.5304300659184338,0.03594666949213701,1,30,3
1719,2025-11,ЖК Богданино,0.0,0.9414484842761356,4.021150403596607,0.0,8.606967993754878,0.31148549499154415,0.0,33.34128658685561,0.0,0.0,0.0,0.3012032418952618,5.153461138917745,1.6760167029774873,13.919102593287601,37.74440033958112,2.296565826256256,2.93206958843944,0.7346385803782634,1,-1,-1
1720,2025-11,ЖК Бодеевка,0.0,0.9266195033985296,1.712862050163577,0.010575296108291032,3.865923101790116,0.0,0.0,16.831633546094626,0.0,0.0,0.003578935686143943,0.0885160726674718,2.1507133542174266,3.6859628935071322,7.404829700840029,20.93678732995931,-1.4796573665300243,-0.5674461746370687,0.051254479415035546,9,23,14
1721,2025-11,ЖК Болдасовка,0.0,2.978587727708533,0.125,0.020833333333333332,7.894352978453739,0.0,0.0,31.066496919481622,0.0,0.0,0.0,0.2626244806647491,0.6078619367209971,3.087216845878136,10.074767274337766,30.60987353318757,0.12141936804299361,-0.8392015568802167,0.033804323196397874,5,-1,3
1722,2025-11,ЖК Борково,0.0,4.887803996378686,3.8502568259385668,0.0,1.4015151515151516,0.0,0.0,29.419296689084327,0.0,0.0,0.40445,0.30227428057553957,2.6649308449074076,0.0,17.952911874973402,50.27866815227493,1.194188269415875,0.20865868656915723,0.39350468684477075,0,-1,-1
1723,2025-11,ЖК Бортниково,0.08505401200266727,1.7694068513055345,5.316136952063574,0.03809931506849315,6.787238829756958,0.35878102981029814,0.25158068399065353,27.762981844390293,0.0,0.0,0.06185480892967045,0.18574174987935707,2.7192643807250905,2.0517596119804575,12.10778091356948,38.83989339103083,2.4822364701583797,1.4106136997776961,0.5603177493601285,8,31,5
1724,2025-11,ЖК Бушовка,0.0,0.766019985196151,3.0471334936861094,0.02507326603712146,6.0564188145448234,0.2527871177892193,0.005861282969716704,30.433015817354324,0.0,0.0,0.16001051248357426,0.32808176100628933,5.418785646099106,4.6845955056179776,10.417962224959735,29.759993265058334,2.810236258210455,2.0586104238834726,0.6688945102134408,0,25,13
1725,2025-11,ЖК Верхний Икорец,0.0,1.5003626400193408,3.3931855912870708,0.0,6.149307994856668,0.0,0.0,24.947258621813678,0.0,0.0,0.0,0.1689967105263158,3.8634850381380796,4.27633169473769,10.76987461801415,36.056694932789306,-0.3672528227481369,1.5442684498069328,0.2868371570446729,1,28,24
1726,2025-11,ЖК Волчанское,0.0,0.5827612509534706,3.9537042087542087,0.0,3.9320612449799195,0.0,0.009202453987730062,20.062426266276244,0.0,0.0,0.0,0.18367292521300094,2.9827879775720434,5.541333585803939,12.086054767246653,35.81007334526924,-0.9981916746675324,0.902405125512442,0.10976806694497152,1,-1,-1
1727,2025-11,ЖК Высокое,0.0,0.8890999762526716,2.2052396166134187,0.0,4.017969529927514,0.0,0.0,18.711863871734877,0.0,0.0,0.0358046875,0.14566101694915254,3.0474326440719444,1.2850295886927177,9.76916046800628,29.302462994749682,-0.9388143583440162,0.2740332378767004,0.6112467084106221,1,20,17
1728,2025-11,ЖК Гусево,0.0,0.8776247459923233,4.126319534338213,0.07677543186180422,3.422118162531132,0.47902654404848993,0.009596928982725527,17.649498713602153,0.0,0.0,0.0,0.1926834201971206,2.904553948804445,6.7158563889935925,13.544977555885604,34.994495130037535,1.3495272437781074,0.32514537468180116,0.533196730499814,2,21,22
1729,2025-11,ЖК Детчинское,0.0,3.1344621513944224,2.21028880866426,0.03294573643410853,1.039313795568263,0.0,0.0,12.422529526408107,0.0,0.0,0.06124083769633508,0.17618347742555235,1.2048331709218476,0.0,16.831612087781473,42.99471544109877,-1.5511385716636925,-1.065236474333441,0.02279020873120987,9,-1,-1
1730,2025-11,ЖК Добрино,0.0,1.0719029172266583,2.2298459691783474,0.0,5.132968611011707,0.0,0.0,22.0197365349115,0.0,0.0,0.0676413881748072,0.1826527117576313,2.790611721719657,5.286106985208705,10.282997704620424,30.899296327817915,-0.41324077918376756,0.27788712056147674,0.29397478806984595,1,20,17
1731,2025-11,ЖК Дошино,0.0,1.2912648497554158,0.0,0.0,0.0,0.0,0.0,19.902166317260658,0.0,0.0,0.0,0.18152424877707898,1.5355695317959468,0.0,20.871697992526357,65.09259859940565,-1.6047437018335076,-1.872264954275956,0.12828040901678398,9,-1,-1
1732,2025-11,ЖК Елбань,0.0,5.220095920983902,4.902419984387198,0.0,1.0881459981097348,0.16441165195167287,0.0,27.31136331259794,0.0,0.0,0.0,0.0,3.4179026801977623,0.0,21.425248779968225,64.40133864998951,-1.1903802950351134,0.648243915731021,4.510378579447212,4,-1,-1
1733,2025-11,ЖК Залужное,0.0,0.6528018486424032,3.5968104563579972,0.0011135857461024498,3.7318295749194625,0.0,0.013363028953229399,22.269360777187586,0.0,0.0,0.0,0.15271982694315978,2.8683253424657535,4.323780234712786,10.67944852563572,27.236678426779555,-1.0307003737795828,0.6134523888850625,0.3925313548025645,1,17,19
1734,2025-11,ЖК Зимитицы,0.17294346195069665,2.4454227744573767,1.865068493150685,0.04062015503875969,6.094127701135393,0.3830155312389693,0.0,28.378903830288746,0.0,0.0,0.3567277599142551,0.192773604590506,2.3527545062198527,5.891472868217054,12.68414227365197,38.20247479248292,3.609353671140034,-0.8101965123668907,0.4242948715591941,0,33,10
1735,2025-11,ЖК Колыбелка,0.0,0.5306971904266389,4.090954172503502,0.0010114942528735632,5.53934021688971,0.0,0.008080459770114942,24.39350465044179,0.0,0.0,0.0,0.18743,3.1747014416369557,5.602649006622516,10.476093339448441,27.39699178665655,-0.5524003655540046,1.313073607464967,0.28885964587104934,1,17,19
1736,2025-11,ЖК Коршево,0.0,0.8957696098015715,2.068344159332259,0.0,3.215436226730809,0.0,0.0,20.198414467588623,0.0,0.0,0.0,0.180855230206126,2.0095430855372043,1.870500577185434,10.084619441584335,33.71164550171886,-1.2228633902256252,-0.3508968039182556,0.3772969861491126,1,28,24
1737,2025-11,ЖК Курочкино,0.20816714697406338,1.365,0.0,0.0,1.84,0.2525561959654179,0.0,31.778587656891663,0.0,0.0,0.40145299999999995,0.27152077404667047,1.4892809713526844,9.499538946074665,20.526291075996195,51.72243832975139,2.972327948078355,-2.576249334133592,0.658212752550627,5,19,21
1738,2025-11,ЖК Курская Васильевка,0.0,0.902708424945033,3.2268752785236816,0.0197884680996247,4.64972674349998,0.0,0.0,19.347675548890685,0.0,0.0,0.07228191927512355,0.22666786182772192,2.7238712790317305,7.694332936308927,8.995748945678491,25.463331593678067,-0.31625586459934285,0.5595655651323286,0.508936451067916,1,23,14
1739,2025-11,ЖК Наратлы,0.0,1.033011244580925,3.923487605841207,0.022835394862036156,5.033438997989794,0.0,0.0,29.611164101365564,0.0,0.0,0.072323980875692,0.24074370041256743,2.9228741535195284,3.284428634653685,9.04396386714584,24.83368529820855,0.23576261165891768,1.0697075744061348,0.2091842233964712,1,23,14
1740,2025-11,ЖК Нестерово,0.20791851626634236,0.8631428191206217,2.21123727486296,0.06377551020408163,4.796746667181885,0.2734782608695652,0.32356096077835206,24.49540412868229,0.0,0.0,0.16791629464285715,0.19518218472799456,2.9965938060236645,2.346942979564931,12.87787563390335,43.18581984832994,3.370290824255931,-0.1089856288768092,0.22671940615897268,8,31,5
1741,2025-11,ЖК Огнева Заимка,0.13648074179743225,2.806046511627907,2.6912851298920377,0.0,2.7421580928481806,0.21816334243124083,0.0,18.35157788363086,0.0,0.0,0.08673555148555148,0.1603755987111382,2.512324182655972,3.8418151826733755,14.313339619389998,39.022655985910255,0.2768148763102717,-0.34479778848202003,0.4933671891275268,2,32,8
1742,2025-11,ЖК Озерки,0.0,1.2074451731121612,2.537468960624335,0.013781697905181918,4.733480470544986,0.0,0.0,27.315714373632385,0.0,0.0,0.0,0.20711059875141885,2.553934236581553,3.2980217975332766,9.817288896990789,30.385595978455825,-0.41612433829855533,0.3576784851571371,0.21949923793025963,1,30,3
1743,2025-11,ЖК Пеневичи,0.0,1.6611539606416403,2.2685282258064516,0.05072727272727273,3.9648284821345277,0.0,0.00561304347826087,25.736391360412636,0.0,0.0,0.0,0.2643846632446726,2.167287391353426,4.490355169050715,11.212484484925392,29.521187423404104,-0.11593303039273874,0.013185990192288246,2.3099386714390135,1,17,19
1744,2025-11,ЖК Пеньково,0.0,2.8844718340421838,4.667699331485407,0.0,1.2415062335958007,0.0,0.0,22.49738633237034,0.0,0.0,0.0,0.24941058394160584,3.620903309962498,0.0,16.59276432846263,49.26784145880653,-0.9674905675218038,1.4085923114227688,0.45476998030434973,1,7,26
1745,2025-11,ЖК Песковатка,0.028708133971291867,0.7091324952479696,2.0568724617749377,0.0,3.2620854192740927,0.0,0.0,19.72649553297855,0.0,0.0,0.0,0.21958191516383033,2.1595429092113982,1.6709409028395763,12.622438689669101,35.64747485168788,-0.962535668921243,-0.18575375042108708,1.5360898339854723,1,-1,-1
1746,2025-11,ЖК Петровское,0.0,1.8362060344827589,2.9190278932124416,0.004574841883345045,4.993812975075128,0.0,0.009246831220813875,20.807480235817145,0.0,0.0,0.0,0.16736016077771548,2.614643213403709,6.100110843819392,10.841039324987648,28.66121592262018,-0.8835911240103083,0.49108265926214784,0.29671577718460695,1,17,19
1747,2025-11,ЖК Петропавловка,0.0,0.7978110599078341,1.9729181671198646,0.004488778054862843,4.7604834601800725,0.0,0.0,29.423259351699734,0.0,0.0,0.0,0.14297310542672723,2.3556175597118663,2.7817625799277175,9.21141121509663,29.054563823102782,-0.6422192257475232,-0.11938361730300374,0.17645153799660182,1,30,3
1748,2025-11,ЖК Плеханово,0.1883679727427598,1.352094371561574,0.40404040404040403,0.0,2.3030738129337887,0.3283214285714286,0.27810198899703764,34.22005810301508,0.0,0.0,0.19989970376639865,0.2885704721634954,2.868216349541931,3.342475105485232,15.72224228300765,46.907229284120504,3.602254384436428,-1.13240419367562,2.407850755796207,8,-1,-1
1749,2025-11,ЖК Подболотье,0.24294725708644763,1.8555484009444088,0.9871441689623508,0.04591368227731864,5.797137011173185,0.4073026974640607,0.3412097024397123,27.01463608227481,0.0,0.0,0.20657070606242098,0.23208046940486168,2.614176187150838,6.03413582970991,12.969153792281,42.93379439976245,4.470239045593256,-0.7347537717964406,0.25725147760118117,8,31,5
1750,2025-11,ЖК Романово-нов,0.0,1.501142490005711,0.0,0.0,0.0,0.0,0.0,16.60240265486726,0.0,0.0,0.0,0.1920355246523388,1.527307206068268,0.0,20.893845749092254,65.10704049634366,-1.7146559902654028,-1.8206496535683634,0.16116893024374668,9,-1,-1
1751,2025-11,ЖК Семено-Макарово,0.0,1.916355734703936,1.3784333672431333,0.018991097922848664,2.7358456261820048,0.0,0.0,24.11534233492005,0.0,0.0,0.0,0.223316257057456,2.519681374343952,2.865061229272866,9.875407928829087,30.05449554191742,-0.6372807426791824,-0.349899287752748,0.281509363338831,1,30,3
1752,2025-11,ЖК Старая Чигла,0.0,2.649119851307469,2.2154642809749197,0.0,3.7436984960813384,0.0,0.0,21.230799209281223,0.0,0.0,0.22090715181932244,0.2203331300038124,2.212634192394329,2.2803799370849354,11.002967771295488,31.381852395608732,0.045685488826986136,-0.2629488746824345,0.519612586117039,1,20,17
1753,2025-11,ЖК Старое Резяпкино,0.0,1.4971861321475717,3.4638525564803806,0.010822510822510822,3.9037906650544136,0.0,0.0,19.67255069316081,0.0,0.0,0.0,0.1983929036929761,3.2008041331640573,6.370844581565754,9.929531626131965,30.731209510755633,-0.8263767475407714,0.8687598021869307,0.47098277202764766,1,30,3
1754,2025-11,ЖК Сугоново,0.0,2.9445876288659796,4.9951427044880505,0.0,6.6001270138628705,0.0,0.0,31.43262223117197,0.0,0.0,0.0,0.28989948453608244,0.36726804123711343,2.3825268009217515,10.941465515471025,35.517218263698034,-0.5042277649605562,0.7339803036580523,0.05014421627384263,1,28,24
1755,2025-11,ЖК Уланово,0.0,0.0,4.345390379604197,0.05251365187713311,3.9066627876739046,0.3356579432362698,0.011945392491467578,21.21390454716272,0.0,0.0,0.0,0.20269771557271557,3.285770736327046,5.262979703044543,18.437583698590966,46.14793201962044,0.9288372427526448,0.858271889540234,0.1496752303829946,2,-1,-1
1756,2025-11,ЖК Шацк,0.0,0.7029824561403509,2.848552613865829,0.018449556282111163,8.25745734345351,0.0,0.0,23.490749100177048,0.0,0.0,0.0,0.23715852898400167,2.2850565377932233,9.29140003233107,10.086977741182677,31.14673459491256,-0.040653217802318724,0.8766313117104777,0.10025055139818821,1,30,3
1757,2025-11,ЖК Щучье,0.0,34.56445993031359,4.161962957023733,0.036484299516908215,4.7872109826589595,0.0,0.036484299516908215,22.151695503259308,0.0,0.0,0.0,0.1765589988081049,2.9887035600182563,5.06280633310007,12.907322398290674,34.33002570055041,-1.0070158978385793,2.4113698628698232,0.6824688031688985,3,17,19
1758,2025-11,МТФ Каширинское,0.0,0.0,0.0,0.0,2.1448778396913846,0.0,0.02127659574468085,35.49585921325052,0.0,0.0,0.07626310772163966,0.07929704243463352,4.658697243230056,0.0,23.320617953396955,71.99063422713729,0.09281954513265236,-0.35524299845569834,0.08466703022107572,1,-1,-1
1759,2025-11,МТФ Романово,0.0,2.289602176541717,0.0,0.0,1.8943758573388203,0.0,0.0,37.55324632484761,0.0,0.0,0.2817368421052632,0.21825755743651754,1.044738814993954,11.655506607929516,16.505651648349225,47.0592253033205,0.7432743588669898,-2.4731449278219824,0.23472579356250797,5,-1,-1
1760,2025-11,МТФ Щучье,0.0,0.0,4.832997987927565,0.003676470588235294,1.962388216728038,0.0,0.014705882352941176,24.513807605251245,0.0,0.0,0.0,0.22675827664399092,1.844953146220009,5.735294117647059,15.8964075233962,44.39888049765146,-1.1502725615622178,0.33123572552331654,0.09637269754218143,1,10,20
1761,2025-11,РМ Кольцово,0.0,0.7817925292529253,1.9317734705384833,0.05518394648829431,0.71379299734748,0.0,0.0013377926421404682,14.337665888594163,0.0,0.0,0.023831652173913042,0.20350785762256549,1.2511935809018568,5.270903010033445,8.73960727373536,25.11834448485626,-1.2956027012754923,-1.3416462579775943,0.12828368881933735,9,22,12
1762,2025-11,РМ Пеньково,0.0,1.6094920068750116,1.6417116518199362,0.0,0.3293632615666514,0.0,0.0,11.93911644503426,0.0,0.0,0.0,0.16461771609159287,0.888706111737419,6.518679263019364,10.108875831617143,32.86356093050292,-2.2253685743275526,-1.6818585801269994,0.22500816721132724,9,27,24
1763,2025-11,РМ Поляна,0.0,0.9313131313131313,2.318840579710145,0.0,0.8691099476439791,0.0,0.0,14.34517549770291,0.0,0.0,0.0,0.1860986547085202,1.2370597243491577,0.0,15.739831624612421,45.836267079954425,-1.9569611528653328,-0.9796237133576791,0.16237420992130658,9,7,26
1764,2025-11,РМ Торопово,0.0,0.0,0.0,0.0,0.0,0.0,0.0,23.63871746713174,0.0,0.0,0.0,0.21071330829085053,0.9060906895626509,0.0,20.88167203243539,68.0956402612002,-1.450329853828878,-2.207395480668316,0.1560959716540395,9,-1,-1
1765,2025-11,ЭФ Родня,0.13034941634241246,0.0,0.0,0.0,0.0,0.0,0.0,35.50226748704663,0.0,0.0,0.2029109090909091,0.0,2.765089090909091,6.0,25.847357044972885,81.64587022627535,0.022329922582345466,-2.3407523596673605,0.18639401747465903,4,0,29
